time,charge
7.3909759521484375e-06,9.985258e-11
0.22922468185424805,9.966526e-11
0.32463717460632324,9.941226e-11
0.4190046787261963,9.907119e-11
0.5132575035095215,9.905011e-11
0.6075341701507568,9.902658e-11
0.7014648914337158,9.889766e-11
0.8031737804412842,9.923122e-11
0.9106571674346924,9.960207e-11
1.0049457550048828,9.972235e-11
1.0992846488952637,9.984506e-11
1.1937167644500732,9.967771e-11
1.2876319885253906,9.953009e-11
1.382295846939087,9.938865e-11
1.4764659404754639,9.935769e-11
1.5716698169708252,9.925225e-11
1.6659691333770752,9.897453e-11
1.763359546661377,9.866678e-11
1.8584182262420654,9.869546e-11
1.9533491134643555,9.884545e-11
2.0476465225219727,9.94644e-11
2.1424458026885986,9.947924e-11
2.237321376800537,9.928573e-11
2.3317325115203857,9.91618e-11
2.4265828132629395,9.895709e-11
2.521402597427368,9.867441e-11
2.6157004833221436,9.844368e-11
2.7103545665740967,9.807658e-11
2.804675340652466,9.808396e-11
2.899212598800659,9.807905e-11
2.993441343307495,9.807412e-11
3.0875802040100098,9.808396e-11
3.1829898357391357,9.804679e-11
3.276918888092041,9.79922e-11
3.3713908195495605,9.796622e-11
3.466125965118408,9.787808e-11
3.5610406398773193,9.774538e-11
3.655097723007202,9.758912e-11
3.749359130859375,9.742796e-11
3.8451638221740723,9.723322e-11
3.9398505687713623,9.749249e-11
4.034672260284424,9.830109e-11
4.129818439483643,9.907497e-11
4.225203037261963,9.908119e-11
4.320449352264404,9.915185e-11
4.415467739105225,9.653753e-11
4.509801626205444,9.647414e-11
4.6044228076934814,9.639355e-11
4.698344945907593,9.638601e-11
4.7936413288116455,9.628691e-11
4.888054132461548,9.611949e-11
4.982326030731201,9.579572e-11
5.076171398162842,9.55898e-11
5.170547246932983,9.537038e-11
5.264983177185059,9.509874e-11
5.358745813369751,9.475763e-11
5.452720642089844,9.4625e-11
5.546894550323486,9.445509e-11
5.640516519546509,9.418229e-11
5.742850303649902,9.381759e-11
5.836151361465454,9.36675e-11
5.929659605026245,9.347408e-11
6.023386716842651,9.321113e-11
6.117145299911499,9.297793e-11
6.210785627365112,9.278817e-11
6.305086851119995,9.249177e-11
6.398703575134277,9.227855e-11
6.492278575897217,9.221887e-11
6.586284399032593,9.225123e-11
6.680202960968018,9.254131e-11
6.7739479541778564,9.288124e-11
6.868155479431152,9.312429e-11
6.961978435516357,9.334504e-11
7.055936574935913,9.346042e-11
7.149975776672363,9.348652e-11
7.243901014328003,9.352371e-11
7.337629079818726,9.349266e-11
7.431641101837158,9.345172e-11
7.525776386260986,9.335872e-11
7.620022773742676,9.333392e-11
7.713726282119751,9.326076e-11
7.8084657192230225,9.318998e-11
7.903902053833008,9.311928e-11
7.997737646102905,9.306479e-11
8.09268593788147,9.298421e-11
8.186718702316284,9.289238e-11
8.281298160552979,9.283533e-11
8.375555992126465,9.275845e-11
8.46977972984314,9.264808e-11
8.564085483551025,9.256246e-11
8.658333539962769,9.24595e-11
8.752774238586426,9.237512e-11
8.846259593963623,9.235036e-11
8.939856767654419,9.220527e-11
9.034093618392944,9.20962e-11
9.129203796386719,9.202179e-11
9.222989797592163,9.191873e-11
9.31779956817627,9.179605e-11
9.412158489227295,9.169806e-11
9.506067991256714,9.169562e-11
9.599888563156128,9.172283e-11
9.693432569503784,9.168925e-11
9.787935018539429,9.16447e-11
9.881921529769897,9.162739e-11
9.976149797439575,9.164969e-11
10.070784568786621,9.165093e-11
10.167016983032227,9.165593e-11
10.260738611221313,9.164215e-11
10.355457782745361,9.159262e-11
10.44939661026001,9.150578e-11
10.543866395950317,9.14463e-11
10.638767719268799,9.140656e-11
10.732586860656738,9.136434e-11
10.826862096786499,9.13247e-11
10.921617984771729,9.125778e-11
11.015961408615112,9.118706e-11
11.110588788986206,9.115232e-11
11.204404830932617,9.112757e-11
11.298079013824463,9.108413e-11
11.391857624053955,9.10283e-11
11.486051797866821,9.093652e-11
11.580210447311401,9.086831e-11
11.674409627914429,9.08733e-11
11.768576383590698,9.081497e-11
11.862923860549927,9.068352e-11
11.957717657089233,9.051361e-11
12.053071975708008,9.026057e-11
12.146862745285034,8.983646e-11
12.240938901901245,8.97186e-11
12.336177587509155,8.975339e-11
12.430139780044556,8.968643e-11
12.524425029754639,8.956358e-11
12.61971402168274,8.942599e-11
12.714292049407959,8.937138e-11
12.808038711547852,8.930063e-11
12.902025699615479,8.913696e-11
12.996206045150757,8.907865e-11
13.091703176498413,8.894717e-11
13.18600869178772,8.883685e-11
13.281917810440063,8.902527e-11
13.376129150390625,8.892367e-11
13.471551656723022,8.882069e-11
13.565971851348877,8.872762e-11
13.660826921463013,8.848958e-11
13.755098581314087,8.840146e-11
13.849080562591553,8.828617e-11
13.943291902542114,8.804806e-11
14.03855299949646,8.784088e-11
14.13297176361084,8.778135e-11
14.228532552719116,8.773799e-11
14.323426723480225,8.74477e-11
14.417636156082153,8.755933e-11
14.5117769241333,8.783222e-11
14.606602191925049,8.756928e-11
14.700802087783813,8.723061e-11
14.796109199523926,8.716498e-11
14.890686750411987,8.707818e-11
14.985321760177612,8.706336e-11
15.080141544342041,8.706329e-11
15.174415349960327,8.709431e-11
15.269328355789185,8.752973e-11
15.363482236862183,8.762636e-11
15.460580825805664,8.727782e-11
15.555434703826904,8.709432e-11
15.649854183197021,8.703224e-11
15.743974685668945,8.699754e-11
15.83941125869751,8.695781e-11
15.93389630317688,8.692815e-11
16.028250217437744,8.689455e-11
16.123578548431396,8.678053e-11
16.21730399131775,8.679917e-11
16.312164306640625,8.665399e-11
16.405724048614502,8.643452e-11
16.49927306175232,8.605248e-11
16.593438625335693,8.558741e-11
16.68805432319641,8.563087e-11
16.781903743743896,8.558735e-11
16.87596607208252,8.553407e-11
16.970160484313965,8.557127e-11
17.064680099487305,8.564569e-11
17.1592276096344,8.59731e-11
17.253575086593628,8.601905e-11
17.348204374313354,8.606989e-11
17.442015886306763,8.60079e-11
17.536574602127075,8.590494e-11
17.63112735748291,8.594459e-11
17.72545838356018,8.575608e-11
17.81941270828247,8.560481e-11
17.922136306762695,8.547456e-11
18.016226768493652,8.543358e-11
18.11217951774597,8.536553e-11
18.206688165664673,8.544485e-11
18.300713539123535,8.547454e-11
18.394920349121094,8.534809e-11
18.488966703414917,8.53914e-11
18.58356547355652,8.519924e-11
18.67697048187256,8.50306e-11
18.77133584022522,8.47552e-11
18.865108489990234,8.490904e-11
18.959397077560425,8.478366e-11
19.053632974624634,8.476762e-11
19.147817611694336,8.476141e-11
19.242816925048828,8.475151e-11
19.33729314804077,8.470808e-11
19.43163752555847,8.4563e-11
19.52582097053528,8.439677e-11
19.620625257492065,8.450594e-11
19.716243505477905,8.427649e-11
19.810460805892944,8.415987e-11
19.905280590057373,8.405079e-11
19.99942374229431,8.393787e-11
20.094581842422485,8.394282e-11
20.188668251037598,8.430125e-11
20.282761335372925,8.426162e-11
20.376677751541138,8.402106e-11
20.470572233200073,8.361044e-11
20.57424545288086,8.364645e-11
20.6683509349823,8.355094e-11
20.76383924484253,8.341944e-11
20.858853578567505,8.330911e-11
20.953611373901367,8.34406e-11
21.04780912399292,8.333146e-11
21.142457485198975,8.296436e-11
21.237653017044067,8.267411e-11
21.33221435546875,8.215694e-11
21.426631450653076,8.758418e-11
21.52038073539734,1.004763e-10
21.61439847946167,1.100733e-10
21.707807064056396,1.188293e-10
21.80220937728882,1.276313e-10
21.895954847335815,1.325922e-10
21.990975618362427,1.35271e-10
22.08428692817688,1.368163e-10
22.17893385887146,1.379847e-10
22.272196054458618,1.379028e-10
22.367477893829346,1.383704e-10
22.461918115615845,1.390923e-10
22.556012868881226,1.395251e-10
22.650323629379272,1.400857e-10
22.744070768356323,1.403834e-10
22.83789348602295,1.404912e-10
22.931570053100586,1.407132e-10
23.02664041519165,1.410555e-10
23.120643615722656,1.410655e-10
23.215677738189697,1.408287e-10
23.30993342399597,1.407826e-10
23.40403413772583,1.407628e-10
23.497612953186035,1.409985e-10
23.59183168411255,1.413185e-10
23.685757160186768,1.414772e-10
23.77950692176819,1.417179e-10
23.873295307159424,1.418369e-10
23.967336416244507,1.417526e-10
24.062175035476685,1.417612e-10
24.155913591384888,1.417687e-10
24.250364780426025,1.417054e-10
24.343679904937744,1.416361e-10
24.437954664230347,1.416794e-10
24.532018661499023,1.418754e-10
24.626227855682373,1.420006e-10
24.719619750976562,1.418741e-10
24.813597440719604,1.419077e-10
24.907490015029907,1.421072e-10
25.000972270965576,1.421432e-10
25.09495735168457,1.420527e-10
25.19182538986206,1.419819e-10
25.2858145236969,1.419646e-10
25.37961196899414,1.417823e-10
25.473251342773438,1.416929e-10
25.566985845565796,1.416967e-10
25.662120819091797,1.418357e-10
25.755473613739014,1.416906e-10
25.858070135116577,1.410494e-10
25.951521396636963,1.410568e-10
26.045966386795044,1.410878e-10
26.140251398086548,1.410977e-10
26.234615087509155,1.409836e-10
26.329657316207886,1.409961e-10
26.423417329788208,1.409786e-10
26.517236948013306,1.410134e-10
26.610461235046387,1.409576e-10
26.70452356338501,1.410495e-10
26.7981173992157,1.412465e-10
26.89336585998535,1.41316e-10
26.986864805221558,1.412652e-10
27.081166744232178,1.41285e-10
27.174819469451904,1.413692e-10
27.26901149749756,1.411983e-10
27.36293387413025,1.412366e-10
27.45664644241333,1.412342e-10
27.55020046234131,1.411906e-10
27.64333987236023,1.410593e-10
27.736936807632446,1.410085e-10
27.831178188323975,1.409453e-10
27.92529582977295,1.408733e-10
28.019221782684326,1.408088e-10
28.11286497116089,1.406749e-10
28.207033157348633,1.405756e-10
28.300918340682983,1.405533e-10
28.395413637161255,1.404317e-10
28.488715410232544,1.403461e-10
28.582623958587646,1.40299e-10
28.6762113571167,1.402344e-10
28.7710919380188,1.40216e-10
28.864677667617798,1.401738e-10
28.959814310073853,1.401626e-10
29.053468942642212,1.40139e-10
29.147309064865112,1.400795e-10
29.24123477935791,1.400188e-10
29.336809396743774,1.398737e-10
29.431589603424072,1.39793e-10
29.525334358215332,1.397434e-10
29.620317459106445,1.396392e-10
29.713991403579712,1.395896e-10
29.808778285980225,1.396119e-10
29.902653217315674,1.396418e-10
29.99783968925476,1.39643e-10
30.092339038848877,1.396443e-10
30.18668007850647,1.396974e-10
30.28191614151001,1.396714e-10
30.375139474868774,1.395958e-10
30.469656229019165,1.39478e-10
30.563632249832153,1.394345e-10
30.65721368789673,1.393838e-10
30.751368284225464,1.392547e-10
30.84596562385559,1.391307e-10
30.94001030921936,1.390774e-10
31.033863306045532,1.390563e-10
31.12871789932251,1.390327e-10
31.222429275512695,1.390203e-10
31.316859245300293,1.389621e-10
31.4108145236969,1.389311e-10
31.504074811935425,1.389111e-10
31.597612380981445,1.38817e-10
31.691797733306885,1.387811e-10
31.78595519065857,1.388033e-10
31.880364179611206,1.387115e-10
31.97412610054016,1.386495e-10
32.06866908073425,1.386196e-10
32.1624174118042,1.38544e-10
32.25646448135376,1.384686e-10
32.35021090507507,1.384213e-10
32.443889141082764,1.383705e-10
32.53737211227417,1.383097e-10
32.63094472885132,1.38275e-10
32.72468042373657,1.382364e-10
32.81800889968872,1.382476e-10
32.91203689575195,1.382514e-10
33.00625443458557,1.382279e-10
33.10025906562805,1.38224e-10
33.19457817077637,1.382352e-10
33.288426876068115,1.381783e-10
33.38261842727661,1.381373e-10
33.476454973220825,1.381646e-10
33.570403814315796,1.381075e-10
33.664493560791016,1.380132e-10
33.7580988407135,1.380108e-10
33.851839780807495,1.380158e-10
33.94548535346985,1.379723e-10
34.03925108909607,1.379798e-10
34.13291668891907,1.379352e-10
34.22667908668518,1.378731e-10
34.32053542137146,1.378557e-10
34.41515398025513,1.378222e-10
34.50943946838379,1.377603e-10
34.6031596660614,1.378012e-10
34.69726300239563,1.37744e-10
34.79874634742737,1.3763e-10
34.8927903175354,1.375122e-10
34.98986053466797,1.374428e-10
35.08362007141113,1.373819e-10
35.17785096168518,1.372914e-10
35.27162480354309,1.372108e-10
35.3655366897583,1.371464e-10
35.45939564704895,1.370446e-10
35.55398154258728,1.369479e-10
35.64735245704651,1.369267e-10
35.7495481967926,1.3685e-10
35.843181133270264,1.368362e-10
35.93714618682861,1.36757e-10
36.031997203826904,1.36732e-10
36.13025665283203,1.367345e-10
36.224509954452515,1.367085e-10
36.31875205039978,1.367779e-10
36.41311049461365,1.368027e-10
36.50660514831543,1.368214e-10
36.60046935081482,1.368362e-10
36.69461464881897,1.367779e-10
36.789183616638184,1.367172e-10
36.88275980949402,1.366788e-10
36.97715997695923,1.366814e-10
37.07101583480835,1.365114e-10
37.16486692428589,1.364964e-10
37.2596321105957,1.364432e-10
37.35316872596741,1.364246e-10
37.447104930877686,1.363501e-10
37.541425943374634,1.362918e-10
37.63529443740845,1.361914e-10
37.72958469390869,1.361678e-10
37.82332420349121,1.361182e-10
37.917195320129395,1.360971e-10
38.01115274429321,1.360613e-10
38.10513234138489,1.360549e-10
38.200706005096436,1.36004e-10
38.29451608657837,1.359916e-10
38.38953757286072,1.359036e-10
38.48464846611023,1.359322e-10
38.57995009422302,1.359371e-10
38.67338538169861,1.35905e-10
38.76722955703735,1.359061e-10
38.8612003326416,1.358601e-10
38.96204900741577,1.358056e-10
39.056618213653564,1.357871e-10
39.15057611465454,1.357982e-10
39.245644330978394,1.357175e-10
39.3403115272522,1.357188e-10
39.43553137779236,1.357622e-10
39.52983069419861,1.358576e-10
39.62485909461975,1.358069e-10
39.72032022476196,1.357349e-10
39.81425857543945,1.356717e-10
39.90857934951782,1.356668e-10
40.00363731384277,1.355997e-10
40.09725594520569,1.355501e-10
40.19166421890259,1.354522e-10
40.286160469055176,1.354374e-10
40.379676818847656,1.355588e-10
40.47380805015564,1.354336e-10
40.567426681518555,1.353393e-10
40.662325620651245,1.354161e-10
40.75618076324463,1.353778e-10
40.85064768791199,1.353628e-10
40.94463610649109,1.353194e-10
41.03916668891907,1.35193e-10
41.13383936882019,1.351024e-10
41.22787928581238,1.350764e-10
41.32188868522644,1.350167e-10
41.41540050506592,1.349648e-10
41.5087194442749,1.34935e-10
41.60274839401245,1.34884e-10
41.696738958358765,1.347377e-10
41.7917046546936,1.346263e-10
41.88588070869446,1.346126e-10
41.98017597198486,1.346448e-10
42.07416391372681,1.345369e-10
42.168102741241455,1.345021e-10
42.26151418685913,1.344537e-10
42.3553991317749,1.34434e-10
42.44935989379883,1.343608e-10
42.54320311546326,1.342417e-10
42.63666605949402,1.341288e-10
42.73068046569824,1.34135e-10
42.824594497680664,1.340916e-10
42.91836857795715,1.340445e-10
43.01211738586426,1.339887e-10
43.105831146240234,1.339738e-10
43.19968390464783,1.339365e-10
43.29371905326843,1.338994e-10
43.38798642158508,1.338893e-10
43.48267865180969,1.338746e-10
43.57689070701599,1.338858e-10
43.67080521583557,1.339032e-10
43.7657585144043,1.338995e-10
43.859816551208496,1.338969e-10
43.953524351119995,1.338907e-10
44.047621726989746,1.339043e-10
44.14344072341919,1.338621e-10
44.24609613418579,1.338362e-10
44.339266538619995,1.338125e-10
44.433722496032715,1.337952e-10
44.52777075767517,1.337903e-10
44.62162208557129,1.337554e-10
44.71629762649536,1.337134e-10
44.81006693840027,1.336625e-10
44.904770374298096,1.336043e-10
44.99863886833191,1.335782e-10
45.09321093559265,1.3352e-10
45.187071561813354,1.334803e-10
45.28124499320984,1.33438e-10
45.37532424926758,1.334195e-10
45.470152139663696,1.333636e-10
45.56515169143677,1.333425e-10
45.658530712127686,1.333202e-10
45.753361225128174,1.333264e-10
45.84703230857849,1.333315e-10
45.941285133361816,1.333165e-10
46.0346941947937,1.333028e-10
46.128865242004395,1.332631e-10
46.222434282302856,1.332308e-10
46.31629705429077,1.331912e-10
46.40998411178589,1.331528e-10
46.5163094997406,1.330846e-10
46.609910011291504,1.330883e-10
46.70481991767883,1.33025e-10
46.7988498210907,1.329852e-10
46.89249634742737,1.329494e-10
46.98614168167114,1.329332e-10
47.0802640914917,1.328452e-10
47.17534804344177,1.327709e-10
47.26864266395569,1.326741e-10
47.36249589920044,1.325749e-10
47.46754837036133,1.324557e-10
47.561341524124146,1.323701e-10
47.65649104118347,1.323392e-10
47.750174045562744,1.322573e-10
47.84458541870117,1.322139e-10
47.93845295906067,1.321457e-10
48.03276872634888,1.32054e-10
48.126848459243774,1.319994e-10
48.220656633377075,1.319448e-10
48.31410360336304,1.319088e-10
48.40806531906128,1.318605e-10
48.50146508216858,1.318455e-10
48.596317529678345,1.318318e-10
48.68975472450256,1.318047e-10
48.78507733345032,1.317711e-10
48.8792610168457,1.317277e-10
48.97326421737671,1.316547e-10
49.06758999824524,1.315826e-10
49.161444902420044,1.315541e-10
49.2552604675293,1.314054e-10
49.34953713417053,1.313161e-10
49.44372820854187,1.312812e-10
49.537442207336426,1.312268e-10
49.63143301010132,1.312131e-10
49.725303173065186,1.311784e-10
49.8194477558136,1.311386e-10
49.91348481178284,1.31043e-10
50.00757622718811,1.306512e-10
50.10160160064697,1.306017e-10
50.19628286361694,1.305855e-10
50.2911376953125,1.306016e-10
50.384865283966064,1.305681e-10
50.4801824092865,1.30428e-10
50.57388496398926,1.303697e-10
50.668684005737305,1.302754e-10
50.762940645217896,1.302135e-10
50.856470346450806,1.301464e-10
50.94987416267395,1.300585e-10
51.04481077194214,1.29933e-10
51.14031004905701,1.298301e-10
51.23423719406128,1.296403e-10
51.32823657989502,1.295884e-10
51.422526121139526,1.295313e-10
51.5168879032135,1.295759e-10
51.6107451915741,1.295525e-10
51.70559215545654,1.295548e-10
51.79992318153381,1.295499e-10
51.893264055252075,1.295338e-10
51.9867787361145,1.295375e-10
52.081533670425415,1.29731e-10
52.175541400909424,1.30222e-10
52.27015542984009,1.304429e-10
52.36448621749878,1.304912e-10
52.45833420753479,1.301167e-10
52.552910804748535,1.30155e-10
52.646480083465576,1.303548e-10
52.74116563796997,1.285576e-10
52.83511185646057,1.25162e-10
52.92909002304077,1.224248e-10
53.0227746963501,1.18502e-10
53.11745834350586,1.126369e-10
53.2114040851593,1.059186e-10
53.305768728256226,1.014102e-10
53.399409770965576,9.841886e-11
53.49376463890076,9.604627e-11
53.58718967437744,9.16856e-11
53.68143630027771,8.830349e-11
53.77548599243164,7.331904e-11
53.88679575920105,6.927709e-11
53.98024940490723,6.803693e-11
54.07437252998352,6.179975e-11
54.16795039176941,6.088945e-11
54.26189112663269,6.087204e-11
54.356029987335205,6.142143e-11
54.45037841796875,6.161115e-11
54.544246196746826,6.209615e-11
54.63844394683838,6.26307e-11
54.732558488845825,6.2942e-11
54.826547145843506,6.276341e-11
54.92115640640259,6.313547e-11
55.015034198760986,6.342324e-11
55.10926842689514,6.386968e-11
55.20343470573425,6.422193e-11
55.29773998260498,6.451583e-11
55.39174437522888,6.529717e-11
55.495707988739014,6.573254e-11
55.59074258804321,6.572135e-11
55.68629002571106,6.562585e-11
55.78029775619507,6.560351e-11
55.87506461143494,6.555395e-11
55.969587087631226,6.608102e-11
56.06381940841675,6.701117e-11
56.15868401527405,6.709428e-11
56.25254964828491,6.708434e-11
56.34690070152283,6.748124e-11
56.44106078147888,6.763883e-11
56.53511381149292,6.776279e-11
56.62993025779724,6.785331e-11
56.72434043884277,6.802321e-11
56.81937766075134,6.813242e-11
56.91366386413574,6.813112e-11
57.00943875312805,6.795498e-11
57.10404562950134,6.771563e-11
57.19830369949341,6.833822e-11
57.293415546417236,6.837418e-11
57.3880090713501,6.828991e-11
57.482388496398926,6.821921e-11
57.57742762565613,6.806171e-11
57.67234992980957,6.792898e-11
57.76696515083313,6.784835e-11
57.8631911277771,6.771441e-11
57.95808482170105,6.756557e-11
58.05788707733154,6.74899e-11
58.152360916137695,6.741675e-11
58.246426582336426,6.736094e-11
58.34078502655029,6.728286e-11
58.43536305427551,6.720341e-11
58.52959060668945,6.712784e-11
58.62367248535156,6.707565e-11
58.718186378479004,6.70335e-11
58.81240630149841,6.700374e-11
58.908803939819336,6.696903e-11
59.00294256210327,6.692067e-11
59.096553325653076,6.685e-11
59.19140577316284,6.645807e-11
59.28602981567383,6.652878e-11
59.38058519363403,6.656096e-11
59.475260972976685,6.65536e-11
59.56930756568909,6.661428e-11
59.664353370666504,6.66416e-11
59.764374017715454,6.668749e-11
59.85893678665161,6.6757e-11
59.95440340042114,6.679039e-11
60.04943037033081,6.680035e-11
60.14366579055786,6.682516e-11
60.23823881149292,6.68326e-11
60.33358097076416,6.68115e-11
60.42786264419556,6.677179e-11
60.52218151092529,6.665402e-11
60.61577248573303,6.660068e-11
60.70981550216675,6.656223e-11
60.804407358169556,6.650517e-11
60.89882683753967,6.644191e-11
60.99262571334839,6.638118e-11
61.08665180206299,6.634396e-11
61.18157172203064,6.626705e-11
61.27540421485901,6.680285e-11
61.370261430740356,6.650765e-11
61.4643075466156,6.800965e-11
61.5587637424469,6.792279e-11
61.653648853302,6.718851e-11
61.74785828590393,6.676564e-11
61.8431134223938,6.903284e-11
61.93712306022644,7.105933e-11
62.03155183792114,7.392049e-11
62.12790489196777,7.661929e-11
62.221997022628784,7.909973e-11
62.31648373603821,8.11833e-11
62.41053819656372,8.215318e-11
62.5053026676178,8.358687e-11
62.599793672561646,8.432733e-11
62.69387602806091,8.510865e-11
62.78919816017151,8.713893e-11
62.88334941864014,8.927203e-11
62.978525161743164,8.996788e-11
63.07343935966492,9.284896e-11
63.16839003562927,9.50876e-11
63.26394462585449,9.618396e-11
63.359312772750854,9.792645e-11
63.453882932662964,9.971237e-11
63.54807949066162,1.011945e-10
63.64167857170105,1.021297e-10
63.73570489883423,1.03588e-10
63.829139947891235,1.045023e-10
63.92251777648926,1.064183e-10
64.01595044136047,1.075035e-10
64.10995268821716,1.082018e-10
64.20322465896606,1.094742e-10
64.29695177078247,1.10562e-10
64.39221978187561,1.121879e-10
64.48689198493958,1.132856e-10
64.58070611953735,1.140618e-10
64.67470788955688,1.1495e-10
64.76828813552856,1.151768e-10
64.86221647262573,1.156469e-10
64.96022033691406,1.167991e-10
65.0535101890564,1.180182e-10
65.14705300331116,1.189148e-10
65.24014472961426,1.196107e-10
65.33365678787231,1.202865e-10
65.4273796081543,1.214573e-10
65.52106499671936,1.225215e-10
65.61535668373108,1.232966e-10
65.70998024940491,1.239489e-10
65.80440258979797,1.247564e-10
65.89863181114197,1.255984e-10
65.99263048171997,1.263737e-10
66.08706760406494,1.270744e-10
66.18073463439941,1.273844e-10
66.2755994796753,1.279971e-10
66.3703019618988,1.286357e-10
66.46405601501465,1.292808e-10
66.55847334861755,1.296913e-10
66.6520893573761,1.297918e-10
66.7585232257843,1.301601e-10
66.85233664512634,1.302184e-10
66.9467556476593,1.306549e-10
67.04117679595947,1.307405e-10
67.13530445098877,1.313135e-10
67.22982025146484,1.316979e-10
67.32346034049988,1.322958e-10
67.41903614997864,1.32545e-10
67.51268744468689,1.332223e-10
67.60693550109863,1.336302e-10
67.7011296749115,1.324123e-10
67.79530692100525,1.336252e-10
67.89041233062744,1.355935e-10
68.00203061103821,1.35059e-10
68.09661269187927,1.364231e-10
68.19119477272034,1.371994e-10
68.28638505935669,1.374365e-10
68.3799409866333,1.384672e-10
68.47471570968628,1.40315e-10
68.57005548477173,1.410691e-10
68.66382169723511,1.431812e-10
68.75845503807068,1.469875e-10
68.8520781993866,1.468262e-10
68.94562816619873,1.499132e-10
69.0393807888031,1.524383e-10
69.13344407081604,1.534543e-10
69.22756552696228,1.558317e-10
69.32257294654846,1.57222e-10
69.4161524772644,1.60005e-10
69.51107406616211,1.604702e-10
69.60528349876404,1.609538e-10
69.69956707954407,1.643359e-10
69.79446744918823,1.676474e-10
69.8882384300232,1.701316e-10
69.98264956474304,1.740556e-10
70.07631731033325,1.739169e-10
70.17082619667053,1.747279e-10
70.26411557197571,1.684871e-10
70.3581645488739,1.73866e-10
70.45250821113586,1.761554e-10
70.5470507144928,1.780169e-10
70.64213347434998,1.803114e-10
70.73663425445557,1.814586e-10
70.8304934501648,1.824781e-10
70.92472887039185,1.804353e-10
71.01875972747803,1.819881e-10
71.11268973350525,1.848381e-10
71.20674777030945,1.875505e-10
71.30068159103394,1.894865e-10
71.39431762695312,1.906599e-10
71.48835396766663,1.903633e-10
71.58223581314087,1.912774e-10
71.6764771938324,1.942788e-10
71.77123355865479,1.968598e-10
71.86688303947449,1.988144e-10
71.96106696128845,1.99742e-10
72.0552430152893,2.006487e-10
72.14911317825317,2.021058e-10
72.2437047958374,2.0159e-10
72.33974289894104,2.024197e-10
72.43306064605713,2.028439e-10
72.52763867378235,2.037939e-10
72.62220883369446,2.042108e-10
72.71711277961731,2.059767e-10
72.81065630912781,2.077478e-10
72.90453338623047,2.088712e-10
72.99799299240112,2.08451e-10
73.09231734275818,2.091543e-10
73.18727898597717,2.107986e-10
73.28160691261292,2.114993e-10
73.37673854827881,2.122958e-10
73.47033643722534,2.137728e-10
73.56426215171814,2.147413e-10
73.65829730033875,2.154732e-10
73.7535650730133,2.165063e-10
73.84823250770569,2.172255e-10
73.94219946861267,2.183677e-10
74.03656244277954,2.201004e-10
74.13078379631042,2.222485e-10
74.22466325759888,2.225921e-10
74.31851148605347,2.223873e-10
74.41261339187622,2.232928e-10
74.50653839111328,2.240829e-10
74.60046744346619,2.239043e-10
74.69424986839294,2.241718e-10
74.78882646560669,2.237504e-10
74.88267111778259,2.248528e-10
74.97667908668518,2.252684e-10
75.0707905292511,2.25906e-10
75.16483235359192,2.271636e-10
75.2585711479187,2.275257e-10
75.35263299942017,2.284831e-10
75.44629096984863,2.291416e-10
75.53996658325195,2.292573e-10
75.63361716270447,2.29758e-10
75.72916293144226,2.305543e-10
75.82424473762512,2.310839e-10
75.92131280899048,2.31513e-10
76.01542139053345,2.319558e-10
76.11012744903564,2.328139e-10
76.22357106208801,2.341386e-10
76.31747698783875,2.340035e-10
76.41185164451599,2.349806e-10
76.50605773925781,2.386692e-10
76.60008502006531,2.396676e-10
76.69374465942383,2.406114e-10
76.78959608078003,2.410567e-10
76.88429069519043,2.413938e-10
76.9786388874054,2.418577e-10
77.07390451431274,2.424058e-10
77.16894698143005,2.429764e-10
77.26323699951172,2.436958e-10
77.35775923728943,2.440084e-10
77.45185804367065,2.438311e-10
77.54658913612366,2.433313e-10
77.64067006111145,2.436921e-10
77.73488807678223,2.431454e-10
77.82840704917908,2.429355e-10
77.9256637096405,2.429789e-10
78.02041888237,2.42737e-10
78.11486196517944,2.426504e-10
78.20914769172668,2.424222e-10
78.30299425125122,2.378506e-10
78.39707255363464,2.378815e-10
78.49198007583618,2.379981e-10
78.58729290962219,2.382164e-10
78.68145489692688,2.382337e-10
78.7762713432312,2.381061e-10
78.87006711959839,2.388056e-10
78.96437168121338,2.38498e-10
79.0584511756897,2.390733e-10
79.15278267860413,2.39211e-10
79.24665713310242,2.390463e-10
79.34099817276001,2.392309e-10
79.43669128417969,2.394752e-10
79.53193378448486,2.389781e-10
79.62527656555176,2.397693e-10
79.71901106834412,2.392979e-10
79.81324982643127,2.398002e-10
79.90671944618225,2.394134e-10
80.00148892402649,2.389694e-10
80.09476399421692,2.383553e-10
80.18970918655396,2.386481e-10
80.28409576416016,2.384163e-10
80.3786039352417,2.38508e-10
80.47280550003052,2.382151e-10
80.56768226623535,2.382165e-10
80.663165807724,2.379943e-10
80.75733637809753,2.373891e-10
80.85254955291748,2.373048e-10
80.94656419754028,2.375888e-10
81.0405387878418,2.375912e-10
81.13531804084778,2.375912e-10
81.2306478023529,2.375976e-10
81.32427167892456,2.374314e-10
81.41882348060608,2.371659e-10
81.51258492469788,2.369142e-10
81.60710072517395,2.367431e-10
81.70089054107666,2.366576e-10
81.79642152786255,2.366081e-10
81.89047694206238,2.365756e-10
81.98480558395386,2.364505e-10
82.07963418960571,2.362432e-10
82.17412900924683,2.360611e-10
82.26852321624756,2.360982e-10
82.36374378204346,2.360176e-10
82.45784163475037,2.35938e-10
82.55212473869324,2.357796e-10
82.64581942558289,2.356342e-10
82.74014854431152,2.354185e-10
82.83469986915588,2.353426e-10
82.92910599708557,2.35126e-10
83.02267479896545,2.348839e-10
83.11688351631165,2.347065e-10
83.21251559257507,2.345851e-10
83.30599880218506,2.345542e-10
83.40034008026123,2.344412e-10
83.49425053596497,2.343606e-10
83.58847904205322,2.337379e-10
83.68216180801392,2.342116e-10
83.77743864059448,2.339377e-10
83.87251901626587,2.333856e-10
83.96671938896179,2.331327e-10
84.0604898929596,2.332939e-10
84.15459394454956,2.296191e-10
84.24936270713806,2.316038e-10
84.34350419044495,2.330161e-10
84.43723177909851,2.301598e-10
84.53158497810364,2.307899e-10
84.62981462478638,2.317784e-10
84.73421478271484,2.309288e-10
84.82757520675659,2.287102e-10
84.92168498039246,2.309448e-10
85.01581835746765,2.324381e-10
85.10967421531677,2.30191e-10
85.20365118980408,2.324174e-10
85.29799604415894,2.333151e-10
85.39177751541138,2.376633e-10
85.4860372543335,2.37796e-10
85.57947039604187,2.41327e-10
85.67414569854736,2.443815e-10
85.76929783821106,2.419918e-10
85.86364150047302,2.467356e-10
85.95800590515137,2.472701e-10
86.05195951461792,2.460005e-10
86.1465892791748,2.485564e-10
86.24139857292175,2.504341e-10
86.33597779273987,2.523612e-10
86.43107056617737,2.545379e-10
86.52468633651733,2.556119e-10
86.61903524398804,2.561852e-10
86.71288061141968,2.558188e-10
86.8077962398529,2.561937e-10
86.90184354782104,2.555425e-10
86.9964189529419,2.556046e-10
87.09122705459595,2.554521e-10
87.18482971191406,2.554968e-10
87.28011322021484,2.540518e-10
87.37466359138489,2.558672e-10
87.49199438095093,2.559643e-10
87.58614206314087,2.560832e-10
87.68168115615845,2.531775e-10
87.77608227729797,2.514795e-10
87.8693778514862,2.499987e-10
87.96473860740662,2.513914e-10
88.05845379829407,2.523439e-10
88.15253376960754,2.537565e-10
88.24798107147217,2.55349e-10
88.34714317321777,2.571523e-10
88.4414165019989,2.574922e-10
88.53610825538635,2.583962e-10
88.65165781974792,2.607142e-10
88.74539971351624,2.623765e-10
88.84544062614441,2.639849e-10
88.94011330604553,2.629592e-10
89.03421235084534,2.651257e-10
89.12869930267334,2.666858e-10
89.222811460495,2.679857e-10
89.3176498413086,2.701884e-10
89.41197776794434,2.725041e-10
89.50620913505554,2.754729e-10
89.60069751739502,2.756526e-10
89.69560074806213,2.772453e-10
89.79079103469849,2.770395e-10
89.88565516471863,2.768011e-10
89.97919082641602,2.771658e-10
90.07418251037598,2.774526e-10
90.1680359840393,2.773284e-10
90.26305627822876,2.776447e-10
90.3567636013031,2.774562e-10
90.45053482055664,2.776844e-10
90.54421877861023,2.780401e-10
90.63818216323853,2.782003e-10
90.73199653625488,2.79072e-10
90.82692074775696,2.780329e-10
90.92148303985596,2.800084e-10
91.01526069641113,2.805556e-10
91.11042070388794,2.806138e-10
91.20510649681091,2.813456e-10
91.29963493347168,2.822883e-10
91.39489078521729,2.83728e-10
91.4888653755188,2.846458e-10
91.58318185806274,2.845727e-10
91.67722868919373,2.848441e-10
91.77254486083984,2.854581e-10
91.8675148487091,2.852833e-10
91.96152806282043,2.858539e-10
92.0558032989502,2.819333e-10
92.15031599998474,2.860447e-10
92.24498724937439,2.858626e-10
92.34020328521729,2.858609e-10
92.43450045585632,2.866722e-10
92.52888298034668,2.871276e-10
92.6239070892334,2.868608e-10
92.71787810325623,2.876805e-10
92.8124213218689,2.879621e-10
92.90621829032898,2.889109e-10
93.00047421455383,2.900306e-10
93.09432601928711,2.898759e-10
93.18804144859314,2.913219e-10
93.2817451953888,2.922806e-10
93.37591314315796,2.92928e-10
93.47003698348999,2.930387e-10
93.56431913375854,2.926241e-10
93.65849924087524,2.931488e-10
93.7529468536377,2.930013e-10
93.84777855873108,2.930733e-10
93.94558882713318,2.87879e-10
94.03904676437378,2.91776e-10
94.13349390029907,2.878109e-10
94.22959685325623,2.861886e-10
94.32364559173584,2.905775e-10
94.41846251487732,2.913789e-10
94.51249122619629,2.924628e-10
94.60788774490356,2.939005e-10
94.7023184299469,2.95198e-10
94.7969696521759,2.959156e-10
94.89179873466492,2.962074e-10
94.98658514022827,2.970715e-10
95.0810911655426,2.97306e-10
95.17494297027588,2.977105e-10
95.26879715919495,2.974548e-10
95.36343383789062,2.976582e-10
95.45723581314087,2.983329e-10
95.55083918571472,2.980835e-10
95.64490795135498,2.986392e-10
95.73867893218994,2.989656e-10
95.83272457122803,2.996664e-10
95.92701601982117,3.001115e-10
96.02067637443542,3.002517e-10
96.11498212814331,3.010727e-10
96.20869493484497,3.009215e-10
96.3034155368805,2.999094e-10
96.39734935760498,3.014756e-10
96.4909918308258,3.008569e-10
96.58478736877441,3.010007e-10
96.6783812046051,3.008145e-10
96.77225995063782,3.010344e-10
96.86730217933655,3.009724e-10
96.96088218688965,3.009823e-10
97.05623531341553,3.015229e-10
97.15066981315613,3.012921e-10
97.25752806663513,3.016828e-10
97.35185074806213,3.015054e-10
97.4455463886261,3.020648e-10
97.54013419151306,3.021565e-10
97.63345170021057,3.020326e-10
97.72815227508545,3.023547e-10
97.82181000709534,3.023289e-10
97.91668605804443,3.026727e-10
98.01107430458069,3.031886e-10
98.10576748847961,3.027655e-10
98.19939851760864,3.030694e-10
98.293217420578,3.027233e-10
98.38759922981262,3.029541e-10
98.48245239257812,3.031572e-10
98.57704591751099,3.026873e-10
98.67218065261841,3.030753e-10
98.76605129241943,3.029899e-10
98.86073994636536,3.027619e-10
98.95459771156311,3.030868e-10
99.04918098449707,3.026577e-10
99.14274477958679,3.030643e-10
99.23755884170532,3.029071e-10
99.3313558101654,3.026292e-10
99.42657971382141,3.027358e-10
99.52164483070374,3.020995e-10
99.61513495445251,3.022831e-10
99.7094976902008,3.022001e-10
99.80334067344666,3.018305e-10
99.89840745925903,3.020189e-10
99.9931275844574,3.01777e-10
100.10893154144287,3.019383e-10
100.20246076583862,3.0171e-10
100.29740881919861,3.019013e-10
100.39113521575928,3.014362e-10
100.48546075820923,3.016516e-10
100.57904291152954,3.015491e-10
100.67333197593689,3.014025e-10
100.76670980453491,3.017423e-10
100.86022758483887,3.013493e-10
100.95438408851624,3.017401e-10
101.04829025268555,3.012749e-10
101.14220714569092,3.014497e-10
101.23833775520325,3.014088e-10
101.3329291343689,3.009819e-10
101.42680811882019,3.011075e-10
101.52131366729736,3.010441e-10
101.6151967048645,3.007402e-10
101.70840430259705,3.008977e-10
101.80243444442749,3.004697e-10
101.89656829833984,3.007427e-10
101.99049878120422,3.004252e-10
102.08428239822388,3.005604e-10
102.1780652999878,3.00609e-10
102.27305579185486,3.003843e-10
102.36648392677307,3.006322e-10
102.46019172668457,3.000669e-10
102.55380272865295,3.002689e-10
102.64831113815308,2.999925e-10
102.74218964576721,2.999575e-10
102.83674955368042,3.000171e-10
102.93057107925415,2.995596e-10
103.024729013443,2.997764e-10
103.11873269081116,2.994453e-10
103.21378588676453,2.996623e-10
103.307697057724,2.997741e-10
103.40248346328735,2.991973e-10
103.49767971038818,2.993624e-10
103.59242653846741,2.993437e-10
103.68715953826904,2.988872e-10
103.7824227809906,2.988813e-10
103.87664866447449,2.985166e-10
103.97191905975342,2.982636e-10
104.06664633750916,2.984422e-10
104.16051840782166,2.98003e-10
104.25578689575195,2.98086e-10
104.35043835639954,2.983514e-10
104.44487690925598,2.979115e-10
104.54027509689331,2.981581e-10
104.63427066802979,2.981693e-10
104.7281506061554,2.979187e-10
104.82253861427307,2.982014e-10
104.91689682006836,2.978519e-10
105.0117506980896,2.980256e-10
105.10555529594421,2.980911e-10
105.19957137107849,2.977526e-10
105.29322147369385,2.979262e-10
105.38720345497131,2.973889e-10
105.481130361557,2.975453e-10
105.57543134689331,2.974039e-10
105.66929841041565,2.99495e-10
105.76345229148865,2.996699e-10
105.86650776863098,2.994727e-10
105.96033501625061,2.991216e-10
106.05653119087219,2.988002e-10
106.1502137184143,2.989232e-10
106.24502372741699,2.984597e-10
106.3397753238678,2.983369e-10
106.43418025970459,2.984817e-10
106.52874159812927,2.979037e-10
106.62322998046875,2.981025e-10
106.7176525592804,2.977825e-10
106.81249833106995,2.973868e-10
106.90663456916809,2.974921e-10
107.00004720687866,2.969586e-10
107.09505534172058,2.970755e-10
107.18918538093567,2.96914e-10
107.2837119102478,2.964294e-10
107.37836909294128,2.965385e-10
107.47272276878357,2.960807e-10
107.5665397644043,2.96103e-10
107.66126465797424,2.960622e-10
107.75501465797424,2.955312e-10
107.84956192970276,2.955312e-10
107.9450888633728,2.955474e-10
108.03869247436523,2.952286e-10
108.1335711479187,2.952558e-10
108.22816777229309,2.946371e-10
108.32315158843994,2.947338e-10
108.41827726364136,2.945948e-10
108.51202392578125,2.940789e-10
108.60736656188965,2.94156e-10
108.70092749595642,2.938645e-10
108.79593443870544,2.935396e-10
108.89111971855164,2.936894e-10
108.98549938201904,2.934339e-10
109.07948708534241,2.934329e-10
109.17496013641357,2.936139e-10
109.2696304321289,2.934863e-10
109.36397910118103,2.938545e-10
109.45826077461243,2.936363e-10
109.55277943611145,2.928833e-10
109.64775538444519,2.927645e-10
109.7417643070221,2.922895e-10
109.83693504333496,2.921936e-10
109.93096852302551,2.922868e-10
110.02530550956726,2.921578e-10
110.12031364440918,2.922806e-10
110.21429014205933,2.917722e-10
110.30875587463379,2.908855e-10
110.40251159667969,2.907675e-10
110.4972972869873,2.900321e-10
110.59058165550232,2.900644e-10
110.69012427330017,2.896562e-10
110.78440499305725,2.888648e-10
110.87874436378479,2.882746e-10
110.9729597568512,2.883219e-10
111.0678026676178,2.877264e-10
111.16160011291504,2.877226e-10
111.25588178634644,2.872937e-10
111.34947872161865,2.868646e-10
111.4449450969696,2.867358e-10
111.53898859024048,2.858537e-10
111.63277220726013,2.860932e-10
111.72702503204346,2.856008e-10
111.82140684127808,2.850724e-10
111.91616892814636,2.850625e-10
112.021075963974,2.845094e-10
112.1154534816742,2.845528e-10
112.20964765548706,2.839684e-10
112.3036413192749,2.840778e-10
112.39731645584106,2.837948e-10
112.49219346046448,2.838505e-10
112.58684396743774,2.840331e-10
112.68127083778381,2.835346e-10
112.77599573135376,2.836955e-10
112.87014245986938,2.837216e-10
112.96499752998352,2.831426e-10
113.05950450897217,2.834019e-10
113.15382027626038,2.830297e-10
113.24899864196777,2.824679e-10
113.3428840637207,2.824279e-10
113.43763208389282,2.819311e-10
113.53417706489563,2.816801e-10
113.62818431854248,2.814982e-10
113.72352385520935,2.80589e-10
113.81877875328064,2.767529e-10
113.91445207595825,2.80289e-10
114.00887107849121,2.79067e-10
114.10290265083313,2.78514e-10
114.19695544242859,2.787373e-10
114.29106521606445,2.784606e-10
114.38457560539246,2.788539e-10
114.47892093658447,2.785935e-10
114.57348895072937,2.788848e-10
114.67529249191284,2.786232e-10
114.77399063110352,2.786034e-10
114.86800837516785,2.789456e-10
114.96310424804688,2.784819e-10
115.05685758590698,2.78638e-10
115.15214085578918,2.783155e-10
115.24549603462219,2.780962e-10
115.34010052680969,2.782993e-10
115.43593263626099,2.777638e-10
115.52988362312317,2.779375e-10
115.62452340126038,2.778419e-10
115.71840739250183,2.773818e-10
115.81263446807861,2.775666e-10
115.90674328804016,2.769726e-10
116.00043153762817,2.771833e-10
116.09401226043701,2.768076e-10
116.18853449821472,2.755734e-10
116.2820336818695,2.767929e-10
116.37620425224304,2.756394e-10
116.46970319747925,2.75473e-10
116.56441307067871,2.754024e-10
116.6579225063324,2.752448e-10
116.75206804275513,2.754818e-10
116.84531354904175,2.752262e-10
116.93916773796082,2.755496e-10
117.03259754180908,2.749235e-10
117.12609004974365,2.752236e-10
117.21968722343445,2.747995e-10
117.31356000900269,2.747092e-10
117.40844082832336,2.747549e-10
117.50278973579407,2.681211e-10
117.59664368629456,2.732259e-10
117.69197511672974,2.718208e-10
117.78581237792969,2.705617e-10
117.87971687316895,2.7175e-10
117.97335076332092,2.714808e-10
118.06752848625183,2.703435e-10
118.1611270904541,2.687349e-10
118.25504207611084,2.673197e-10
118.3492124080658,2.673284e-10
118.44351768493652,2.655946e-10
118.53892731666565,2.499368e-10
118.63449454307556,2.419943e-10
118.72900438308716,1.597631e-10
118.82297396659851,2.017633e-11
118.91824984550476,8.333012e-11
119.01250648498535,9.769823e-11
119.10620975494385,8.538274e-11
119.20232653617859,6.887775e-11
119.29730486869812,1.706582e-11
119.3919324874878,5.264559e-11
119.4862732887268,3.654865e-11
119.58094930648804,1.035866e-11
119.67509698867798,-1.428971e-11
119.76873230934143,-3.087284e-11
119.86307883262634,-1.367828e-11
119.95824575424194,-2.906956e-11
120.05231523513794,-3.247399e-11
120.14686465263367,-3.356291e-11
120.24041986465454,-2.933619e-11
120.33565306663513,-2.999726e-11
120.43610978126526,-2.676767e-11
120.53037238121033,-2.457991e-11
120.62487292289734,-3.601856e-11
120.71939826011658,-3.659904e-11
120.8131411075592,-6.101671e-11
120.90652441978455,-1.17637e-10
121.00129675865173,-1.068978e-10
121.10096573829651,-9.596775e-11
121.19630122184753,-9.786398e-11
121.29091930389404,-1.036509e-10
121.3845705986023,-1.222371e-10
121.47948169708252,-1.184022e-10
121.57298231124878,-1.147906e-10
121.66627788543701,-1.112238e-10
121.76061272621155,-1.14839e-10
121.8574366569519,-1.15954e-10
121.9507703781128,-1.234078e-10
122.04492616653442,-1.231869e-10
122.13930225372314,-1.313775e-10
122.23313474655151,-1.317892e-10
122.32767844200134,-1.312907e-10
122.4218533039093,-1.346517e-10
122.51696157455444,-1.461313e-10
122.61081790924072,-1.46703e-10
122.70541095733643,-1.512013e-10
122.79993867874146,-1.732453e-10
122.89398455619812,-1.680623e-10
122.9888265132904,-2.419218e-10
123.0837471485138,-2.618138e-10
123.17752933502197,-2.352444e-10
123.27266097068787,-2.2753e-10
123.36645007133484,-2.215682e-10
123.46023988723755,-2.203914e-10
123.55401420593262,-2.178611e-10
123.64791917800903,-2.22217e-10
123.74314713478088,-2.209509e-10
123.83707928657532,-2.251775e-10
123.93238544464111,-2.279195e-10
124.02648067474365,-2.320868e-10
124.12056398391724,-2.306953e-10
124.21461701393127,-2.302762e-10
124.32012677192688,-2.319181e-10
124.4147310256958,-2.33043e-10
124.50901746749878,-2.351664e-10
124.60312724113464,-2.366694e-10
124.69710898399353,-2.491485e-10
124.79084753990173,-2.43389e-10
124.88487958908081,-2.439459e-10
124.97869968414307,-2.448699e-10
125.07520484924316,-2.505451e-10
125.16973233222961,-2.868009e-10
125.26432752609253,-2.863916e-10
125.35919713973999,-2.875349e-10
125.45317697525024,-2.779404e-10
125.54719734191895,-2.761135e-10
125.64202523231506,-2.749727e-10
125.73546504974365,-2.746116e-10
125.82969045639038,-2.749107e-10
125.92360854148865,-2.760369e-10
126.01814603805542,-2.757456e-10
126.11225485801697,-2.818162e-10
126.20681309700012,-2.808825e-10
126.30144190788269,-2.820444e-10
126.3953697681427,-2.818349e-10
126.49043083190918,-2.824973e-10
126.58424615859985,-2.83755e-10
126.67956733703613,-2.839134e-10
126.77348947525024,-2.842559e-10
126.86760354042053,-2.84747e-10
126.96181035041809,-2.850992e-10
127.05683755874634,-2.867092e-10
127.15197706222534,-2.888746e-10
127.24582743644714,-2.885333e-10
127.3401927947998,-2.881539e-10
127.4339771270752,-2.888894e-10
127.52886033058167,-2.892689e-10
127.62305355072021,-2.891448e-10
127.71736884117126,-2.898977e-10
127.81145310401917,-2.896771e-10
127.90549564361572,-2.907955e-10
127.99964118003845,-2.911936e-10
128.09364008903503,-2.920284e-10
128.18809270858765,-2.917987e-10
128.2838957309723,-2.921671e-10
128.38127613067627,-2.930737e-10
128.4749879837036,-2.935316e-10
128.56947135925293,-2.938614e-10
128.66354703903198,-2.936915e-10
128.7603464126587,-2.938153e-10
128.8555088043213,-2.943464e-10
128.95057368278503,-2.940931e-10
129.04413676261902,-2.946908e-10
129.13883066177368,-2.943329e-10
129.2325084209442,-2.953112e-10
129.3270878791809,-2.96363e-10
129.42108726501465,-2.967361e-10
129.51504158973694,-2.974544e-10
129.6089518070221,-2.973861e-10
129.70329809188843,-2.980383e-10
129.7973654270172,-2.981835e-10
129.8927013874054,-2.991896e-10
129.98666214942932,-2.990998e-10
130.08070588111877,-2.997626e-10
130.1755244731903,-2.997651e-10
130.26925802230835,-3.000244e-10
130.3640353679657,-3.005327e-10
130.45803952217102,-3.006478e-10
130.5528199672699,-3.015222e-10
130.64726948738098,-3.027179e-10
130.7412383556366,-3.047344e-10
130.83551812171936,-3.034447e-10
130.92967748641968,-3.038778e-10
131.0235755443573,-3.037165e-10
131.11739373207092,-3.042879e-10
131.22362756729126,-3.041813e-10
131.31691980361938,-3.047793e-10
131.41090035438538,-3.045918e-10
131.5052273273468,-3.054118e-10
131.5991129875183,-3.052465e-10
131.69273161888123,-3.060466e-10
131.794499874115,-3.064636e-10
131.8884937763214,-3.06715e-10
131.98467421531677,-3.069641e-10
132.07968544960022,-3.077333e-10
132.17344164848328,-3.07726e-10
132.26733303070068,-3.10664e-10
132.36081337928772,-3.094447e-10
132.45544338226318,-3.101369e-10
132.54870867729187,-3.097847e-10
132.64373016357422,-3.100302e-10
132.73805046081543,-3.104334e-10
132.83346581459045,-3.104719e-10
132.92712664604187,-3.11093e-10
133.021009683609,-3.109319e-10
133.114581823349,-3.119168e-10
133.20854258537292,-3.115443e-10
133.30222606658936,-3.124289e-10
133.39608240127563,-3.119429e-10
133.489844083786,-3.129148e-10
133.58372616767883,-3.126906e-10
133.6771113872528,-3.133813e-10
133.7709550857544,-3.13166e-10
133.87341809272766,-3.13654e-10
133.96763372421265,-3.142225e-10
134.06261944770813,-3.144519e-10
134.15684819221497,-3.142506e-10
134.2503867149353,-3.149404e-10
134.34430718421936,-3.149676e-10
134.43855452537537,-3.156733e-10
134.5323669910431,-3.15352e-10
134.6259458065033,-3.159437e-10
134.72086453437805,-3.159624e-10
134.81448578834534,-3.166543e-10
134.90827560424805,-3.164387e-10
135.00187945365906,-3.170794e-10
135.09612941741943,-3.167822e-10
135.190589427948,-3.173577e-10
135.28475737571716,-3.17417e-10
135.3782298564911,-3.177619e-10
135.4731457233429,-3.180856e-10
135.56696152687073,-3.180469e-10
135.66092109680176,-3.203824e-10
135.75477051734924,-3.194994e-10
135.8492076396942,-3.198097e-10
135.94409275054932,-3.196583e-10
136.04004907608032,-3.202497e-10
136.13481974601746,-3.204743e-10
136.22922039031982,-3.204547e-10
136.32302069664001,-3.21005e-10
136.41813969612122,-3.207821e-10
136.51153993606567,-3.217231e-10
136.60758590698242,-3.21443e-10
136.7017560005188,-3.220878e-10
136.79649019241333,-3.219973e-10
136.89009761810303,-3.224002e-10
136.98401308059692,-3.22734e-10
137.0779230594635,-3.227399e-10
137.17183995246887,-3.322762e-10
137.26672530174255,-3.299993e-10
137.36059665679932,-3.29213e-10
137.45575857162476,-3.279093e-10
137.54967498779297,-3.284378e-10
137.653413772583,-3.280085e-10
137.74702548980713,-3.285483e-10
137.84100484848022,-3.284428e-10
137.93477845191956,-3.302311e-10
138.02901935577393,-3.408898e-10
138.1280279159546,-3.362429e-10
138.22424483299255,-3.360221e-10
138.31816864013672,-3.346666e-10
138.41294693946838,-3.354823e-10
138.5068438053131,-3.349987e-10
138.60096216201782,-3.354813e-10
138.69539594650269,-3.353955e-10
138.79023599624634,-3.358544e-10
138.884535074234,-3.363269e-10
138.9783148765564,-3.363656e-10
139.07315516471863,-3.372709e-10
139.1677544116974,-3.36731e-10
139.26253581047058,-3.376527e-10
139.35747122764587,-3.377744e-10
139.45147156715393,-3.381996e-10
139.54546999931335,-3.403579e-10
139.63905334472656,-3.402859e-10
139.7335503101349,-3.405909e-10
139.82862305641174,-3.398754e-10
139.92252492904663,-3.414059e-10
140.01708555221558,-3.417044e-10
140.11147141456604,-3.424141e-10
140.20536541938782,-3.422193e-10
140.29906678199768,-3.429437e-10
140.39347338676453,-3.426794e-10
140.48696208000183,-3.432188e-10
140.5808961391449,-3.429025e-10
140.68209958076477,-3.432611e-10
140.77626395225525,-3.436111e-10
140.86951184272766,-3.43715e-10
140.9636425971985,-3.43844e-10
141.057537317276,-3.442036e-10
141.15165519714355,-3.44138e-10
141.2449254989624,-3.446157e-10
141.34017825126648,-3.447148e-10
141.43380689620972,-3.453086e-10
141.52759385108948,-3.448485e-10
141.62225317955017,-3.458818e-10
141.7307004928589,-3.455878e-10
141.8244879245758,-3.462484e-10
141.91891312599182,-3.460986e-10
142.0125207901001,-3.466631e-10
142.10626459121704,-3.466087e-10
142.2008762359619,-3.467968e-10
142.29592394828796,-3.471754e-10
142.38971757888794,-3.471627e-10
142.4841525554657,-3.47984e-10
142.57878804206848,-3.481175e-10
142.67257642745972,-3.624575e-10
142.76622891426086,-3.950741e-10
142.8606686592102,-3.816773e-10
142.95492124557495,-3.745991e-10
143.0489993095398,-3.7228e-10
143.14289236068726,-3.713959e-10
143.23680567741394,-3.711911e-10
143.33097577095032,-3.70985e-10
143.42576813697815,-3.714936e-10
143.52052092552185,-3.726372e-10
143.614275932312,-3.720866e-10
143.70913219451904,-3.728507e-10
143.8027422428131,-3.728518e-10
143.89750289916992,-3.732474e-10
143.9919798374176,-3.73693e-10
144.08643436431885,-3.73798e-10
144.18105816841125,-3.748624e-10
144.27476572990417,-3.745597e-10
144.37004828453064,-3.755108e-10
144.4641387462616,-3.750904e-10
144.5588777065277,-3.753496e-10
144.65302324295044,-3.758869e-10
144.74760818481445,-3.75779e-10
144.84134721755981,-3.763271e-10
144.9353804588318,-3.759956e-10
145.03091049194336,-3.768403e-10
145.12532663345337,-3.763991e-10
145.22197604179382,-3.767363e-10
145.31681180000305,-3.773349e-10
145.4113838672638,-3.769733e-10
145.5049283504486,-3.776442e-10
145.59968876838684,-3.772881e-10
145.6936318874359,-3.781662e-10
145.7874777317047,-3.779776e-10
145.88109827041626,-3.786858e-10
145.9754135608673,-3.784798e-10
146.07611870765686,-3.787901e-10
146.16984581947327,-3.794597e-10
146.26456689834595,-3.791086e-10
146.35943722724915,-3.797561e-10
146.4529411792755,-3.795431e-10
146.54722929000854,-3.800402e-10
146.64168190956116,-3.803195e-10
146.73611307144165,-3.80266e-10
146.8299949169159,-3.808537e-10
146.92360138893127,-3.818086e-10
147.01778197288513,-3.818273e-10
147.11192226409912,-3.815123e-10
147.20584177970886,-3.823096e-10
147.30011630058289,-3.822219e-10
147.39495420455933,-3.826769e-10
147.48916697502136,-3.842832e-10
147.58423042297363,-3.835908e-10
147.6795153617859,-3.838688e-10
147.77431893348694,-3.834608e-10
147.8680818080902,-3.841874e-10
147.96261405944824,-3.838821e-10
148.05648374557495,-3.845249e-10
148.1506929397583,-3.843834e-10
148.24451875686646,-3.848996e-10
148.33813452720642,-3.847965e-10
148.43240332603455,-3.849973e-10
148.52712726593018,-3.853655e-10
148.62095761299133,-3.851884e-10
148.71522045135498,-3.857179e-10
148.80910396575928,-3.85574e-10
148.90315628051758,-4.016762e-10
149.0028383731842,-3.969372e-10
149.09686517715454,-3.94004e-10
149.1908037662506,-3.990756e-10
149.2846121788025,-3.965475e-10
149.37862873077393,-3.962051e-10
149.4743411540985,-3.954626e-10
149.56795191764832,-3.959818e-10
149.6619987487793,-3.959471e-10
149.7558536529541,-3.979327e-10
149.85029458999634,-3.989412e-10
149.94407105445862,-3.977493e-10
150.03810596466064,-3.979811e-10
150.1319637298584,-3.979243e-10
150.2258608341217,-3.984094e-10
150.31953263282776,-3.982279e-10
150.41369557380676,-3.988779e-10
150.50795006752014,-3.988109e-10
150.60231137275696,-3.995055e-10
150.69699931144714,-3.992177e-10
150.7923755645752,-3.999446e-10
150.88628339767456,-3.998196e-10
150.98074173927307,-4.000689e-10
151.075101852417,-4.003242e-10
151.17003870010376,-4.00184e-10
151.26395440101624,-4.008623e-10
151.35750460624695,-4.004991e-10
151.45458960533142,-4.012595e-10
151.54780197143555,-4.009929e-10
151.64311528205872,-4.011961e-10
151.7368767261505,-4.016537e-10
151.83076739311218,-4.019292e-10
151.92510437965393,-4.02714e-10
152.02021288871765,-4.020169e-10
152.11354422569275,-4.027263e-10
152.2075538635254,-4.023013e-10
152.30157780647278,-4.030615e-10
152.40500664710999,-4.029734e-10
152.49882817268372,-4.031804e-10
152.59300231933594,-4.033491e-10
152.6869773864746,-4.037844e-10
152.78158617019653,-4.035413e-10
152.87529730796814,-4.041935e-10
152.9699523448944,-4.038625e-10
153.0632541179657,-4.046106e-10
153.15674948692322,-4.041553e-10
153.25050973892212,-4.048694e-10
153.3437361717224,-4.045138e-10
153.4375877380371,-4.051039e-10
153.53120970726013,-4.047456e-10
153.6251254081726,-4.057847e-10
153.718120098114,-4.053905e-10
153.81190729141235,-4.058852e-10
153.90634036064148,-4.055704e-10
154.0094907283783,-4.058641e-10
154.1031777858734,-4.065736e-10
154.19719433784485,-4.064535e-10
154.29180693626404,-4.066431e-10
154.38869214057922,-4.070921e-10
154.48340487480164,-4.067895e-10
154.57777380943298,-4.073087e-10
154.67203402519226,-4.072261e-10
154.76620984077454,-4.074173e-10
154.86089277267456,-4.077479e-10
154.95605874061584,-4.07437e-10
155.0498206615448,-4.082174e-10
155.14405131340027,-4.079129e-10
155.23792672157288,-4.086225e-10
155.33794498443604,-4.086037e-10
155.4316487312317,-4.083201e-10
155.52566933631897,-4.089723e-10
155.6194360256195,-4.086798e-10
155.71516633033752,-4.092078e-10
155.80906224250793,-4.091708e-10
155.90368795394897,-4.091918e-10
155.99897694587708,-4.097263e-10
156.09313678741455,-4.093108e-10
156.18686699867249,-4.09992e-10
156.28096055984497,-4.095899e-10
156.37502598762512,-4.104009e-10
156.46913290023804,-4.098007e-10
156.56305861473083,-4.104174e-10
156.65752577781677,-4.09972e-10
156.75165104866028,-4.102386e-10
156.84517240524292,-4.102472e-10
156.94068145751953,-4.103266e-10
157.04184889793396,-4.103312e-10
157.1356644630432,-4.110293e-10
157.23042225837708,-4.106698e-10
157.32366919517517,-4.113598e-10
157.4175934791565,-4.109554e-10
157.51124787330627,-4.115842e-10
157.60598063468933,-4.113585e-10
157.6992347240448,-4.119875e-10
157.79402780532837,-4.117031e-10
157.88749480247498,-4.120519e-10
157.98249864578247,-4.121546e-10
158.07688522338867,-4.121208e-10
158.1710388660431,-4.127015e-10
158.26443219184875,-4.123064e-10
158.35797905921936,-4.129188e-10
158.45173954963684,-4.125146e-10
158.54603672027588,-4.132112e-10
158.64003992080688,-4.127324e-10
158.73417329788208,-4.135383e-10
158.82779383659363,-4.132214e-10
158.92224168777466,-4.137571e-10
159.01741743087769,-4.135504e-10
159.11097407341003,-4.136914e-10
159.20527458190918,-4.139342e-10
159.29914951324463,-4.137707e-10
159.39403557777405,-4.143298e-10
159.4886655807495,-4.140273e-10
159.58265614509583,-4.147069e-10
159.67601442337036,-4.14331e-10
159.77244520187378,-4.146473e-10
159.86693739891052,-4.14919e-10
159.960542678833,-4.55363e-10
160.05478191375732,-4.494549e-10
160.14873266220093,-4.39182e-10
160.24272465705872,-4.355381e-10
160.33669066429138,-4.344686e-10
160.43140935897827,-4.350762e-10
160.52500987052917,-4.338832e-10
160.61960458755493,-4.342221e-10
160.7175543308258,-4.338058e-10
160.81203246116638,-4.335336e-10
160.9056534767151,-4.344679e-10
160.99945092201233,-4.342283e-10
161.0935206413269,-4.349403e-10
161.18757271766663,-4.348306e-10
161.28112077713013,-4.356446e-10
161.37648129463196,-4.357906e-10
161.47077775001526,-4.365015e-10
161.56602334976196,-4.368778e-10
161.65999603271484,-4.366121e-10
161.75400257110596,-4.372221e-10
161.84786677360535,-4.368084e-10
161.9416537284851,-4.373822e-10
162.0360939502716,-4.370088e-10
162.1298942565918,-4.37939e-10
162.22406387329102,-4.376169e-10
162.31740617752075,-4.773757e-10
162.4111566543579,-4.635102e-10
162.50495028495789,-4.576937e-10
162.59897327423096,-4.549439e-10
162.69334197044373,-4.543995e-10
162.78756165504456,-4.534852e-10
162.88179445266724,-4.536391e-10
162.9759612083435,-4.532831e-10
163.06979870796204,-4.533218e-10
163.16381812095642,-4.534136e-10
163.25710368156433,-4.531321e-10
163.35125207901,-4.53453e-10
163.44524931907654,-4.53292e-10
163.539635181427,-4.537136e-10
163.63360619544983,-4.529955e-10
163.72909283638,-4.536838e-10
163.8232502937317,-4.530634e-10
163.91733026504517,-4.53639e-10
164.01231122016907,-4.532549e-10
164.1066656112671,-4.529705e-10
164.20124864578247,-4.531629e-10
164.29517602920532,-4.527645e-10
164.38938736915588,-4.537868e-10
164.48374485969543,-4.532636e-10
164.57784414291382,-4.535823e-10
164.67249178886414,-4.528577e-10
164.76661205291748,-4.527551e-10
164.86134147644043,-4.4819e-10
164.95607781410217,-4.48269e-10
165.04951643943787,-4.475435e-10
165.1437349319458,-4.47015e-10
165.2379994392395,-4.504988e-10
165.33231687545776,-4.492488e-10
165.42644262313843,-4.497761e-10
165.52126693725586,-4.489461e-10
165.61628031730652,-4.491844e-10
165.71013641357422,-4.491673e-10
165.80454874038696,-4.494064e-10
165.8983337879181,-4.497462e-10
165.9928412437439,-4.493502e-10
166.08646702766418,-4.498179e-10
166.18104314804077,-4.494335e-10
166.27486634254456,-4.502668e-10
166.37038016319275,-4.499075e-10
166.46462392807007,-4.504148e-10
166.5588994026184,-4.500859e-10
166.65401768684387,-4.501068e-10
166.74848699569702,-4.506688e-10
166.84219908714294,-4.502942e-10
166.93584203720093,-4.509569e-10
167.03049683570862,-4.505498e-10
167.12366676330566,-4.512068e-10
167.21824288368225,-4.509381e-10
167.31313943862915,-4.514923e-10
167.4067280292511,-4.512368e-10
167.50165700912476,-4.513895e-10
167.59567022323608,-4.516472e-10
167.69001126289368,-4.514268e-10
167.7841968536377,-4.520417e-10
167.87827920913696,-4.516076e-10
167.97989559173584,-4.517601e-10
168.0733938217163,-4.52492e-10
168.168536901474,-4.530552e-10
168.26203298568726,-4.575108e-10
168.35602927207947,-4.559843e-10
168.44991874694824,-4.555753e-10
168.54504823684692,-4.551421e-10
168.63858675956726,-4.551761e-10
168.73363614082336,-4.554722e-10
168.82801413536072,-4.550209e-10
168.92223978042603,-4.556528e-10
169.01649808883667,-4.552551e-10
169.1102855205536,-4.560375e-10
169.2038218975067,-4.551557e-10
169.29800176620483,-4.557276e-10
169.39206528663635,-4.554282e-10
169.48601937294006,-4.560402e-10
169.58000493049622,-4.559287e-10
169.67405581474304,-4.564962e-10
169.76820302009583,-4.564002e-10
169.8624231815338,-4.557969e-10
169.95667099952698,-4.560956e-10
170.0517270565033,-4.557799e-10
170.14778065681458,-4.569404e-10
170.241708278656,-4.565138e-10
170.33551454544067,-4.573166e-10
170.43012237548828,-4.568974e-10
170.52396965026855,-4.577056e-10
170.61823177337646,-4.576835e-10
170.71181321144104,-4.580863e-10
170.80615305900574,-4.580168e-10
170.90062761306763,-4.580583e-10
170.99512481689453,-4.584809e-10
171.08890223503113,-4.690811e-10
171.18314790725708,-4.68115e-10
171.2779998779297,-4.650552e-10
171.37172961235046,-4.649242e-10
171.4661159515381,-4.642346e-10
171.56029891967773,-4.646971e-10
171.6550223827362,-4.644749e-10
171.74922513961792,-4.647725e-10
171.84483861923218,-4.647069e-10
171.93899512290955,-4.644576e-10
172.03260111808777,-4.650965e-10
172.12647795677185,-4.650752e-10
172.22010135650635,-4.659859e-10
172.31475925445557,-5.087959e-10
172.40875267982483,-4.959571e-10
172.50297808647156,-4.908209e-10
172.59692788124084,-4.883315e-10
172.69155263900757,-4.874912e-10
172.78544664382935,-4.872592e-10
172.88017559051514,-4.862635e-10
172.97527551651,-4.867646e-10
173.06912112236023,-4.869889e-10
173.16372060775757,-4.866217e-10
173.25823879241943,-4.870767e-10
173.3523998260498,-4.869265e-10
173.44696712493896,-4.87574e-10
173.54104781150818,-4.873102e-10
173.63587379455566,-4.880443e-10
173.7294774055481,-4.878906e-10
173.82458686828613,-4.880703e-10
173.9191586971283,-4.885492e-10
174.01320576667786,-4.886608e-10
174.10666036605835,-4.890567e-10
174.2009150981903,-4.888019e-10
174.2944130897522,-4.895088e-10
174.38869857788086,-4.893169e-10
174.4825508594513,-4.897496e-10
174.57650303840637,-4.894561e-10
174.67127513885498,-4.900841e-10
174.76507306098938,-4.896019e-10
174.85892295837402,-4.90376e-10
174.9528512954712,-4.900757e-10
175.04719400405884,-4.906092e-10
175.14227414131165,-4.904339e-10
175.23730874061584,-4.903936e-10
175.33124566078186,-4.910504e-10
175.43345522880554,-4.912056e-10
175.53733468055725,-4.912974e-10
175.63108491897583,-4.913397e-10
175.72421741485596,-4.91776e-10
175.81822419166565,-4.914151e-10
175.91116404533386,-4.920475e-10
176.00498056411743,-4.917363e-10
176.0980920791626,-4.92317e-10
176.19186329841614,-4.918036e-10
176.28519105911255,-4.923604e-10
176.3785057067871,-4.918593e-10
176.4720914363861,-4.921256e-10
176.56552863121033,-4.918049e-10
176.6589515209198,-4.926334e-10
176.75199437141418,-4.92249e-10
176.84576773643494,-4.931169e-10
176.93966031074524,-4.928094e-10
177.0333342552185,-4.933685e-10
177.1264135837555,-4.919375e-10
177.22005462646484,-4.929199e-10
177.31364679336548,-4.929299e-10
177.40721774101257,-4.939117e-10
177.5111644268036,-4.943811e-10
177.60451126098633,-4.953162e-10
177.69793438911438,-4.954335e-10
177.79106879234314,-4.949819e-10
177.8847210407257,-4.955426e-10
177.97835683822632,-4.953219e-10
178.0734076499939,-4.955242e-10
178.16727805137634,-4.957919e-10
178.26149725914001,-4.956768e-10
178.35598182678223,-4.960998e-10
178.45038151741028,-4.957984e-10
178.5449686050415,-4.965536e-10
178.63905906677246,-4.961938e-10
178.73404359817505,-4.96871e-10
178.82745218276978,-4.965944e-10
178.92171025276184,-4.970416e-10
179.01638913154602,-4.969453e-10
179.11067414283752,-4.969962e-10
179.20574760437012,-4.974763e-10
179.30182647705078,-4.972361e-10
179.39667630195618,-4.978323e-10
179.5027050971985,-4.976335e-10
179.59654092788696,-4.983345e-10
179.6902437210083,-4.97934e-10
179.78457522392273,-4.985939e-10
179.87846517562866,-4.982976e-10
179.9723343849182,-4.988637e-10
180.0668284893036,-4.987064e-10
180.16031789779663,-4.992893e-10
180.25403571128845,-4.989752e-10
180.34794116020203,-4.995043e-10
180.44185876846313,-4.99369e-10
180.53550100326538,-4.99646e-10
180.62941598892212,-4.995064e-10
180.72322130203247,-4.996764e-10
180.81702876091003,-4.998597e-10
180.91073560714722,-5.001289e-10
181.00351977348328,-5.000817e-10
181.1008017063141,-5.000224e-10
181.194673538208,-5.007032e-10
181.2878749370575,-5.001936e-10
181.38185238838196,-5.008942e-10
181.4756190776825,-5.00428e-10
181.57022070884705,-5.011687e-10
181.66349291801453,-5.006212e-10
181.75770139694214,-5.014285e-10
181.85090327262878,-5.009341e-10
181.94555521011353,-5.016103e-10
182.0397388935089,-5.011636e-10
182.1340570449829,-5.016125e-10
182.22746229171753,-5.013595e-10
182.3218810558319,-5.015239e-10
182.41626906394958,-5.017726e-10
182.5107970237732,-5.014772e-10
182.60863089561462,-5.02128e-10
182.70179653167725,-5.019077e-10
182.79550862312317,-5.022784e-10
182.88945412635803,-5.020352e-10
182.98415541648865,-5.019831e-10
183.07894802093506,-5.025074e-10
183.17247366905212,-5.020599e-10
183.26679277420044,-5.027277e-10
183.36003160476685,-5.022827e-10
183.45429873466492,-5.029797e-10
183.54803276062012,-5.025625e-10
183.64166688919067,-5.033497e-10
183.73547196388245,-5.028561e-10
183.82994174957275,-5.034164e-10
183.92366576194763,-5.031539e-10
184.0174880027771,-5.035098e-10
184.11134147644043,-5.032729e-10
184.20510363578796,-5.036366e-10
184.2981538772583,-5.035263e-10
184.3917875289917,-5.039081e-10
184.4855980873108,-5.037009e-10
184.578852891922,-5.040421e-10
184.67308044433594,-5.039354e-10
184.76691126823425,-5.040781e-10
184.86161851882935,-5.043161e-10
184.95565748214722,-5.039772e-10
185.0500226020813,-5.046027e-10
185.1439106464386,-5.041375e-10
185.23769521713257,-5.0481e-10
185.33248114585876,-5.044143e-10
185.4262626171112,-5.050972e-10
185.52174615859985,-5.047277e-10
185.61564183235168,-5.050146e-10
185.70915246009827,-5.048515e-10
185.80249691009521,-5.052013e-10
185.89654278755188,-5.050701e-10
185.99037671089172,-5.052263e-10
186.08415412902832,-5.052508e-10
186.17833304405212,-5.053121e-10
186.2716679573059,-5.054335e-10
186.3653335571289,-5.056165e-10
186.45892810821533,-5.056104e-10
186.55198860168457,-5.05978e-10
186.6451814174652,-5.05741e-10
186.7384650707245,-5.062532e-10
186.83199667930603,-5.059145e-10
186.925696849823,-5.064991e-10
187.01950860023499,-5.061056e-10
187.11357641220093,-5.065728e-10
187.20824718475342,-5.063128e-10
187.30239629745483,-5.064642e-10
187.39628052711487,-5.065445e-10
187.49164652824402,-5.06359e-10
187.58504247665405,-5.06888e-10
187.68087553977966,-5.065781e-10
187.77476024627686,-5.072451e-10
187.8692283630371,-5.068266e-10
187.96359395980835,-5.075089e-10
188.05721378326416,-5.07001e-10
188.15233969688416,-5.073755e-10
188.24609780311584,-5.072292e-10
188.33976864814758,-5.074356e-10
188.43366122245789,-5.077577e-10
188.5281150341034,-5.076657e-10
188.62214875221252,-5.079799e-10
188.71615600585938,-5.076475e-10
188.80983543395996,-5.08064e-10
188.9037263393402,-5.0775e-10
188.99794268608093,-5.083259e-10
189.0922782421112,-5.078578e-10
189.18642044067383,-5.085712e-10
189.28054785728455,-5.096999e-10
189.37520456314087,-5.099405e-10
189.46941828727722,-5.092616e-10
189.56401681900024,-5.095176e-10
189.65752506256104,-5.093688e-10
189.7518925666809,-5.093105e-10
189.84577131271362,-5.095507e-10
189.94011878967285,-5.092542e-10
190.03380250930786,-5.098473e-10
190.12869572639465,-5.094443e-10
190.22209310531616,-5.101365e-10
190.3159260749817,-5.096985e-10
190.40964603424072,-5.103307e-10
190.50363683700562,-5.099279e-10
190.5977168083191,-5.105574e-10
190.69164180755615,-5.101737e-10
190.78732776641846,-5.10276e-10
190.88176083564758,-5.10446e-10
190.9766125679016,-5.103499e-10
191.07038855552673,-5.108792e-10
191.16567301750183,-5.112091e-10
191.26045298576355,-5.122735e-10
191.35516786575317,-5.121166e-10
191.44907355308533,-5.125873e-10
191.54296255111694,-5.121494e-10
191.63737607002258,-5.121736e-10
191.73242139816284,-5.12447e-10
191.82628989219666,-5.121565e-10
191.92180252075195,-5.127852e-10
192.01628184318542,-5.123523e-10
192.10998940467834,-5.129231e-10
192.2043285369873,-5.125405e-10
192.2994568347931,-5.126493e-10
192.39330124855042,-5.129073e-10
192.49810600280762,-5.133153e-10
192.59202480316162,-5.128228e-10
192.6862349510193,-5.133377e-10
192.78031873703003,-5.131539e-10
192.87487316131592,-5.132778e-10
192.96919870376587,-5.135046e-10
193.06324124336243,-5.132802e-10
193.15713214874268,-5.137293e-10
193.25113010406494,-5.13238e-10
193.34648847579956,-5.139998e-10
193.44139122962952,-5.136338e-10
193.53510928153992,-5.141507e-10
193.62942123413086,-5.138649e-10
193.72359824180603,-5.14143e-10
193.8183822631836,-5.142461e-10
193.9121561050415,-5.13903e-10
194.00706458091736,-5.145096e-10
194.10145354270935,-5.140918e-10
194.195410490036,-5.147529e-10
194.29029059410095,-5.143757e-10
194.3842842578888,-5.148589e-10
194.4781310558319,-5.145651e-10
194.5718376636505,-5.149398e-10
194.66545224189758,-5.146942e-10
194.75991082191467,-5.147638e-10
194.85373163223267,-5.149323e-10
194.94734811782837,-5.148334e-10
195.04097843170166,-5.151269e-10
195.13481974601746,-5.149731e-10
195.23619651794434,-5.157175e-10
195.32980680465698,-5.75716e-10
195.42378401756287,-5.518692e-10
195.51807117462158,-5.452114e-10
195.61162877082825,-5.42163e-10
195.7054533958435,-5.414078e-10
195.7995569705963,-5.395112e-10
195.8933515548706,-5.396502e-10
195.98795342445374,-5.388948e-10
196.08154726028442,-5.39143e-10
196.1754777431488,-5.389395e-10
196.26930594444275,-5.391268e-10
196.36308073997498,-5.387909e-10
196.45695281028748,-5.393365e-10
196.55139803886414,-5.395311e-10
196.64565324783325,-5.39532e-10
196.73971962928772,-5.398247e-10
196.83520340919495,-5.396726e-10
196.9292917251587,-5.405021e-10
197.02431511878967,-5.400845e-10
197.1186101436615,-5.408383e-10
197.21292328834534,-5.41053e-10
197.30649089813232,-5.413715e-10
197.40088176727295,-5.413194e-10
197.49547958374023,-5.411855e-10
197.60036158561707,-5.414775e-10
197.69444465637207,-5.420087e-10
197.7889440059662,-5.417499e-10
197.88329672813416,-5.417584e-10
197.97757124900818,-5.420425e-10
198.07175064086914,-5.417075e-10
198.16548609733582,-5.423306e-10
198.25987839698792,-5.419173e-10
198.35392451286316,-5.426257e-10
198.4484887123108,-5.423725e-10
198.54244470596313,-5.429306e-10
198.63739228248596,-5.425858e-10
198.7307620048523,-5.431242e-10
198.82516193389893,-5.428452e-10
198.92005228996277,-5.428844e-10
199.01382064819336,-5.430421e-10
199.10819911956787,-5.430901e-10
199.20221400260925,-5.434417e-10
199.2967574596405,-5.430953e-10
199.39062070846558,-5.435505e-10
199.4853618144989,-5.43205e-10
199.5791232585907,-5.438269e-10
199.67333126068115,-5.433224e-10
199.76702332496643,-5.440381e-10
199.86289191246033,-5.437604e-10
199.95788741111755,-5.4383e-10
200.0519106388092,-5.440816e-10
200.14686107635498,-5.43739e-10
200.24052929878235,-5.447144e-10
200.3342399597168,-5.442374e-10
200.42750191688538,-5.447537e-10
200.52132868766785,-5.442178e-10
200.61511611938477,-5.449357e-10
200.7082657814026,-5.444771e-10
200.80160117149353,-5.450007e-10
200.90022468566895,-5.448356e-10
200.99420738220215,-5.448714e-10
201.0880310535431,-5.451282e-10
201.1823992729187,-5.449743e-10
201.27566409111023,-5.454523e-10
201.370840549469,-5.451966e-10
201.46548414230347,-5.459852e-10
201.56000661849976,-5.45504e-10
201.65451884269714,-5.462434e-10
201.74847674369812,-5.457395e-10
201.84286546707153,-5.463573e-10
201.93662333488464,-5.459603e-10
202.03120851516724,-5.464577e-10
202.12487149238586,-5.462025e-10
202.21880555152893,-5.464991e-10
202.31412720680237,-5.46438e-10
202.4075267314911,-5.464029e-10
202.50208115577698,-5.467148e-10
202.5963351726532,-5.463458e-10
202.69100737571716,-5.470011e-10
202.78527355194092,-5.465554e-10
202.88009119033813,-5.472298e-10
202.97821760177612,-5.472254e-10
203.07288217544556,-5.467629e-10
203.16665959358215,-5.474275e-10
203.26061415672302,-5.469487e-10
203.35459995269775,-5.476227e-10
203.44898676872253,-5.471874e-10
203.54390335083008,-5.476182e-10
203.63868355751038,-5.475904e-10
203.73318099975586,-5.474227e-10
203.8283452987671,-5.481893e-10
203.92175459861755,-5.480364e-10
204.0151171684265,-5.484252e-10
204.1093466281891,-5.478941e-10
204.2031593322754,-5.486602e-10
204.29679703712463,-5.480625e-10
204.39083337783813,-5.487745e-10
204.48419427871704,-5.482843e-10
204.5783817768097,-5.489024e-10
204.67333340644836,-5.485115e-10
204.77492308616638,-5.486248e-10
204.86839771270752,-5.489805e-10
204.96261024475098,-5.488789e-10
205.05609130859375,-5.489754e-10
205.15124320983887,-5.492293e-10
205.24510169029236,-5.500085e-10
205.33968591690063,-5.515924e-10
205.4333221912384,-5.504192e-10
205.52763748168945,-5.509921e-10
205.62133884429932,-5.504786e-10
205.71532034873962,-5.510676e-10
205.80854964256287,-5.506373e-10
205.90237593650818,-5.512013e-10
205.99624037742615,-5.50779e-10
206.09038138389587,-5.513678e-10
206.183922290802,-5.509152e-10
206.27911829948425,-5.514199e-10
206.37257981300354,-5.51139e-10
206.4669554233551,-5.51466e-10
206.56022357940674,-5.513776e-10
206.65430784225464,-5.51543e-10
206.74812722206116,-5.515601e-10
206.8465278148651,-5.515076e-10
206.94155621528625,-5.519869e-10
207.03542375564575,-5.517105e-10
207.129469871521,-5.519881e-10
207.22369480133057,-5.519384e-10
207.31739592552185,-5.519932e-10
207.4113965034485,-5.52142e-10
207.50509119033813,-5.520077e-10
207.59857988357544,-5.522698e-10
207.6922264099121,-5.577326e-10
207.785875082016,-5.614965e-10
207.88082313537598,-5.654488e-10
207.97592663764954,-6.469796e-10
208.06964683532715,-6.231892e-10
208.16395926475525,-6.123742e-10
208.2575399875641,-6.072601e-10
208.3524932861328,-6.052968e-10
208.4475381374359,-6.058779e-10
208.54154443740845,-6.037811e-10
208.63590145111084,-6.038137e-10
208.73009395599365,-6.033893e-10
208.82413005828857,-6.04131e-10
208.91796231269836,-6.049356e-10
209.0117542743683,-6.053744e-10
209.10547137260437,-6.056733e-10
209.19942021369934,-6.067922e-10
209.29371452331543,-6.058984e-10
209.387305021286,-6.07254e-10
209.4810938835144,-6.06826e-10
209.5746877193451,-6.07554e-10
209.66863656044006,-6.073206e-10
209.76274967193604,-6.080662e-10
209.85684180259705,-6.085885e-10
209.9508180618286,-6.090172e-10
210.04562711715698,-6.095257e-10
210.14022970199585,-6.096172e-10
210.23532009124756,-6.101405e-10
210.33036160469055,-6.096287e-10
210.42540287971497,-6.101424e-10
210.51956963539124,-6.102661e-10
210.613520860672,-6.10248e-10
210.70818567276,-6.106395e-10
210.80194330215454,-6.103262e-10
210.8958775997162,-6.265492e-10
210.99004697799683,-6.456228e-10
211.0837903022766,-6.353046e-10
211.17765307426453,-6.312867e-10
211.27148413658142,-6.304834e-10
211.36553716659546,-6.296934e-10
211.45965456962585,-6.291214e-10
211.5532808303833,-6.283838e-10
211.6469509601593,-6.287668e-10
211.74100375175476,-6.287458e-10
211.8348424434662,-6.290533e-10
211.9285249710083,-6.29267e-10
212.0301477909088,-6.28785e-10
212.1253616809845,-6.283888e-10
212.21954250335693,-6.29525e-10
212.3147976398468,-6.294957e-10
212.4086103439331,-6.303774e-10
212.50276827812195,-6.309945e-10
212.59663796424866,-6.311267e-10
212.69096565246582,-6.309565e-10
212.7848527431488,-6.359286e-10
212.87964057922363,-6.39258e-10
212.97549104690552,-6.361183e-10
213.06916403770447,-6.360721e-10
213.16339921951294,-6.353973e-10
213.25953269004822,-6.3533e-10
213.35334420204163,-6.354767e-10
213.44701719284058,-6.354386e-10
213.54142332077026,-6.358832e-10
213.63520908355713,-6.354618e-10
213.72882723808289,-6.36141e-10
213.82271218299866,-6.360126e-10
213.91713428497314,-6.366286e-10
214.01104879379272,-6.36314e-10
214.10521602630615,-6.370544e-10
214.19882583618164,-6.366399e-10
214.2932367324829,-6.371565e-10
214.38766527175903,-6.370692e-10
214.48138904571533,-6.374916e-10
214.57609915733337,-6.375401e-10
214.66984701156616,-6.373543e-10
214.76470160484314,-6.37859e-10
214.8587715625763,-6.374215e-10
214.95348405838013,-6.382149e-10
215.0472869873047,-6.376207e-10
215.14133739471436,-6.383042e-10
215.23889255523682,-6.381452e-10
215.33256125450134,-6.380763e-10
215.4265570640564,-6.384826e-10
215.52145719528198,-6.38159e-10
215.6149983406067,-6.387592e-10
215.70880961418152,-6.382944e-10
215.80324697494507,-6.389763e-10
215.89766478538513,-6.386474e-10
215.99190068244934,-6.393077e-10
216.08684659004211,-6.389284e-10
216.18035745620728,-6.39381e-10
216.27443265914917,-6.390875e-10
216.36781120300293,-6.395509e-10
216.46184945106506,-6.393174e-10
216.55570721626282,-6.396225e-10
216.65011358261108,-6.396597e-10
216.7435953617096,-6.396335e-10
216.83775424957275,-6.400666e-10
216.93236875534058,-6.396636e-10
217.026052236557,-6.402121e-10
217.12124395370483,-6.398929e-10
217.21459460258484,-6.405597e-10
217.30945444107056,-6.401622e-10
217.40277242660522,-6.40796e-10
217.49693369865417,-6.403658e-10
217.59075951576233,-6.40946e-10
217.68508505821228,-6.406787e-10
217.77940726280212,-6.409363e-10
217.87479615211487,-6.410817e-10
217.9690659046173,-6.407516e-10
218.06247067451477,-6.413431e-10
218.15662789344788,-6.408788e-10
218.25093030929565,-6.415801e-10
218.3446922302246,-6.411188e-10
218.43878746032715,-6.418058e-10
218.53239464759827,-6.412794e-10
218.6267557144165,-6.420034e-10
218.72151255607605,-6.416007e-10
218.81515431404114,-6.421412e-10
218.90990567207336,-6.41851e-10
219.00421285629272,-6.419755e-10
219.098726272583,-6.422319e-10
219.19330263137817,-6.419437e-10
219.29326629638672,-6.42145e-10
219.38794231414795,-6.426265e-10
219.4819619655609,-6.422285e-10
219.57717609405518,-6.429107e-10
219.67112040519714,-6.424303e-10
219.76968812942505,-6.425348e-10
219.86568307876587,-6.431898e-10
219.95993947982788,-6.426861e-10
220.053692817688,-6.432898e-10
220.1470067501068,-6.429397e-10
220.24147415161133,-6.437562e-10
220.3352084159851,-6.435675e-10
220.42975568771362,-6.444975e-10
220.52319979667664,-6.440243e-10
220.61714601516724,-6.444129e-10
220.7108280658722,-6.442288e-10
220.80569553375244,-6.443769e-10
220.89940810203552,-6.444805e-10
220.9940221309662,-6.442928e-10
221.08769583702087,-6.448119e-10
221.1824505329132,-6.444055e-10
221.31769490242004,-6.449195e-10
221.4114215373993,-6.446936e-10
221.50490832328796,-6.451868e-10
221.5986249446869,-6.447892e-10
221.69242548942566,-6.453421e-10
221.78650665283203,-6.449907e-10
221.88076663017273,-6.456722e-10
221.9757080078125,-6.453894e-10
222.06912755966187,-6.460924e-10
222.16385126113892,-6.456671e-10
222.25729179382324,-6.462253e-10
222.35501194000244,-6.46192e-10
222.4489233493805,-6.457829e-10
222.54405903816223,-6.464874e-10
222.6381335258484,-6.459985e-10
222.73271989822388,-6.463821e-10
222.82663536071777,-6.461386e-10
222.92138051986694,-6.464467e-10
223.0149552822113,-6.464692e-10
223.10951590538025,-6.464351e-10
223.2028534412384,-6.467379e-10
223.29860186576843,-6.464835e-10
223.39270305633545,-6.47197e-10
223.48725008964539,-6.467442e-10
223.581636428833,-6.473728e-10
223.67535710334778,-6.482992e-10
223.76929926872253,-6.510999e-10
223.86297988891602,-6.512355e-10
223.95784163475037,-6.513355e-10
224.05231761932373,-6.509771e-10
224.1464819908142,-6.510402e-10
224.24068927764893,-6.510576e-10
224.33488726615906,-6.507094e-10
224.42850995063782,-6.516901e-10
224.52264189720154,-6.51617e-10
224.61619353294373,-6.522007e-10
224.7110948562622,-6.518476e-10
224.80496168136597,-6.526153e-10
224.89882016181946,-6.520691e-10
224.99332070350647,-6.527979e-10
225.08757781982422,-6.523707e-10
225.18286395072937,-6.526315e-10
225.27694630622864,-6.527217e-10
225.3714461326599,-6.527853e-10
225.46521973609924,-6.529986e-10
225.55897498130798,-6.531055e-10
225.65292406082153,-6.53511e-10
225.74724102020264,-6.532552e-10
225.84157180786133,-6.537837e-10
225.93561816215515,-6.533651e-10
226.02924513816833,-6.539969e-10
226.12285614013672,-6.536227e-10
226.21704077720642,-6.541073e-10
226.31088256835938,-6.536971e-10
226.4047224521637,-6.542943e-10
226.49855875968933,-6.538937e-10
226.5928795337677,-6.54575e-10
226.6880805492401,-6.541817e-10
226.78236269950867,-6.548004e-10
226.87622714042664,-6.545811e-10
226.96986651420593,-6.565192e-10
227.06408071517944,-6.556088e-10
227.1584038734436,-6.559085e-10
227.25231337547302,-6.557196e-10
227.34665751457214,-6.557404e-10
227.44091701507568,-6.559371e-10
227.53493905067444,-6.557392e-10
227.6287078857422,-6.561683e-10
227.72317957878113,-6.557789e-10
227.8176929950714,-6.565727e-10
227.91203451156616,-6.560079e-10
228.00651597976685,-6.568172e-10
228.10068368911743,-6.563358e-10
228.19552493095398,-6.570006e-10
228.2900242805481,-6.5677e-10
228.38449501991272,-6.568616e-10
228.47887897491455,-6.571628e-10
228.5727460384369,-6.569155e-10
228.66697120666504,-6.573564e-10
228.7608561515808,-6.570754e-10
228.85485696792603,-6.580479e-10
228.94937825202942,-6.576285e-10
229.04391717910767,-6.582427e-10
229.13788557052612,-6.577583e-10
229.23274755477905,-6.583664e-10
229.32717370986938,-6.580079e-10
229.42104530334473,-6.583107e-10
229.51564073562622,-6.583424e-10
229.61032342910767,-6.582207e-10
229.70453333854675,-6.587418e-10
229.79953622817993,-6.582426e-10
229.89344930648804,-6.589813e-10
229.9882619380951,-6.584932e-10
230.0818920135498,-6.590923e-10
230.17704916000366,-6.587644e-10
230.27254509925842,-6.586153e-10
230.36693358421326,-6.592342e-10
230.46283268928528,-6.588631e-10
230.55750250816345,-6.593779e-10
230.6517791748047,-6.591601e-10
230.74644231796265,-6.591063e-10
230.84069061279297,-6.595434e-10
230.93506836891174,-6.591568e-10
231.02927684783936,-6.597963e-10
231.12288117408752,-6.593382e-10
231.21701765060425,-6.599712e-10
231.31095480918884,-6.594629e-10
231.40527534484863,-6.602467e-10
231.49897527694702,-6.613766e-10
231.5934920310974,-6.61623e-10
231.6874749660492,-6.6089e-10
231.78194499015808,-6.614642e-10
231.87545609474182,-6.614006e-10
231.9706587791443,-6.613455e-10
232.06435322761536,-6.617585e-10
232.15901112556458,-6.613499e-10
232.25330591201782,-6.619899e-10
232.34713196754456,-6.616293e-10
232.44110870361328,-6.62227e-10
232.54338383674622,-6.622241e-10
232.6371133327484,-6.618374e-10
232.7322998046875,-6.621225e-10
232.82596230506897,-6.621649e-10
232.92026138305664,-6.621238e-10
233.01384663581848,-6.624255e-10
233.10898327827454,-6.621454e-10
233.20412850379944,-6.629008e-10
233.29871940612793,-6.624462e-10
233.39638590812683,-6.624351e-10
233.49062967300415,-6.630069e-10
233.58442902565002,-6.625598e-10
233.67921710014343,-6.632802e-10
233.7740261554718,-6.628326e-10
233.86830735206604,-6.634239e-10
233.96254324913025,-6.630888e-10
234.05658650398254,-6.635503e-10
234.15153312683105,-6.634079e-10
234.2451364994049,-6.633261e-10
234.34028720855713,-6.637217e-10
234.43579649925232,-6.632815e-10
234.52913975715637,-6.640121e-10
234.62435364723206,-6.635401e-10
234.71813130378723,-6.641554e-10
234.81327176094055,-6.638864e-10
234.90706515312195,-6.640424e-10
235.00171422958374,-6.641784e-10
235.09579944610596,-6.638839e-10
235.19009971618652,-6.643539e-10
235.28418350219727,-6.639513e-10
235.3803162574768,-6.645919e-10
235.4743938446045,-6.642557e-10
235.5687394142151,-6.645846e-10
235.66230845451355,-6.645057e-10
235.75728464126587,-6.644222e-10
235.85103940963745,-6.648612e-10
235.94497346878052,-6.644447e-10
236.04576802253723,-6.645358e-10
236.13944959640503,-6.650906e-10
236.23357462882996,-6.650017e-10
236.32793807983398,-6.656323e-10
236.42341470718384,-6.651575e-10
236.51700925827026,-6.655394e-10
236.61154794692993,-6.65337e-10
236.70632243156433,-6.654716e-10
236.80060744285583,-6.650962e-10
236.8946545124054,-6.647797e-10
236.9895477294922,-6.655116e-10
237.08347034454346,-6.650645e-10
237.17755508422852,-6.656278e-10
237.27242136001587,-6.652846e-10
237.3665418624878,-6.658027e-10
237.46033668518066,-6.653325e-10
237.55384373664856,-6.657965e-10
237.64855408668518,-6.656546e-10
237.7427155971527,-6.657083e-10
237.83736419677734,-6.66019e-10
237.93213725090027,-6.655579e-10
238.02655124664307,-6.663581e-10
238.1214723587036,-6.658586e-10
238.21602487564087,-6.664389e-10
238.31074786186218,-6.663484e-10
238.40630531311035,-6.660643e-10
238.5009264945984,-6.903394e-10
238.59575748443604,-8.018928e-10
238.68948483467102,-7.463096e-10
238.78357982635498,-7.356212e-10
238.87880182266235,-7.334612e-10
238.9726927280426,-7.321999e-10
239.06688809394836,-7.323548e-10
239.16107726097107,-7.324528e-10
239.25559306144714,-7.325629e-10
239.35084867477417,-7.343144e-10
239.444162607193,-7.346652e-10
239.53810453414917,-7.361802e-10
239.63166213035583,-7.374795e-10
239.7260332107544,-7.36862e-10
239.82008242607117,-7.368143e-10
239.91516017913818,-7.37241e-10
240.00886058807373,-7.379334e-10
240.1039628982544,-7.400231e-10
240.1986916065216,-7.442448e-10
240.29227662086487,-7.433245e-10
240.3875241279602,-7.429324e-10
240.48171472549438,-7.421489e-10
240.57536149024963,-7.427474e-10
240.67065048217773,-7.423693e-10
240.76502561569214,-7.424228e-10
240.8598518371582,-7.432788e-10
240.95345497131348,-7.43882e-10
241.04846906661987,-7.441456e-10
241.14295268058777,-7.43497e-10
241.23794317245483,-7.436406e-10
241.3325502872467,-7.432129e-10
241.4267029762268,-7.437584e-10
241.52103662490845,-7.446105e-10
241.61603927612305,-7.443726e-10
241.71107125282288,-7.457731e-10
241.80527663230896,-7.454825e-10
241.89884400367737,-7.459621e-10
241.99434781074524,-7.456186e-10
242.08971333503723,-7.45504e-10
242.1834990978241,-7.460036e-10
242.2792432308197,-7.45993e-10
242.37353444099426,-7.466381e-10
242.4686508178711,-7.461495e-10
242.5636761188507,-7.463978e-10
242.65714240074158,-7.467772e-10
242.75156235694885,-7.466446e-10
242.8447642326355,-7.467716e-10
242.93867301940918,-7.467417e-10
243.03256106376648,-7.470475e-10
243.12671899795532,-7.467432e-10
243.2204864025116,-7.47321e-10
243.31548428535461,-7.469769e-10
243.41178965568542,-7.476393e-10
243.5052788257599,-7.473462e-10
243.5997393131256,-7.476158e-10
243.69451141357422,-7.477113e-10
243.78936123847961,-7.471035e-10
243.88362884521484,-7.478275e-10
243.97756099700928,-7.470746e-10
244.07155871391296,-7.479679e-10
244.1653175354004,-7.476355e-10
244.25951051712036,-7.482356e-10
244.35331630706787,-7.477244e-10
244.44879150390625,-7.481488e-10
244.5431432723999,-7.480571e-10
244.6380889415741,-7.479445e-10
244.7320683002472,-7.484094e-10
244.826167345047,-7.481332e-10
244.92075443267822,-7.488309e-10
245.01610708236694,-7.483622e-10
245.11041140556335,-7.490556e-10
245.20486092567444,-7.488628e-10
245.29847073554993,-7.491647e-10
245.39274835586548,-7.491641e-10
245.48658895492554,-7.491269e-10
245.5809667110443,-7.494949e-10
245.6746470928192,-7.492042e-10
245.7693908214569,-7.49736e-10
245.86323404312134,-7.493806e-10
245.95858550071716,-7.501393e-10
246.05341839790344,-7.496644e-10
246.16126155853271,-7.50264e-10
246.25559616088867,-7.501097e-10
246.35026669502258,-7.501112e-10
246.4441556930542,-7.508888e-10
246.5382673740387,-7.511803e-10
246.63221192359924,-7.522059e-10
246.72666192054749,-7.518062e-10
246.82055354118347,-7.521976e-10
246.91522216796875,-7.518873e-10
247.0097246170044,-7.523422e-10
247.10452795028687,-7.522998e-10
247.19859743118286,-7.519113e-10
247.29227137565613,-7.521218e-10
247.38707447052002,-7.519688e-10
247.48079633712769,-7.52745e-10
247.57542252540588,-7.529004e-10
247.66933822631836,-7.541395e-10
247.76378846168518,-7.538674e-10
247.85791206359863,-7.541293e-10
247.9520754814148,-7.537067e-10
248.04618740081787,-7.539296e-10
248.14051699638367,-7.541324e-10
248.2357668876648,-7.538934e-10
248.32925939559937,-7.547247e-10
248.4246141910553,-7.5434e-10
248.51918864250183,-7.549357e-10
248.61339449882507,-7.54681e-10
248.70757222175598,-7.547936e-10
248.80173563957214,-7.549807e-10
248.8964114189148,-7.546677e-10
248.99071764945984,-7.552668e-10
249.08510208129883,-7.548476e-10
249.18027567863464,-7.555471e-10
249.27447390556335,-7.551291e-10
249.36870741844177,-7.553708e-10
249.46245121955872,-7.554338e-10
249.5579183101654,-7.551404e-10
249.652188539505,-7.558012e-10
249.75268077850342,-7.556539e-10
249.84729504585266,-7.55339e-10
249.94125652313232,-7.561668e-10
250.0358121395111,-7.557979e-10
250.1296365261078,-7.563308e-10
250.22302794456482,-7.559056e-10
250.31700229644775,-7.565317e-10
250.41176772117615,-7.561278e-10
250.5057246685028,-7.564773e-10
250.59965825080872,-7.563494e-10
250.69459533691406,-7.562601e-10
250.78947281837463,-7.568478e-10
250.8842694759369,-7.564525e-10
250.97842812538147,-7.570885e-10
251.07375717163086,-7.566721e-10
251.16784954071045,-7.57012e-10
251.2620928287506,-7.569513e-10
251.3571116924286,-7.567715e-10
251.45097732543945,-7.572998e-10
251.54530310630798,-7.569038e-10
251.63939714431763,-7.57728e-10
251.7333161830902,-7.573941e-10
251.82810044288635,-7.579642e-10
251.9223051071167,-7.576093e-10
252.01717042922974,-7.577816e-10
252.11117482185364,-7.579424e-10
252.20561289787292,-7.576618e-10
252.30020928382874,-7.581588e-10
252.39531636238098,-7.577818e-10
252.48936462402344,-7.585153e-10
252.58353900909424,-7.580437e-10
252.6783847808838,-7.585744e-10
252.77222156524658,-7.583116e-10
252.86665678024292,-7.585421e-10
252.9611554145813,-7.58701e-10
253.0553982257843,-7.584396e-10
253.14974689483643,-7.589512e-10
253.24366068840027,-7.585499e-10
253.33832693099976,-7.592575e-10
253.43204522132874,-7.587604e-10
253.52677965164185,-7.594501e-10
253.62020683288574,-7.589722e-10
253.71482825279236,-7.594784e-10
253.80915451049805,-7.592741e-10
253.90377044677734,-7.592649e-10
253.9979486465454,-7.596886e-10
254.09272074699402,-7.592624e-10
254.18716263771057,-7.598622e-10
254.28145718574524,-7.595618e-10
254.37541007995605,-7.602401e-10
254.4703438282013,-7.599363e-10
254.56499981880188,-7.600067e-10
254.66071152687073,-7.605392e-10
254.755939245224,-7.60144e-10
254.84987950325012,-7.60866e-10
254.9444773197174,-7.603995e-10
255.03815031051636,-7.609286e-10
255.13290357589722,-7.605045e-10
255.22644543647766,-7.608242e-10
255.32141041755676,-7.613778e-10
255.4158170223236,-7.616943e-10
255.50995802879333,-7.625778e-10
255.6054015159607,-7.607576e-10
255.69983792304993,-7.616847e-10
255.79510259628296,-7.613917e-10
255.88955545425415,-7.617964e-10
255.98313808441162,-7.615826e-10
256.0770878791809,-7.617129e-10
256.17106580734253,-7.613389e-10
256.2645444869995,-7.61681e-10
256.35875272750854,-7.615968e-10
256.4538300037384,-7.614113e-10
256.54735112190247,-7.618557e-10
256.6416416168213,-7.61431e-10
256.73542165756226,-7.614861e-10
256.829957485199,-7.607186e-10
256.9264736175537,-7.59722e-10
257.02020955085754,-7.597826e-10
257.11546754837036,-7.603897e-10
257.20961594581604,-7.604616e-10
257.30386328697205,-7.604585e-10
257.3982982635498,-7.609207e-10
257.4919776916504,-7.606116e-10
257.58723187446594,-7.61007e-10
257.6821675300598,-7.605212e-10
257.7765402793884,-7.611269e-10
257.87204933166504,-7.606155e-10
257.9664981365204,-7.596569e-10
258.0650773048401,-7.603214e-10
258.15867853164673,-7.605554e-10
258.2533543109894,-7.611294e-10
258.3472681045532,-7.611465e-10
258.4419775009155,-7.610211e-10
258.5354540348053,-7.615436e-10
258.62963461875916,-7.612956e-10
258.7234709262848,-7.61896e-10
258.81864881515503,-7.614649e-10
258.91180539131165,-7.618186e-10
259.0055305957794,-7.61076e-10
259.0995545387268,-7.614547e-10
259.1946749687195,-7.601194e-10
259.29251313209534,-7.606539e-10
259.3866157531738,-7.616123e-10
259.480486869812,-7.612307e-10
259.57505989074707,-7.618631e-10
259.66867113113403,-7.620504e-10
259.7630274295807,-7.624999e-10
259.8580045700073,-7.626456e-10
259.9527235031128,-7.624922e-10
260.0473277568817,-7.631958e-10
260.14104986190796,-7.627863e-10
260.2351727485657,-7.635099e-10
260.32926392555237,-7.630806e-10
260.42393827438354,-7.637845e-10
260.5182659626007,-7.634085e-10
260.613397359848,-7.634193e-10
260.7086534500122,-7.637023e-10
260.80265498161316,-7.633544e-10
260.8978524208069,-7.643162e-10
260.9930741786957,-7.638587e-10
261.0870966911316,-7.642779e-10
261.1812961101532,-7.641822e-10
261.27543473243713,-7.642061e-10
261.36971378326416,-7.643939e-10
261.4649019241333,-7.640401e-10
261.5587408542633,-7.646138e-10
261.65350580215454,-7.641851e-10
261.7473292350769,-7.648321e-10
261.84229254722595,-7.643993e-10
261.93674087524414,-7.648869e-10
262.0311629772186,-7.645956e-10
262.12654733657837,-7.64494e-10
262.2205276489258,-7.649151e-10
262.3149211406708,-7.646091e-10
262.41013503074646,-7.674346e-10
262.5246353149414,-7.682524e-10
262.61972165107727,-7.671691e-10
262.7142310142517,-7.678978e-10
262.80800795555115,-7.674525e-10
262.9040651321411,-7.676986e-10
262.9980688095093,-7.67504e-10
263.0918459892273,-7.675087e-10
263.18587613105774,-7.676364e-10
263.27999329566956,-7.674567e-10
263.3874320983887,-7.680023e-10
263.48116636276245,-7.683404e-10
263.57509660720825,-7.711221e-10
263.66901659965515,-7.729093e-10
263.7628662586212,-7.720075e-10
263.85653924942017,-7.709137e-10
263.9504246711731,-7.716404e-10
264.04441499710083,-7.710423e-10
264.13885283470154,-7.718646e-10
264.2333688735962,-7.714073e-10
264.3276801109314,-7.71766e-10
264.42150235176086,-7.714279e-10
264.5160346031189,-7.71604e-10
264.61072969436646,-7.717764e-10
264.7045466899872,-7.715367e-10
264.79949283599854,-7.722061e-10
264.89368653297424,-7.717703e-10
264.9879765510559,-7.724016e-10
265.08313250541687,-7.720244e-10
265.17690777778625,-7.724769e-10
265.2720322608948,-7.722349e-10
265.3657464981079,-7.724417e-10
265.46069622039795,-7.726119e-10
265.5553328990936,-7.722057e-10
265.6496467590332,-7.728775e-10
265.74472284317017,-7.723663e-10
265.838751077652,-7.729817e-10
265.93272376060486,-7.725293e-10
266.0268487930298,-7.730835e-10
266.12040996551514,-7.726911e-10
266.2162845134735,-7.726266e-10
266.31025791168213,-7.729702e-10
266.4049310684204,-7.726309e-10
266.4988398551941,-7.732818e-10
266.59356236457825,-7.728464e-10
266.68772745132446,-7.738368e-10
266.78252959251404,-7.735076e-10
266.87733268737793,-7.733824e-10
266.97133779525757,-7.737229e-10
267.06593322753906,-7.733391e-10
267.1597652435303,-7.740325e-10
267.2547059059143,-7.73547e-10
267.349506855011,-7.741665e-10
267.44299697875977,-7.737593e-10
267.53785848617554,-7.739382e-10
267.6319558620453,-7.742109e-10
267.72707056999207,-7.73844e-10
267.82055950164795,-7.74599e-10
267.91568303108215,-7.740904e-10
268.01003861427307,-7.746898e-10
268.1041898727417,-7.743192e-10
268.19946908950806,-7.744228e-10
268.293288230896,-7.754185e-10
268.3883545398712,-7.748795e-10
268.48317790031433,-7.754589e-10
268.57740473747253,-7.750861e-10
268.67278122901917,-7.751894e-10
268.7690806388855,-7.7551e-10
268.86270236968994,-7.750139e-10
268.95741748809814,-7.75733e-10
269.0511693954468,-7.75224e-10
269.14667081832886,-7.75581e-10
269.24052357673645,-7.755154e-10
269.3345558643341,-7.75373e-10
269.4292185306549,-7.758475e-10
269.52293634414673,-7.753694e-10
269.6180715560913,-7.761045e-10
269.7132043838501,-7.758481e-10
269.80765867233276,-7.763326e-10
269.9016013145447,-7.761831e-10
269.995760679245,-7.760344e-10
270.09010338783264,-7.763343e-10
270.19195652008057,-7.764318e-10
270.28559160232544,-7.759952e-10
270.37978434562683,-7.767562e-10
270.47390627861023,-7.763196e-10
270.5683901309967,-7.76803e-10
270.6623947620392,-7.766605e-10
270.7567608356476,-7.766759e-10
270.8510551452637,-7.771134e-10
270.9458975791931,-7.767201e-10
271.04083824157715,-7.773831e-10
271.13502979278564,-7.76772e-10
271.2295892238617,-7.771752e-10
271.3239984512329,-7.769187e-10
271.4185109138489,-7.775306e-10
271.51355624198914,-7.778704e-10
271.6072402000427,-7.772928e-10
271.7014203071594,-7.777453e-10
271.7954258918762,-7.771943e-10
271.8901295661926,-7.778188e-10
271.98579263687134,-7.767428e-10
272.07978320121765,-7.766293e-10
272.17526030540466,-7.76856e-10
272.2703080177307,-7.765346e-10
272.3647048473358,-7.773641e-10
272.45931458473206,-7.771239e-10
272.5530958175659,-7.777035e-10
272.64763498306274,-7.774152e-10
272.7418780326843,-7.776421e-10
272.8366189002991,-7.779643e-10
272.935604095459,-7.779266e-10
273.0301239490509,-7.778012e-10
273.1238808631897,-7.783472e-10
273.2184693813324,-7.779657e-10
273.3123641014099,-7.78604e-10
273.4062588214874,-7.784411e-10
273.50153970718384,-7.791732e-10
273.5951340198517,-7.784512e-10
273.689297914505,-7.789398e-10
273.78315687179565,-7.78653e-10
273.8778076171875,-7.788652e-10
273.9724099636078,-7.79095e-10
274.06682300567627,-7.787231e-10
274.16102838516235,-7.79318e-10
274.25518131256104,-7.786709e-10
274.3489511013031,-7.79117e-10
274.4429678916931,-7.776585e-10
274.5418336391449,-7.771804e-10
274.63709020614624,-7.782998e-10
274.73138546943665,-7.782665e-10
274.82570791244507,-7.787626e-10
274.92076683044434,-7.788402e-10
275.01433515548706,-7.79213e-10
275.11039447784424,-7.798628e-10
275.2055878639221,-7.794643e-10
275.29939794540405,-7.800825e-10
275.3958809375763,-7.798156e-10
275.49134254455566,-7.794659e-10
275.58496475219727,-7.799333e-10
275.6789405345917,-7.795433e-10
275.7747015953064,-7.803396e-10
275.8681204319,-7.799492e-10
275.9642732143402,-7.799796e-10
276.0586783885956,-7.804606e-10
276.152792930603,-7.800636e-10
276.24687218666077,-7.807101e-10
276.3405430316925,-7.802226e-10
276.43476819992065,-7.809725e-10
276.52869272232056,-7.805533e-10
276.6230556964874,-7.815007e-10
276.7168221473694,-7.816163e-10
276.8114347457886,-7.816705e-10
276.9055097103119,-7.809851e-10
277.00035405158997,-7.810099e-10
277.0953629016876,-7.815464e-10
277.18950629234314,-7.811629e-10
277.2843084335327,-7.817778e-10
277.3789846897125,-7.81181e-10
277.47349429130554,-7.816173e-10
277.56789660453796,-7.813297e-10
277.66208577156067,-7.814255e-10
277.7589519023895,-7.818086e-10
277.8538587093353,-7.812953e-10
277.9480412006378,-7.816657e-10
278.0428638458252,-7.812602e-10
278.13683581352234,-7.81476e-10
278.23129200935364,-7.816652e-10
278.3260929584503,-7.811471e-10
278.41949915885925,-7.821216e-10
278.51410031318665,-7.885428e-10
278.60767674446106,-7.859936e-10
278.7025384902954,-7.853801e-10
278.814665555954,-7.847565e-10
278.9079420566559,-7.85318e-10
279.00159978866577,-7.870956e-10
279.0976297855377,-7.887016e-10
279.1936128139496,-7.89927e-10
279.2876772880554,-7.902091e-10
279.3824043273926,-7.89726e-10
279.47608852386475,-7.903342e-10
279.5707468986511,-7.901054e-10
279.6660234928131,-7.902914e-10
279.75978446006775,-7.915013e-10
279.8546178340912,-7.907406e-10
279.948881149292,-7.915359e-10
280.0429480075836,-7.911499e-10
280.1384086608887,-7.914847e-10
280.2321045398712,-7.912409e-10
280.32713079452515,-7.912404e-10
280.4222905635834,-7.922122e-10
280.51614141464233,-7.916304e-10
280.609983921051,-7.922303e-10
280.70390033721924,-7.918312e-10
280.79842615127563,-7.925183e-10
280.89266204833984,-7.920663e-10
280.9883301258087,-7.923953e-10
281.0823276042938,-7.923638e-10
281.17648339271545,-7.922949e-10
281.2710671424866,-7.927985e-10
281.36514163017273,-7.925547e-10
281.46049404144287,-7.932475e-10
281.555456161499,-7.927968e-10
281.6499047279358,-7.934487e-10
281.7441189289093,-7.929456e-10
281.83761620521545,-7.933508e-10
281.9321858882904,-7.930501e-10
282.02617859840393,-7.932173e-10
282.12622833251953,-7.934581e-10
282.2203760147095,-7.93325e-10
282.31461334228516,-7.933711e-10
282.40988755226135,-7.936899e-10
282.5040752887726,-7.932611e-10
282.59838223457336,-7.939641e-10
282.6927492618561,-7.934396e-10
282.7876284122467,-7.939507e-10
282.8824248313904,-7.936835e-10
282.9764120578766,-7.937271e-10
283.07121229171753,-7.940243e-10
283.16550612449646,-7.935676e-10
283.26089692115784,-7.94352e-10
283.35596227645874,-7.939721e-10
283.4495949745178,-7.944928e-10
283.54401898384094,-7.941662e-10
283.63815450668335,-7.941502e-10
283.7323935031891,-7.940208e-10
283.82704639434814,-7.931294e-10
283.9215693473816,-7.945974e-10
284.01644706726074,-7.942008e-10
284.1104304790497,-7.94856e-10
284.2060408592224,-7.945277e-10
284.3005299568176,-7.942433e-10
284.3969376087189,-7.971542e-10
284.49267983436584,-7.955527e-10
284.586941242218,-7.955325e-10
284.6808853149414,-7.952303e-10
284.7753303050995,-7.949938e-10
284.86929988861084,-7.953341e-10
284.96402978897095,-7.947301e-10
285.05776715278625,-7.952901e-10
285.15175127983093,-7.947941e-10
285.245322227478,-7.951197e-10
285.33899784088135,-7.9384e-10
285.43264079093933,-7.923071e-10
285.5267343521118,-7.919174e-10
285.62325835227966,-7.924415e-10
285.7176697254181,-7.932122e-10
285.8118050098419,-7.931187e-10
285.90604758262634,-7.941711e-10
286.0010464191437,-7.942033e-10
286.0978150367737,-7.947261e-10
286.1935942173004,-7.946838e-10
286.2874422073364,-7.941267e-10
286.38131737709045,-7.950778e-10
286.47597432136536,-7.948089e-10
286.5704035758972,-7.951274e-10
286.6644458770752,-7.950585e-10
286.7585129737854,-7.950412e-10
286.85289430618286,-7.954054e-10
286.94709610939026,-7.949044e-10
287.04196310043335,-7.955626e-10
287.13562083244324,-7.948187e-10
287.22990131378174,-7.95188e-10
287.3256952762604,-7.95051e-10
287.4191892147064,-7.956474e-10
287.51377391815186,-7.954758e-10
287.6081187725067,-7.957437e-10
287.7028262615204,-7.960647e-10
287.79705905914307,-7.957449e-10
287.89170718193054,-7.962906e-10
287.9860029220581,-7.955789e-10
288.08002257347107,-7.963624e-10
288.1746771335602,-7.959963e-10
288.26997470855713,-7.964748e-10
288.3646171092987,-7.964409e-10
288.45937967300415,-7.962047e-10
288.5533781051636,-7.968207e-10
288.64744210243225,-7.963542e-10
288.74239778518677,-7.971058e-10
288.8783190250397,-7.961867e-10
288.9726881980896,-7.969819e-10
289.06651735305786,-7.965973e-10
289.1611213684082,-7.970732e-10
289.25516057014465,-7.968144e-10
289.34987688064575,-7.969333e-10
289.44359064102173,-7.971518e-10
289.53800678253174,-7.967349e-10
289.631867647171,-7.965999e-10
289.725866317749,-7.963404e-10
289.81996035575867,-7.971009e-10
289.91416335105896,-7.968108e-10
290.0083966255188,-7.97596e-10
290.10321593284607,-7.973062e-10
290.1972448825836,-7.975801e-10
290.2917218208313,-7.975957e-10
290.3856289386749,-7.974612e-10
290.4793395996094,-7.977545e-10
290.57371377944946,-7.971802e-10
290.6677038669586,-7.975895e-10
290.76262974739075,-7.972653e-10
290.8565123081207,-7.980962e-10
290.95079350471497,-7.977834e-10
291.04431533813477,-7.982662e-10
291.1389102935791,-7.980199e-10
291.23332500457764,-7.980383e-10
291.32778573036194,-7.984706e-10
291.42198944091797,-7.980184e-10
291.51627707481384,-7.986449e-10
291.61072969436646,-7.98232e-10
291.7062735557556,-7.987419e-10
291.8002920150757,-7.985119e-10
291.8945631980896,-7.985443e-10
291.9898359775543,-7.989402e-10
292.0842990875244,-7.984763e-10
292.17900824546814,-7.992114e-10
292.2734537124634,-7.987254e-10
292.368043422699,-7.99148e-10
292.46182203292847,-7.988641e-10
292.5571484565735,-7.988074e-10
292.6527609825134,-7.993622e-10
292.7468478679657,-7.988225e-10
292.8427424430847,-7.994815e-10
292.9367563724518,-7.99153e-10
293.03091073036194,-7.992396e-10
293.1252248287201,-7.993813e-10
293.2190887928009,-7.990411e-10
293.314204454422,-7.996272e-10
293.4087965488434,-7.991658e-10
293.50293612480164,-7.998496e-10
293.5973196029663,-7.994255e-10
293.69172954559326,-7.996014e-10
293.78648352622986,-7.997375e-10
293.88021659851074,-7.99473e-10
293.97543835639954,-8.000087e-10
294.06957602500916,-7.995505e-10
294.16428875923157,-8.001488e-10
294.2585961818695,-7.997651e-10
294.352322101593,-8.003969e-10
294.4470467567444,-8.007208e-10
294.5468261241913,-8.011452e-10
294.64079117774963,-8.018295e-10
294.74908471107483,-8.028195e-10
294.842645406723,-8.027078e-10
294.9366672039032,-8.031626e-10
295.03109431266785,-8.027376e-10
295.13035345077515,-8.024648e-10
295.2240982055664,-8.026837e-10
295.317236661911,-8.018869e-10
295.4122853279114,-8.016288e-10
295.506014585495,-8.010532e-10
295.6001250743866,-8.020144e-10
295.69375228881836,-8.01355e-10
295.787885427475,-8.016457e-10
295.8829126358032,-8.007439e-10
295.9768159389496,-8.002493e-10
296.0713572502136,-8.003509e-10
296.1647207736969,-8.002345e-10
296.259396314621,-8.005764e-10
296.353257894516,-8.001545e-10
296.44732213020325,-8.00891e-10
296.5408754348755,-8.00587e-10
296.6352171897888,-8.01112e-10
296.72903323173523,-8.003961e-10
296.82333850860596,-8.011897e-10
296.9182608127594,-7.994214e-10
297.0130500793457,-7.994032e-10
297.1069436073303,-7.999961e-10
297.20107913017273,-8.000089e-10
297.29504013061523,-8.00645e-10
297.38845109939575,-8.003623e-10
297.48204493522644,-8.010171e-10
297.57629013061523,-8.00768e-10
297.6706373691559,-8.015322e-10
297.7646007537842,-8.009339e-10
297.86016726493835,-8.011934e-10
297.95427227020264,-8.007451e-10
298.04985451698303,-8.005743e-10
298.14425563812256,-7.998106e-10
298.2393023967743,-7.999506e-10
298.3328502178192,-8.007336e-10
298.427654504776,-8.003274e-10
298.52063035964966,-8.008469e-10
298.6147630214691,-8.003788e-10
298.7087936401367,-8.007617e-10
298.80303144454956,-8.017733e-10
298.9116384983063,-8.017905e-10
299.0053699016571,-8.027663e-10
299.0993559360504,-8.025428e-10
299.19495606422424,-8.031701e-10
299.28926062583923,-8.027881e-10
299.38355922698975,-8.034876e-10
299.478040933609,-8.030318e-10
299.57334423065186,-8.030658e-10
299.66717982292175,-8.033339e-10
299.761248588562,-8.031052e-10
299.8636257648468,-8.0314e-10
299.9580166339874,-8.038414e-10
300.0523588657379,-8.033504e-10
300.1460347175598,-8.038645e-10
300.24044966697693,-8.034944e-10
300.3347370624542,-8.036449e-10
300.42918515205383,-8.037402e-10
300.5226843357086,-8.035821e-10
300.6162066459656,-8.038447e-10
300.71063566207886,-8.034826e-10
300.805050611496,-8.041103e-10
300.8988606929779,-8.03617e-10
300.99369764328003,-8.042584e-10
301.08873558044434,-8.038344e-10
301.1825602054596,-8.040527e-10
301.2768819332123,-8.039936e-10
301.3702709674835,-8.039963e-10
301.4648971557617,-8.042192e-10
301.5585241317749,-8.039102e-10
301.65215158462524,-8.043042e-10
301.7463710308075,-8.039093e-10
301.84029746055603,-8.045009e-10
301.934207201004,-8.0402e-10
302.0282528400421,-8.047628e-10
302.12192726135254,-8.042634e-10
302.2162392139435,-8.048786e-10
302.33063101768494,-8.048878e-10
302.4239647388458,-8.043394e-10
302.51767134666443,-8.049523e-10
302.61139702796936,-8.04631e-10
302.7061128616333,-8.049394e-10
302.8002042770386,-8.048598e-10
302.89467453956604,-8.045575e-10
302.9884729385376,-8.049804e-10
303.0823791027069,-8.046322e-10
303.1762557029724,-8.052777e-10
303.2704532146454,-8.047719e-10
303.3646287918091,-8.054677e-10
303.45865535736084,-8.048816e-10
303.5526053905487,-8.054751e-10
303.64708638191223,-8.052246e-10
303.74108624458313,-8.05869e-10
303.8359069824219,-8.057199e-10
303.9305748939514,-8.053185e-10
304.02416825294495,-8.056693e-10
304.1183726787567,-8.052254e-10
304.2119584083557,-8.057169e-10
304.30648612976074,-8.052236e-10
304.40028262138367,-8.058409e-10
304.4952518939972,-8.053628e-10
304.5886924266815,-8.059121e-10
304.6834855079651,-8.055372e-10
304.77824807167053,-8.055093e-10
304.87376594543457,-8.05942e-10
304.9675967693329,-8.054687e-10
305.0615904331207,-8.061718e-10
305.15542817115784,-8.055654e-10
305.24923038482666,-8.062278e-10
305.3433794975281,-8.056972e-10
305.4370913505554,-8.061163e-10
305.53110671043396,-8.054897e-10
305.62456941604614,-8.057927e-10
305.7181239128113,-8.054828e-10
305.81232237815857,-8.056464e-10
305.9070236682892,-8.057942e-10
306.0011327266693,-8.054687e-10
306.0954039096832,-8.061854e-10
306.18937039375305,-8.057555e-10
306.2838923931122,-8.064735e-10
306.37833547592163,-8.060559e-10
306.47378969192505,-8.062058e-10
306.56820130348206,-8.063102e-10
306.6618540287018,-8.060367e-10
306.7569534778595,-8.065767e-10
306.8524363040924,-8.061358e-10
306.94590878486633,-8.06737e-10
307.0405128002167,-8.062856e-10
307.1347441673279,-8.061848e-10
307.22827434539795,-8.060601e-10
307.3220067024231,-8.060139e-10
307.41599464416504,-8.060496e-10
307.50967931747437,-8.058432e-10
307.6047852039337,-8.062523e-10
307.6986162662506,-8.05682e-10
307.7934365272522,-8.061812e-10
307.8877682685852,-8.056862e-10
307.9821844100952,-8.063017e-10
308.07610535621643,-8.058116e-10
308.1700794696808,-8.063036e-10
308.264928817749,-8.059917e-10
308.37619137763977,-8.057337e-10
308.4698431491852,-8.0638e-10
308.5634570121765,-8.058106e-10
308.65771675109863,-8.064515e-10
308.751380443573,-8.0593e-10
308.84568095207214,-8.064593e-10
308.93982338905334,-8.059557e-10
309.03463888168335,-8.062317e-10
309.1282215118408,-8.062466e-10
309.2229301929474,-8.062704e-10
309.3160648345947,-8.064853e-10
309.4106068611145,-8.062505e-10
309.50418519973755,-8.066552e-10
309.59918117523193,-8.062324e-10
309.6931297779083,-8.0683e-10
309.7882423400879,-8.065525e-10
309.8817205429077,-8.070662e-10
309.9761004447937,-8.067549e-10
310.0697548389435,-8.073406e-10
310.1639988422394,-8.070329e-10
310.2583980560303,-8.077366e-10
310.3522524833679,-8.078399e-10
310.44624733924866,-8.07428e-10
310.5405328273773,-8.084026e-10
310.63485980033875,-8.084325e-10
310.7287757396698,-8.092644e-10
310.82375931739807,-8.091417e-10
310.9189007282257,-8.091474e-10
311.01246523857117,-8.095757e-10
311.1063311100006,-8.091283e-10
311.200071811676,-8.093411e-10
311.2937219142914,-8.087764e-10
311.38776755332947,-8.093509e-10
311.4842326641083,-8.089792e-10
311.57793498039246,-8.093012e-10
311.6726076602936,-8.091573e-10
311.767210483551,-8.089652e-10
311.8612103462219,-8.095081e-10
311.95706152915955,-8.091366e-10
312.0521020889282,-8.097028e-10
312.1458899974823,-8.093429e-10
312.24147367477417,-8.09275e-10
312.3350832462311,-8.096582e-10
312.43055963516235,-8.092807e-10
312.5250744819641,-8.098937e-10
312.6188645362854,-8.094377e-10
312.71378326416016,-8.096183e-10
312.807785987854,-8.097245e-10
312.9029059410095,-8.095493e-10
312.99694561958313,-8.101317e-10
313.09284687042236,-8.097424e-10
313.18687105178833,-8.102901e-10
313.2815270423889,-8.10122e-10
313.3758521080017,-8.100953e-10
313.4691638946533,-8.103424e-10
313.5636456012726,-8.100202e-10
313.6586561203003,-8.106482e-10
313.7528793811798,-8.101346e-10
313.84788608551025,-8.106274e-10
313.94397163391113,-8.107731e-10
314.03786301612854,-8.103473e-10
314.13269305229187,-8.109985e-10
314.2270543575287,-8.135829e-10
314.32117199897766,-8.147811e-10
314.4161114692688,-8.135749e-10
314.51002407073975,-8.130794e-10
314.6045255661011,-8.131328e-10
314.6999316215515,-8.126564e-10
314.79410123825073,-8.133942e-10
314.888307094574,-8.128946e-10
314.98260617256165,-8.133441e-10
315.0766761302948,-8.130474e-10
315.17043113708496,-8.131902e-10
315.26554679870605,-8.135006e-10
315.36045002937317,-8.130961e-10
315.4544379711151,-8.137232e-10
315.54873299598694,-8.132556e-10
315.6425337791443,-8.137763e-10
315.73691296577454,-8.134216e-10
315.83082842826843,-8.136325e-10
315.9250235557556,-8.137131e-10
316.01893734931946,-8.134852e-10
316.1126596927643,-8.139233e-10
316.20636796951294,-8.135352e-10
316.3006978034973,-8.141478e-10
316.3946566581726,-8.135812e-10
316.48857402801514,-8.143087e-10
316.58232593536377,-8.137641e-10
316.676602602005,-8.144195e-10
316.77084493637085,-8.139701e-10
316.86548805236816,-8.141685e-10
316.95981764793396,-8.142731e-10
317.05310320854187,-8.140653e-10
317.1492278575897,-8.146438e-10
317.24328207969666,-8.14149e-10
317.33874440193176,-8.145347e-10
317.4327118396759,-8.144539e-10
317.52664136886597,-8.143455e-10
317.62219858169556,-8.15122e-10
317.71728777885437,-8.146373e-10
317.81239438056946,-8.148924e-10
317.9066913127899,-8.146518e-10
318.0007584095001,-8.145978e-10
318.0956938266754,-8.149921e-10
318.18996000289917,-8.145244e-10
318.2843117713928,-8.152152e-10
318.3789026737213,-8.147526e-10
318.4730041027069,-8.153294e-10
318.5669946670532,-8.149271e-10
318.6611831188202,-8.152771e-10
318.7556972503662,-8.152141e-10
318.8495526313782,-8.152372e-10
318.9449429512024,-8.15598e-10
319.0392951965332,-8.152842e-10
319.1331834793091,-8.158928e-10
319.2275183200836,-8.153305e-10
319.3208909034729,-8.159696e-10
319.4147901535034,-8.153556e-10
319.50811791419983,-8.15897e-10
319.60411310195923,-8.155661e-10
319.69782161712646,-8.158355e-10
319.7933237552643,-8.157692e-10
319.88786029815674,-8.153556e-10
319.9820055961609,-8.159746e-10
320.076034784317,-8.155563e-10
320.17010712623596,-8.161776e-10
320.2645568847656,-8.156927e-10
320.3580951690674,-8.162229e-10
320.45303678512573,-8.158443e-10
320.5498263835907,-8.156497e-10
320.64650678634644,-8.162803e-10
320.74005365371704,-8.160403e-10
320.8344392776489,-8.162102e-10
320.92967104911804,-8.163822e-10
321.0241324901581,-8.159073e-10
321.1188142299652,-8.166141e-10
321.21251916885376,-8.16139e-10
321.30625200271606,-8.167727e-10
321.40092635154724,-8.163493e-10
321.49547719955444,-8.16786e-10
321.5891025066376,-8.16549e-10
321.6828234195709,-8.166066e-10
321.7766070365906,-8.164942e-10
321.87094020843506,-8.162953e-10
321.96495628356934,-8.166339e-10
322.05960178375244,-8.162154e-10
322.1531274318695,-8.168412e-10
322.24869990348816,-8.165262e-10
322.3428165912628,-8.170459e-10
322.43660068511963,-8.165306e-10
322.53116750717163,-8.165902e-10
322.6251790523529,-8.166499e-10
322.71971583366394,-8.164117e-10
322.81443667411804,-8.170785e-10
322.90878653526306,-8.166179e-10
323.00286197662354,-8.173028e-10
323.09676456451416,-8.167471e-10
323.1919403076172,-8.168852e-10
323.28563714027405,-8.168596e-10
323.37950468063354,-8.169682e-10
323.4732127189636,-8.170216e-10
323.5678517818451,-8.164587e-10
323.66179156303406,-8.172722e-10
323.7563464641571,-8.169951e-10
323.8515875339508,-8.176385e-10
323.9457037448883,-8.172398e-10
324.03999519348145,-8.175707e-10
324.1337478160858,-8.177156e-10
324.22784209251404,-8.17834e-10
324.32245230674744,-8.181386e-10
324.41640758514404,-8.175207e-10
324.5118227005005,-8.180003e-10
324.60573410987854,-8.175482e-10
324.7000529766083,-8.182012e-10
324.79406785964966,-8.17989e-10
324.88828706741333,-8.182031e-10
324.98241567611694,-8.181826e-10
325.07724475860596,-8.178407e-10
325.1709840297699,-8.183467e-10
325.2652986049652,-8.176808e-10
325.3610737323761,-8.180188e-10
325.45503854751587,-8.176646e-10
325.54964876174927,-8.177486e-10
325.6444294452667,-8.179913e-10
325.7397561073303,-8.176798e-10
325.8341944217682,-8.184727e-10
325.92843866348267,-8.179742e-10
326.02309107780457,-8.184255e-10
326.1174032688141,-8.181168e-10
326.2122929096222,-8.179187e-10
326.3069326877594,-8.184622e-10
326.401239156723,-8.180144e-10
326.49522709846497,-8.186544e-10
326.5890965461731,-8.181162e-10
326.68250370025635,-8.177277e-10
326.7764744758606,-8.16241e-10
326.87046360969543,-8.174375e-10
326.9642872810364,-8.171471e-10
327.0826418399811,-8.175123e-10
327.17620944976807,-8.174046e-10
327.2708261013031,-8.178508e-10
327.364497423172,-8.174447e-10
327.4587230682373,-8.181615e-10
327.55420660972595,-8.177911e-10
327.6481308937073,-8.177681e-10
327.7424292564392,-8.165823e-10
327.83627557754517,-8.172659e-10
327.9322319030762,-8.176684e-10
328.0274155139923,-8.174168e-10
328.121057510376,-8.18191e-10
328.2160747051239,-8.177265e-10
328.31056094169617,-8.179176e-10
328.4056861400604,-8.182832e-10
328.5002043247223,-8.178818e-10
328.594384431839,-8.185542e-10
328.6896142959595,-8.181447e-10
328.78384137153625,-8.18677e-10
328.8789396286011,-8.184262e-10
328.9731216430664,-8.184208e-10
329.0672628879547,-8.186748e-10
329.1615209579468,-8.183189e-10
329.2557396888733,-8.189178e-10
329.35056805610657,-8.184678e-10
329.4449701309204,-8.190955e-10
329.5392265319824,-8.191278e-10
329.6340482234955,-8.196396e-10
329.7278070449829,-8.19629e-10
329.82190799713135,-8.199235e-10
329.9151339530945,-8.201367e-10
330.00893807411194,-8.203394e-10
330.10268330574036,-8.206828e-10
330.1967685222626,-8.20277e-10
330.2908580303192,-8.208121e-10
330.38511896133423,-8.203445e-10
330.47910809516907,-8.210952e-10
330.5744364261627,-8.206483e-10
330.66833996772766,-8.209892e-10
330.7636797428131,-8.210108e-10
330.85784912109375,-8.204847e-10
330.9519212245941,-8.211329e-10
331.04707646369934,-8.207123e-10
331.14063811302185,-8.213537e-10
331.23554134368896,-8.209982e-10
331.32985401153564,-8.210121e-10
331.42393589019775,-8.213728e-10
331.5181601047516,-8.210042e-10
331.6121232509613,-8.216327e-10
331.7057948112488,-8.212196e-10
331.79948329925537,-8.216323e-10
331.89367842674255,-8.212416e-10
331.98756551742554,-8.220115e-10
332.0823059082031,-8.21626e-10
332.1760516166687,-8.223612e-10
332.2709095478058,-8.231293e-10
332.36522912979126,-8.23533e-10
332.4596903324127,-8.237088e-10
332.5547285079956,-8.232435e-10
332.649329662323,-8.238981e-10
332.7444324493408,-8.234652e-10
332.83925771713257,-8.234702e-10
332.93315029144287,-8.236835e-10
333.0288200378418,-8.233753e-10
333.1228437423706,-8.240827e-10
333.2176556587219,-8.236679e-10
333.31243443489075,-8.239998e-10
333.40660643577576,-8.239749e-10
333.50120735168457,-8.239364e-10
333.59487676620483,-8.243073e-10
333.68988966941833,-8.239207e-10
333.7843019962311,-8.246544e-10
333.8784487247467,-8.241035e-10
333.97305274009705,-8.247941e-10
334.0671851634979,-8.244813e-10
334.1619303226471,-8.244472e-10
334.2556598186493,-8.247145e-10
334.3486349582672,-8.247824e-10
334.4425365924835,-8.248757e-10
334.53771805763245,-8.24564e-10
334.631395816803,-8.252093e-10
334.72601771354675,-8.247644e-10
334.8196699619293,-8.255206e-10
334.91447854042053,-8.250566e-10
335.0097870826721,-8.253287e-10
335.10383009910583,-8.253768e-10
335.20001244544983,-8.250204e-10
335.29395389556885,-8.256911e-10
335.3876278400421,-8.25134e-10
335.482825756073,-8.258268e-10
335.57646203041077,-8.253551e-10
335.67145013809204,-8.255813e-10
335.7659945487976,-8.257353e-10
335.8610088825226,-8.25308e-10
335.9557535648346,-8.260168e-10
336.0511898994446,-8.256645e-10
336.14558577537537,-8.257812e-10
336.24040174484253,-8.259642e-10
336.33405351638794,-8.255111e-10
336.429048538208,-8.261854e-10
336.52362728118896,-8.256823e-10
336.6178092956543,-8.262486e-10
336.71186447143555,-8.258548e-10
336.80580973625183,-8.260154e-10
336.90043473243713,-8.261768e-10
336.99600076675415,-8.258119e-10
337.0904004573822,-8.265009e-10
337.1845371723175,-8.26048e-10
337.2787127494812,-8.264538e-10
337.37316846847534,-8.262114e-10
337.4667217731476,-8.26255e-10
337.56339740753174,-8.266282e-10
337.6585912704468,-8.262122e-10
337.7524690628052,-8.266972e-10
337.8469579219818,-8.264481e-10
337.94162249565125,-8.262349e-10
338.03973412513733,-8.267831e-10
338.1335377693176,-8.264927e-10
338.2286295890808,-8.264033e-10
338.3234221935272,-8.269656e-10
338.41781735420227,-8.265277e-10
338.511696100235,-8.271231e-10
338.6059980392456,-8.266465e-10
338.700031042099,-8.270423e-10
338.7941665649414,-8.268213e-10
338.88836765289307,-8.267333e-10
338.98321080207825,-8.272149e-10
339.0774812698364,-8.268417e-10
339.17180371284485,-8.313915e-10
339.26608538627625,-8.29483e-10
339.3610289096832,-8.295175e-10
339.45650815963745,-8.293295e-10
339.55090951919556,-8.287836e-10
339.64542722702026,-8.2949e-10
339.7392752170563,-8.28869e-10
339.8337917327881,-8.295109e-10
339.9272379875183,-8.289622e-10
340.02156043052673,-8.293182e-10
340.1157195568085,-8.290699e-10
340.21061992645264,-8.289007e-10
340.3038992881775,-8.298675e-10
340.39752435684204,-8.294999e-10
340.4953579902649,-8.301369e-10
340.58982610702515,-8.300833e-10
340.68427062034607,-8.299411e-10
340.77908205986023,-8.302219e-10
340.87282538414,-8.29718e-10
340.9673948287964,-8.303602e-10
341.0612647533417,-8.298685e-10
341.1559433937073,-8.323838e-10
341.24977803230286,-8.312179e-10
341.3437442779541,-8.311574e-10
341.43765687942505,-8.307602e-10
341.5325560569763,-8.305661e-10
341.6273674964905,-8.310716e-10
341.72154545783997,-8.304966e-10
341.81612372398376,-8.311311e-10
341.9121127128601,-8.306161e-10
342.00597500801086,-8.306051e-10
342.1012752056122,-8.310496e-10
342.19498467445374,-8.305622e-10
342.28983640670776,-8.314066e-10
342.3836040496826,-8.309149e-10
342.47855973243713,-8.313985e-10
342.57322430610657,-8.312088e-10
342.66666889190674,-8.312649e-10
342.7605199813843,-8.313385e-10
342.8542375564575,-8.311259e-10
342.94870686531067,-8.315417e-10
343.04263496398926,-8.311037e-10
343.1368787288666,-8.3188e-10
343.23101711273193,-8.31325e-10
343.32493138313293,-8.319982e-10
343.4190082550049,-8.315363e-10
343.5130569934845,-8.319587e-10
343.60684084892273,-8.317827e-10
343.70153045654297,-8.316964e-10
343.80296325683594,-8.315776e-10
343.89712262153625,-8.320963e-10
343.99310541152954,-8.317064e-10
344.0874307155609,-8.322026e-10
344.1833510398865,-8.320852e-10
344.2782938480377,-8.316842e-10
344.3724277019501,-8.323716e-10
344.4661064147949,-8.318484e-10
344.56053733825684,-8.324917e-10
344.65466380119324,-8.320382e-10
344.7502586841583,-8.32083e-10
344.84469985961914,-8.323961e-10
344.9525191783905,-8.320181e-10
345.04702401161194,-8.326873e-10
345.141485452652,-8.321255e-10
345.2358136177063,-8.327299e-10
345.33120560646057,-8.324147e-10
345.4252030849457,-8.323044e-10
345.5209803581238,-8.328376e-10
345.61598014831543,-8.324239e-10
345.70997166633606,-8.328913e-10
345.8048675060272,-8.326433e-10
345.899361371994,-8.32399e-10
345.99329948425293,-8.329242e-10
346.088259935379,-8.325293e-10
346.1821868419647,-8.331679e-10
346.2768750190735,-8.32674e-10
346.3704876899719,-8.330684e-10
346.46453857421875,-8.328463e-10
346.55850172042847,-8.328835e-10
346.65323543548584,-8.331306e-10
346.7483389377594,-8.326841e-10
346.84208130836487,-8.33376e-10
346.9381151199341,-8.328984e-10
347.0322690010071,-8.331413e-10
347.12673234939575,-8.33213e-10
347.2205512523651,-8.328948e-10
347.31498646736145,-8.334392e-10
347.4095892906189,-8.329602e-10
347.50305104255676,-8.336228e-10
347.59745359420776,-8.331232e-10
347.6915216445923,-8.336511e-10
347.7862765789032,-8.333547e-10
347.87976121902466,-8.333574e-10
347.974328994751,-8.336312e-10
348.0680503845215,-8.332298e-10
348.1623091697693,-8.33728e-10
348.2567915916443,-8.331962e-10
348.3512930870056,-8.336974e-10
348.4458632469177,-8.332762e-10
348.5397174358368,-8.338795e-10
348.63364338874817,-8.337828e-10
348.7272264957428,-8.338689e-10
348.8218274116516,-8.3415e-10
348.91579580307007,-8.337187e-10
349.0100677013397,-8.344111e-10
349.10378885269165,-8.33926e-10
349.1972351074219,-8.346012e-10
349.2907931804657,-8.34055e-10
349.38528323173523,-8.347174e-10
349.4794383049011,-8.342843e-10
349.5737318992615,-8.34522e-10
349.66900968551636,-8.346999e-10
349.76331973075867,-8.343081e-10
349.8585207462311,-8.349336e-10
349.9528217315674,-8.344644e-10
350.0470595359802,-8.34869e-10
350.1418707370758,-8.347479e-10
350.2357966899872,-8.345744e-10
350.3307638168335,-8.350948e-10
350.4244222640991,-8.345991e-10
350.5191195011139,-8.353461e-10
350.61298298835754,-8.347974e-10
350.70789766311646,-8.352002e-10
350.8025929927826,-8.351726e-10
350.89636611938477,-8.349342e-10
350.9914231300354,-8.354062e-10
351.08521151542664,-8.350739e-10
351.18035769462585,-8.357265e-10
351.27382493019104,-8.351603e-10
351.36814975738525,-8.356131e-10
351.46226358413696,-8.353827e-10
351.5841178894043,-8.354794e-10
351.6776077747345,-8.355779e-10
351.7727816104889,-8.353804e-10
351.8667697906494,-8.384374e-10
351.96110558509827,-8.369763e-10
352.05517840385437,-8.372616e-10
352.14987683296204,-8.367076e-10
352.245493888855,-8.368313e-10
352.33934116363525,-8.372799e-10
352.4337377548218,-8.368222e-10
352.52969908714294,-8.373794e-10
352.63569617271423,-8.368647e-10
352.72964811325073,-8.374413e-10
352.82380867004395,-8.369497e-10
352.91815757751465,-8.375617e-10
353.0117356777191,-8.373796e-10
353.10601139068604,-8.375207e-10
353.1997301578522,-8.374662e-10
353.29521203041077,-8.372035e-10
353.38862895965576,-8.376717e-10
353.4828281402588,-8.371747e-10
353.57635736465454,-8.376631e-10
353.6703870296478,-8.367718e-10
353.76430010795593,-8.372612e-10
353.85804867744446,-8.368859e-10
353.9767608642578,-8.372965e-10
354.0699291229248,-8.374424e-10
354.1647078990936,-8.373996e-10
354.2580270767212,-8.372171e-10
354.35201358795166,-8.371447e-10
354.4459915161133,-8.368262e-10
354.54103350639343,-8.37535e-10
354.63447737693787,-8.371411e-10
354.72842478752136,-8.378728e-10
354.82191371917725,-8.372636e-10
354.91560077667236,-8.378955e-10
355.0091001987457,-8.373807e-10
355.1029133796692,-8.380617e-10
355.196994304657,-8.375436e-10
355.29038190841675,-8.382322e-10
355.3841691017151,-8.379583e-10
355.4777498245239,-8.381936e-10
355.5717079639435,-8.37895e-10
355.66560673713684,-8.380627e-10
355.75941133499146,-8.379865e-10
355.8529155254364,-8.381416e-10
355.94619822502136,-8.379328e-10
356.0394287109375,-8.375618e-10
356.1331763267517,-8.376809e-10
356.226580619812,-8.37661e-10
356.3198380470276,-8.377895e-10
356.41346621513367,-8.379024e-10
356.50663685798645,-8.381226e-10
356.59980058670044,-8.383843e-10
356.6934654712677,-8.375755e-10
356.7873408794403,-8.370699e-10
356.8808732032776,-8.373679e-10
356.97448229789734,-8.37481e-10
357.06810188293457,-8.375775e-10
357.161913394928,-8.373514e-10
357.25539231300354,-8.375911e-10
357.34900641441345,-8.355189e-10
357.4443202018738,-8.363105e-10
357.53766107559204,-8.370222e-10
357.632807970047,-8.382182e-10
357.72637248039246,-8.38001e-10
357.8201172351837,-8.38745e-10
357.9137225151062,-8.384337e-10
358.0100827217102,-8.384343e-10
358.1032531261444,-8.388387e-10
358.1970670223236,-8.386788e-10
358.2907292842865,-8.392511e-10
358.3840916156769,-8.388467e-10
358.4776065349579,-8.393461e-10
358.5712752342224,-8.39051e-10
358.66623067855835,-8.396657e-10
358.76127529144287,-8.392531e-10
358.85540747642517,-8.399018e-10
358.94954562187195,-8.425299e-10
359.0444326400757,-8.511125e-10
359.1393597126007,-8.475821e-10
359.2333707809448,-8.460108e-10
359.327166557312,-8.458539e-10
359.4214189052582,-8.456891e-10
359.51521348953247,-8.468598e-10
359.60901403427124,-8.469109e-10
359.7028751373291,-8.473967e-10
359.79724407196045,-8.46766e-10
359.8917498588562,-8.461113e-10
359.9859254360199,-8.460468e-10
360.08042907714844,-8.455675e-10
360.17761754989624,-8.459881e-10
360.27158212661743,-8.451736e-10
360.36557483673096,-8.449614e-10
360.4592044353485,-8.451179e-10
360.5527904033661,-8.451898e-10
360.64692282676697,-8.455299e-10
360.7402458190918,-8.453994e-10
360.8342604637146,-8.458588e-10
360.92775559425354,-8.453956e-10
361.0213460922241,-8.460652e-10
361.1152515411377,-8.456719e-10
361.2084045410156,-8.462582e-10
361.3031225204468,-8.457924e-10
361.3965721130371,-8.461009e-10
361.49119114875793,-8.454893e-10
361.5859308242798,-8.463479e-10
361.6797125339508,-8.463943e-10
361.7744731903076,-8.467459e-10
361.86994981765747,-8.475862e-10
361.9647822380066,-8.47228e-10
362.0583188533783,-8.46376e-10
362.151976108551,-8.530117e-10
362.2458379268646,-8.51739e-10
362.340683221817,-8.499491e-10
362.43511748313904,-8.501765e-10
362.52995133399963,-8.505009e-10
362.62395095825195,-8.501825e-10
362.71753334999084,-8.508663e-10
362.81214785575867,-8.504684e-10
362.90669107437134,-8.5123e-10
363.00128054618835,-8.502236e-10
363.09550762176514,-8.509592e-10
363.18942403793335,-8.508876e-10
363.28339648246765,-8.514117e-10
363.37718081474304,-8.513777e-10
363.47116136550903,-8.513538e-10
363.5648591518402,-8.516434e-10
363.6586060523987,-8.512923e-10
363.7528438568115,-8.515449e-10
363.8482599258423,-8.512833e-10
363.94240522384644,-8.520487e-10
364.03663539886475,-8.516677e-10
364.13034081459045,-8.522217e-10
364.22439527511597,-8.518602e-10
388.06031107902527,-8.561438e-10
388.2166154384613,-8.559102e-10
388.31073546409607,-8.558035e-10
388.404878616333,-8.561448e-10
388.49889063835144,-8.557683e-10
388.5926356315613,-8.562431e-10
388.6859357357025,-8.558508e-10
388.78031516075134,-8.568619e-10
388.87441635131836,-8.563121e-10
388.96812558174133,-8.569586e-10
389.06250524520874,-8.56769e-10
389.1580259799957,-8.56878e-10
389.25250601768494,-8.569468e-10
389.3469536304474,-8.565058e-10
389.4410252571106,-8.570534e-10
389.53535771369934,-8.566933e-10
389.62916326522827,-8.573429e-10
389.72737669944763,-8.571845e-10
389.8250720500946,-8.570079e-10
389.9192314147949,-8.57395e-10
390.01337003707886,-8.571644e-10
390.1072940826416,-8.571467e-10
390.2012720108032,-8.574338e-10
390.29514169692993,-8.570936e-10
390.3887026309967,-8.575294e-10
390.48254561424255,-8.571285e-10
390.57607412338257,-8.578326e-10
390.6698727607727,-8.573885e-10
390.7633442878723,-8.579829e-10
390.856600522995,-8.574385e-10
390.9502041339874,-8.581287e-10
391.04428911209106,-8.576845e-10
391.1375501155853,-8.583013e-10
391.2315318584442,-8.577486e-10
391.3253753185272,-8.584052e-10
391.41908168792725,-8.579072e-10
391.5127532482147,-8.584906e-10
391.6059093475342,-8.580142e-10
391.6997034549713,-8.584971e-10
391.7930974960327,-8.580474e-10
391.88637471199036,-8.585448e-10
391.9797532558441,-8.581059e-10
392.07328271865845,-8.586158e-10
392.1672306060791,-8.582012e-10
392.2609751224518,-8.584918e-10
392.3551962375641,-8.583811e-10
392.4490966796875,-8.584134e-10
392.5427713394165,-8.585656e-10
392.6370499134064,-8.584914e-10
392.73097801208496,-8.588983e-10
392.82530999183655,-8.583901e-10
392.91917848587036,-8.589756e-10
393.01284885406494,-8.584344e-10
393.10688495635986,-8.591975e-10
393.20110416412354,-8.58718e-10
393.29492354393005,-8.592062e-10
393.38893461227417,-8.587955e-10
393.4825859069824,-8.591129e-10
393.5765643119812,-8.589764e-10
393.6708974838257,-8.587897e-10
393.76532006263733,-8.59243e-10
393.8599462509155,-8.587923e-10
393.9540250301361,-8.595969e-10
394.0484116077423,-8.592104e-10
394.14261865615845,-8.596034e-10
394.2366645336151,-8.593645e-10
394.33041191101074,-8.597655e-10
394.4244034290314,-8.599066e-10
394.5188617706299,-8.592837e-10
394.61342430114746,-8.59801e-10
394.7071692943573,-8.592851e-10
394.80078744888306,-8.60037e-10
394.8944664001465,-8.597041e-10
394.9881331920624,-8.602577e-10
395.08191418647766,-8.59639e-10
395.1767809391022,-8.598489e-10
395.27066230773926,-8.597353e-10
395.3663773536682,-8.594273e-10
395.4611277580261,-8.6009e-10
395.5549519062042,-8.592915e-10
395.64949440956116,-8.599413e-10
395.7435917854309,-8.595656e-10
395.83804416656494,-8.598026e-10
395.9318799972534,-8.598881e-10
396.0260589122772,-8.595762e-10
396.11986565589905,-8.599158e-10
396.2135488986969,-8.592779e-10
396.3074219226837,-8.599554e-10
396.40125823020935,-8.595603e-10
396.4954173564911,-8.603433e-10
396.58944034576416,-8.600122e-10
396.68383383750916,-8.605323e-10
396.7780554294586,-8.601584e-10
396.8728919029236,-8.601518e-10
396.967159986496,-8.604334e-10
397.0616295337677,-8.600282e-10
397.15538454055786,-8.605713e-10
397.2505044937134,-8.601979e-10
397.34452533721924,-8.607482e-10
397.43828773498535,-8.602379e-10
397.53249406814575,-8.606467e-10
397.62747836112976,-8.605384e-10
397.72154784202576,-8.603432e-10
397.81575107574463,-8.608385e-10
397.9099419116974,-8.603592e-10
398.0043623447418,-8.610198e-10
398.0989863872528,-8.605053e-10
398.19337034225464,-8.610871e-10
398.28693556785583,-8.606907e-10
398.38252568244934,-8.607245e-10
398.4767451286316,-8.609952e-10
398.5712242126465,-8.605709e-10
398.66518998146057,-8.611574e-10
398.7595446109772,-8.606585e-10
398.8538782596588,-8.613241e-10
398.94764280319214,-8.608567e-10
399.04117465019226,-8.614001e-10
399.1357491016388,-8.60936e-10
399.2293405532837,-8.612347e-10
399.32293176651,-8.610169e-10
399.41643261909485,-8.611872e-10
399.51044368743896,-8.611345e-10
399.604040145874,-8.609069e-10
399.69788241386414,-8.612777e-10
399.79135060310364,-8.609577e-10
399.88612723350525,-8.613832e-10
399.98011088371277,-8.606838e-10
400.074533700943,-8.613544e-10
400.1689431667328,-8.608552e-10
400.26446557044983,-8.609915e-10
400.3587713241577,-8.612395e-10
400.4528295993805,-8.608278e-10
400.5473282337189,-8.615219e-10
400.64131212234497,-8.609852e-10
400.735627412796,-8.615809e-10
400.83022904396057,-8.61206e-10
400.9248089790344,-8.614595e-10
401.0194389820099,-8.61519e-10
401.11293363571167,-8.612743e-10
401.2082860469818,-8.6185e-10
401.30298137664795,-8.614474e-10
401.39688754081726,-8.631541e-10
401.50443959236145,-8.678119e-10
401.59843397140503,-8.685074e-10
401.69268465042114,-8.670413e-10
401.78708362579346,-8.663875e-10
401.88228487968445,-8.666056e-10
401.9767234325409,-8.660249e-10
402.07091760635376,-8.664033e-10
402.16634035110474,-8.659906e-10
402.26083850860596,-8.659911e-10
402.35599970817566,-8.662919e-10
402.4499752521515,-8.657915e-10
402.54451990127563,-8.665192e-10
402.63966727256775,-8.660669e-10
402.7341821193695,-8.663947e-10
402.8281795978546,-8.662566e-10
402.92322635650635,-8.660357e-10
403.0173616409302,-8.666687e-10
403.1126503944397,-8.663194e-10
403.2076826095581,-8.66699e-10
403.30287313461304,-8.666556e-10
403.3974528312683,-8.662899e-10
403.49180722236633,-8.668664e-10
403.58535599708557,-8.663091e-10
403.6803023815155,-8.670332e-10
403.7741918563843,-8.664866e-10
403.8686761856079,-8.669301e-10
403.9626247882843,-8.667139e-10
404.0564215183258,-8.66862e-10
404.14993929862976,-8.667816e-10
404.2441465854645,-8.667701e-10
404.3387484550476,-8.672121e-10
404.43358731269836,-8.666893e-10
404.5273416042328,-8.673038e-10
404.62086391448975,-8.666682e-10
404.714350938797,-8.672501e-10
404.808171749115,-8.66606e-10
404.90263533592224,-8.670828e-10
404.9964108467102,-8.663409e-10
405.09038376808167,-8.669487e-10
405.18494296073914,-8.668491e-10
405.2785289287567,-8.670247e-10
405.3735365867615,-8.675143e-10
405.46777868270874,-8.670972e-10
405.56165766716003,-8.677321e-10
405.6562080383301,-8.671576e-10
405.7506639957428,-8.676321e-10
405.84434843063354,-8.672439e-10
405.94033098220825,-8.672162e-10
406.0340657234192,-8.676569e-10
406.12844800949097,-8.67291e-10
406.22238087654114,-8.680819e-10
406.3175354003906,-8.67462e-10
406.4115333557129,-8.678619e-10
406.50591826438904,-8.674781e-10
406.6005423069,-8.673687e-10
406.69495248794556,-8.676287e-10
406.7902891635895,-8.672066e-10
406.88446259498596,-8.679941e-10
406.9789958000183,-8.673818e-10
407.0733528137207,-8.677105e-10
407.16745805740356,-8.674957e-10
407.262823343277,-8.673925e-10
407.35665225982666,-8.679349e-10
407.4513626098633,-8.672767e-10
407.5457730293274,-8.679639e-10
407.6396396160126,-8.674746e-10
407.73409819602966,-8.680215e-10
407.8280599117279,-8.676098e-10
407.9223997592926,-8.678044e-10
408.0164988040924,-8.678017e-10
408.1102764606476,-8.677102e-10
408.204226732254,-8.680105e-10
408.29888367652893,-8.676084e-10
408.39306449890137,-8.681985e-10
408.48810052871704,-8.677772e-10
408.5820803642273,-8.683443e-10
408.6762571334839,-8.678416e-10
408.7713143825531,-8.679673e-10
408.8651804924011,-8.681207e-10
408.9599266052246,-8.67779e-10
409.0554699897766,-8.686435e-10
409.1493136882782,-8.685397e-10
409.2438795566559,-8.690128e-10
409.3377661705017,-8.686942e-10
409.44801211357117,-8.682697e-10
409.5420424938202,-8.687684e-10
409.6366317272186,-8.681915e-10
409.7307093143463,-8.687617e-10
409.8253741264343,-8.682304e-10
409.919198513031,-8.687233e-10
410.0168950557709,-8.686328e-10
410.1110818386078,-8.680316e-10
410.20507979393005,-8.689275e-10
410.29999446868896,-8.685982e-10
410.3938000202179,-8.690373e-10
410.4878659248352,-8.684378e-10
410.582683801651,-8.683022e-10
410.6768503189087,-8.686467e-10
410.7715654373169,-8.681592e-10
410.86591243743896,-8.687807e-10
410.96077513694763,-8.682289e-10
411.056515455246,-8.683884e-10
411.15030217170715,-8.685552e-10
411.2459034919739,-8.682967e-10
411.3400673866272,-8.690635e-10
411.4338846206665,-8.686164e-10
411.5291631221771,-8.692119e-10
411.62276792526245,-8.6886e-10
411.7183644771576,-8.688152e-10
411.8125948905945,-8.693122e-10
411.907954454422,-8.688523e-10
412.00261092185974,-8.694878e-10
412.09721755981445,-8.69129e-10
412.19107365608215,-8.694629e-10
412.28550958633423,-8.694924e-10
412.3804199695587,-8.690907e-10
412.47473788261414,-8.697202e-10
412.56846857070923,-8.691652e-10
412.6630859375,-8.699095e-10
412.7578852176666,-8.694414e-10
412.8515965938568,-8.697403e-10
412.9457585811615,-8.695921e-10
413.03944396972656,-8.695313e-10
413.1338880062103,-8.698474e-10
413.2277913093567,-8.693913e-10
413.32231283187866,-8.700574e-10
413.4163661003113,-8.695118e-10
413.5116534233093,-8.698973e-10
413.6072995662689,-8.69936e-10
413.70257663726807,-8.695399e-10
413.7968912124634,-8.702185e-10
413.89293026924133,-8.69813e-10
413.989648103714,-8.695318e-10
414.0835003852844,-8.702029e-10
414.17885303497314,-8.69788e-10
414.27273416519165,-8.700158e-10
414.3672261238098,-8.700854e-10
414.46287655830383,-8.697578e-10
414.5572073459625,-8.704342e-10
414.6519663333893,-8.699813e-10
414.74594950675964,-8.703245e-10
414.83975434303284,-8.701684e-10
414.93485283851624,-8.699692e-10
415.02880811691284,-8.705384e-10
415.12419152259827,-8.700823e-10
415.2180132865906,-8.707112e-10
415.31252789497375,-8.702464e-10
415.40695810317993,-8.704552e-10
415.5055582523346,-8.707289e-10
415.59933948516846,-8.702518e-10
415.69383788108826,-8.705407e-10
415.7901985645294,-8.706983e-10
415.88529419898987,-8.703199e-10
415.97935009002686,-8.708819e-10
416.07365012168884,-8.704521e-10
416.1676621437073,-8.705804e-10
416.2625346183777,-8.707308e-10
416.35767364501953,-8.703404e-10
416.4533157348633,-8.708793e-10
416.5489299297333,-8.707318e-10
416.64361214637756,-8.703092e-10
416.73777079582214,-8.709066e-10
416.8346104621887,-8.705452e-10
416.9298663139343,-8.703733e-10
417.02476143836975,-8.709288e-10
417.11885118484497,-8.704313e-10
417.21385049819946,-8.710735e-10
417.3079330921173,-8.706244e-10
417.401487827301,-8.710203e-10
417.4960997104645,-8.708569e-10
417.5903151035309,-8.705835e-10
417.6848244667053,-8.711208e-10
417.77916979789734,-8.706244e-10
417.87408900260925,-8.712947e-10
417.9683017730713,-8.708178e-10
418.06261348724365,-8.710595e-10
418.1585433483124,-8.712598e-10
418.25253772735596,-8.70735e-10
418.34793972969055,-8.713412e-10
418.4428539276123,-8.710722e-10
418.53681540489197,-8.708941e-10
418.6312720775604,-8.713889e-10
418.7252984046936,-8.708803e-10
418.82080340385437,-8.715507e-10
418.9152898788452,-8.711156e-10
419.00963306427,-8.711857e-10
419.10412549972534,-8.713579e-10
419.20011496543884,-8.709776e-10
419.29388070106506,-8.715862e-10
419.38809609413147,-8.710476e-10
419.482221364975,-8.71538e-10
419.5791232585907,-8.716198e-10
419.6857702732086,-8.713493e-10
419.7794437408447,-8.715498e-10
419.8750879764557,-8.711331e-10
419.96972727775574,-8.717574e-10
420.06354880332947,-8.712365e-10
420.1579375267029,-8.717447e-10
420.251912355423,-8.717719e-10
420.3466453552246,-8.715448e-10
420.4402663707733,-8.718719e-10
420.5349643230438,-8.714742e-10
420.62885189056396,-8.722304e-10
420.72303771972656,-8.718276e-10
420.81706380844116,-8.721935e-10
420.91255259513855,-8.71741e-10
421.00747537612915,-8.719904e-10
421.10197377204895,-9.326114e-10
421.1964671611786,-9.092787e-10
421.2911434173584,-9.020173e-10
421.3875148296356,-8.986353e-10
421.482013463974,-8.968386e-10
421.575884103775,-8.969013e-10
421.66947078704834,-8.964326e-10
421.76358437538147,-8.96173e-10
421.85837268829346,-8.958285e-10
421.95265889167786,-8.965453e-10
422.0471374988556,-8.960285e-10
422.1415116786957,-8.968332e-10
422.235782623291,-8.964263e-10
422.32985067367554,-8.968319e-10
422.42439889907837,-8.970928e-10
422.51839900016785,-8.967067e-10
422.61225032806396,-8.972555e-10
422.7058925628662,-8.967906e-10
422.79933285713196,-8.974746e-10
422.8941020965576,-8.972191e-10
422.98827266693115,-8.979047e-10
423.0819573402405,-8.973909e-10
423.17645955085754,-8.980251e-10
423.27066588401794,-8.977117e-10
423.3652038574219,-8.978437e-10
423.4587390422821,-8.981902e-10
423.55333256721497,-8.980531e-10
423.6470408439636,-8.985161e-10
423.74055790901184,-8.980968e-10
423.8347897529602,-8.987432e-10
423.9306871891022,-8.9836e-10
424.02537631988525,-8.986276e-10
424.1193265914917,-8.987324e-10
424.2136740684509,-8.985099e-10
424.3087854385376,-8.991348e-10
424.40313720703125,-8.986795e-10
424.49787306785583,-8.992013e-10
424.59218549728394,-8.98869e-10
424.68753600120544,-8.987337e-10
424.78142642974854,-8.991636e-10
424.87578225135803,-8.986882e-10
424.96952986717224,-8.992487e-10
425.06426978111267,-8.990189e-10
425.1580533981323,-8.99514e-10
425.25242018699646,-8.98973e-10
425.3456199169159,-8.994598e-10
425.43927574157715,-8.990491e-10
425.5330948829651,-8.993959e-10
425.626793384552,-8.992789e-10
425.7203097343445,-8.995739e-10
425.81367325782776,-8.997623e-10
425.90763330459595,-8.996834e-10
426.001238822937,-8.997744e-10
426.09532260894775,-8.995408e-10
426.1891255378723,-9.004457e-10
426.2826430797577,-9.002483e-10
426.3762640953064,-9.007751e-10
426.4694769382477,-8.998325e-10
426.56270003318787,-9.001319e-10
426.6562843322754,-8.9964e-10
426.7504653930664,-9.004117e-10
426.84338998794556,-9.003009e-10
426.93688225746155,-9.007835e-10
427.0302929878235,-9.001762e-10
427.1235353946686,-9.005268e-10
427.2175221443176,-8.999803e-10
427.3124363422394,-9.007235e-10
427.40556597709656,-9.000958e-10
427.4988226890564,-9.005364e-10
427.59213161468506,-9.001033e-10
427.68577122688293,-9.006002e-10
427.77935886383057,-9.002242e-10
427.8731360435486,-9.005491e-10
427.96619629859924,-9.002558e-10
428.05898213386536,-9.007242e-10
428.152601480484,-9.003542e-10
428.2466320991516,-9.005121e-10
428.34026622772217,-9.005199e-10
428.4340064525604,-9.005323e-10
428.5274155139923,-9.006753e-10
428.6212725639343,-9.006228e-10
428.71470856666565,-9.007384e-10
428.8084886074066,-9.00466e-10
428.90210127830505,-9.009169e-10
428.99580359458923,-9.005606e-10
429.09066700935364,-9.012092e-10
429.1845328807831,-9.007782e-10
429.2775225639343,-9.017289e-10
429.3711817264557,-9.01816e-10
429.46472787857056,-9.031033e-10
429.55851674079895,-9.029241e-10
429.65172386169434,-9.038287e-10
429.7460608482361,-9.037749e-10
429.84017539024353,-9.048339e-10
429.93415355682373,-9.047896e-10
430.02804493904114,-9.057627e-10
430.1234827041626,-9.044842e-10
430.2175352573395,-9.031623e-10
430.31216621398926,-9.041425e-10
430.4058871269226,-9.033087e-10
430.50075459480286,-9.027835e-10
430.59437584877014,-9.013003e-10
430.68835067749023,-9.010314e-10
430.7817425727844,-9.001194e-10
430.8751413822174,-9.005182e-10
430.96939039230347,-8.999366e-10
431.0636146068573,-9.001246e-10
431.15714263916016,-8.998958e-10
431.2514691352844,-8.998793e-10
431.3464369773865,-9.004967e-10
431.43998169898987,-8.999843e-10
431.53471517562866,-9.005488e-10
431.62831926345825,-8.998294e-10
431.72309708595276,-9.007476e-10
431.8167419433594,-9.005842e-10
431.91105103492737,-9.007815e-10
432.0053837299347,-9.004755e-10
432.0989480018616,-8.999968e-10
432.1934742927551,-9.000183e-10
432.28676414489746,-8.994882e-10
432.3809049129486,-9.003892e-10
432.4740569591522,-8.999727e-10
432.5679135322571,-9.006355e-10
432.6614453792572,-9.000506e-10
432.7553861141205,-9.008148e-10
432.8492774963379,-9.004185e-10
432.94432854652405,-9.005368e-10
433.0383813381195,-9.007287e-10
433.13194847106934,-9.004316e-10
433.2280044555664,-9.01173e-10
433.321311712265,-9.00666e-10
433.4151334762573,-9.012112e-10
433.5089967250824,-9.006793e-10
433.60270857810974,-9.011428e-10
433.6962068080902,-9.007505e-10
433.79056215286255,-9.009228e-10
433.8840754032135,-9.008581e-10
433.9771749973297,-9.00993e-10
434.07035064697266,-9.008752e-10
434.16439986228943,-9.008506e-10
434.25830698013306,-9.010885e-10
434.35133028030396,-9.007991e-10
434.44462299346924,-9.011705e-10
434.53798627853394,-9.008074e-10
434.6311368942261,-9.012213e-10
434.7250785827637,-9.007837e-10
434.8191349506378,-9.013995e-10
434.913241147995,-9.008843e-10
435.00679445266724,-9.014788e-10
435.1002767086029,-9.009207e-10
435.1938989162445,-9.016122e-10
435.2875144481659,-9.010631e-10
435.3808035850525,-9.016963e-10
435.47416067123413,-9.012403e-10
435.56806659698486,-9.01993e-10
435.6616885662079,-9.018291e-10
435.755393743515,-9.023337e-10
435.8495132923126,-9.020013e-10
435.95753383636475,-9.022367e-10
436.0508372783661,-9.021128e-10
436.14458441734314,-9.021177e-10
436.2389166355133,-9.02156e-10
436.3327181339264,-9.016233e-10
436.4265275001526,-9.01995e-10
436.52047896385193,-9.01359e-10
436.61403226852417,-9.013772e-10
436.7076530456543,-9.010972e-10
436.80143880844116,-9.018313e-10
436.8956997394562,-9.013795e-10
436.9889352321625,-9.021956e-10
437.08309602737427,-9.01784e-10
437.1869213581085,-9.022273e-10
437.28030133247375,-9.022936e-10
437.3750922679901,-9.031438e-10
437.4697709083557,-9.027672e-10
437.5648400783539,-9.03071e-10
437.65864992141724,-9.023628e-10
437.75260877609253,-9.021943e-10
437.8464434146881,-9.021812e-10
437.9414792060852,-9.018287e-10
438.03449511528015,-9.022478e-10
438.12840700149536,-9.0178e-10
438.2223026752472,-9.022593e-10
438.31627106666565,-9.017373e-10
438.4100978374481,-9.023714e-10
438.50468850135803,-9.018687e-10
438.598185300827,-9.023691e-10
438.6912155151367,-9.019422e-10
438.7856652736664,-9.019874e-10
438.879647731781,-9.002477e-10
438.9733552932739,-9.013405e-10
439.066969871521,-9.011852e-10
439.16037464141846,-9.016932e-10
439.2533950805664,-9.014764e-10
439.34719014167786,-9.017269e-10
439.4407126903534,-9.015944e-10
439.5345685482025,-9.018559e-10
439.6314129829407,-9.024551e-10
439.72480821609497,-9.021883e-10
439.81965231895447,-9.031522e-10
439.9132995605469,-9.027863e-10
440.00699520111084,-9.033905e-10
440.10117506980896,-9.029599e-10
440.19524097442627,-9.033898e-10
440.2887797355652,-9.029441e-10
440.38354682922363,-9.025455e-10
440.4811887741089,-9.027756e-10
440.5752558708191,-9.024016e-10
440.6690344810486,-9.032048e-10
440.76206064224243,-9.031721e-10
440.85556745529175,-9.040528e-10
440.95012497901917,-9.046368e-10
441.0438058376312,-9.052958e-10
441.13685846328735,-9.066681e-10
441.230664730072,-9.087748e-10
441.324298620224,-9.122421e-10
441.417866230011,-9.112436e-10
441.51155948638916,-9.115884e-10
441.6049427986145,-9.063524e-10
441.6989223957062,-9.062e-10
441.7926354408264,-9.109233e-10
441.88694643974304,-8.964918e-10
441.9810073375702,-8.927817e-10
442.0767707824707,-8.933191e-10
442.1713809967041,-8.936937e-10
442.2649767398834,-8.920807e-10
442.35956597328186,-8.923928e-10
442.4537012577057,-8.917279e-10
442.54847979545593,-8.913687e-10
442.6428198814392,-8.911653e-10
442.73713874816895,-8.904944e-10
442.8318955898285,-8.906216e-10
442.9261658191681,-8.8991e-10
443.0210118293762,-8.90478e-10
443.11495757102966,-8.9023e-10
443.2090792655945,-8.913052e-10
443.3045885562897,-8.908946e-10
443.39809560775757,-8.904105e-10
443.4932680130005,-8.910191e-10
443.58815360069275,-8.905613e-10
443.6816213130951,-8.91192e-10
443.77624344825745,-8.90787e-10
443.8701927661896,-8.915379e-10
443.96470499038696,-8.913297e-10
444.0585572719574,-8.913796e-10
444.1539902687073,-8.918182e-10
444.24845457077026,-8.912402e-10
444.3420343399048,-8.918816e-10
444.4362602233887,-8.913813e-10
444.5301547050476,-8.921189e-10
444.6250822544098,-8.913484e-10
444.719199180603,-8.913704e-10
444.81291699409485,-8.914777e-10
444.9066119194031,-8.910558e-10
445.0012135505676,-8.914503e-10
445.09525203704834,-8.911769e-10
445.19010853767395,-8.918e-10
445.28575801849365,-8.914093e-10
445.37960863113403,-8.914714e-10
445.47531270980835,-8.920545e-10
445.5693299770355,-8.920433e-10
445.66356778144836,-8.921965e-10
445.75741171836853,-8.91581e-10
445.8513672351837,-8.921743e-10
445.9458737373352,-8.917689e-10
446.0393326282501,-8.919801e-10
446.1341269016266,-8.920801e-10
446.2278461456299,-8.918411e-10
446.3230812549591,-8.920977e-10
446.423700094223,-8.931185e-10
446.517840385437,-8.927837e-10
446.61232900619507,-8.934092e-10
446.7062408924103,-8.930441e-10
446.80077600479126,-8.931558e-10
446.8951380252838,-8.933798e-10
446.98865723609924,-8.931577e-10
447.0826003551483,-8.93532e-10
447.17679715156555,-8.930855e-10
447.27065920829773,-8.937116e-10
447.36545872688293,-8.932241e-10
447.4610843658447,-8.936408e-10
447.5552968978882,-8.937014e-10
447.65012979507446,-8.935485e-10
447.74600744247437,-8.942389e-10
447.839816570282,-8.937198e-10
447.9342300891876,-8.943237e-10
448.02826619148254,-8.940155e-10
448.1223120689392,-8.941378e-10
448.22813391685486,-8.941082e-10
448.32247042655945,-8.944169e-10
448.4171600341797,-8.947426e-10
448.5124316215515,-8.957918e-10
448.6065218448639,-8.9631e-10
448.7003719806671,-8.957295e-10
448.79487347602844,-9.086912e-10
448.88870096206665,-9.018896e-10
448.9824113845825,-9.016035e-10
449.07672095298767,-9.018974e-10
449.1709611415863,-9.011257e-10
449.2650501728058,-9.017478e-10
449.3599019050598,-9.013024e-10
449.45363330841064,-9.018195e-10
449.5481379032135,-9.00807e-10
449.6417393684387,-9.007991e-10
449.7368097305298,-9.001124e-10
449.8314781188965,-8.999214e-10
449.93315172195435,-8.998172e-10
450.02702498435974,-9.004915e-10
450.12074184417725,-9.001961e-10
450.21369910240173,-9.008169e-10
450.30740690231323,-9.00318e-10
450.4016146659851,-9.010878e-10
450.4955289363861,-9.00589e-10
450.5911772251129,-9.00998e-10
450.68635082244873,-9.012868e-10
450.7809329032898,-9.008146e-10
450.8862919807434,-9.012985e-10
450.97952604293823,-9.010392e-10
451.07299542427063,-9.015331e-10
451.1671965122223,-9.010712e-10
451.262015581131,-9.01799e-10
451.355681180954,-9.013547e-10
451.450660943985,-9.02015e-10
451.54536962509155,-9.016271e-10
451.639221906662,-9.017163e-10
451.73325967788696,-9.018399e-10
451.8268687725067,-9.015759e-10
451.92159152030945,-9.021512e-10
452.0152814388275,-9.016574e-10
452.10960626602173,-9.02466e-10
452.203937292099,-9.022269e-10
452.29782485961914,-9.033422e-10
452.39110565185547,-9.02304e-10
452.48448157310486,-9.024065e-10
452.5783956050873,-9.019793e-10
452.67242193222046,-9.034342e-10
452.76605010032654,-9.031956e-10
452.8601574897766,-9.034889e-10
452.95398449897766,-9.031212e-10
453.0480272769928,-9.030279e-10
453.1417293548584,-9.021681e-10
453.24262952804565,-9.018834e-10
453.33624792099,-9.012953e-10
453.4305753707886,-9.018983e-10
453.52483201026917,-9.013958e-10
453.6192352771759,-9.020422e-10
453.713401556015,-9.01571e-10
453.8076696395874,-9.017839e-10
453.90205335617065,-9.018165e-10
453.99750661849976,-9.015174e-10
454.09217596054077,-9.022822e-10
454.1860954761505,-9.017672e-10
454.2803518772125,-9.022097e-10
454.3740224838257,-9.018173e-10
454.4683792591095,-9.021238e-10
454.56245589256287,-9.022374e-10
454.6573269367218,-9.01808e-10
454.75234293937683,-9.025497e-10
454.8483440876007,-9.022356e-10
454.94206523895264,-9.023693e-10
455.04008173942566,-9.025659e-10
455.13587737083435,-9.021608e-10
455.23035502433777,-9.02187e-10
455.32384967803955,-9.024475e-10
455.4183192253113,-9.022544e-10
455.51217889785767,-9.029162e-10
455.606107711792,-9.023741e-10
455.6998257637024,-9.030038e-10
455.79342222213745,-9.023534e-10
455.8867735862732,-9.029806e-10
455.9814784526825,-9.024896e-10
456.0749888420105,-9.030323e-10
456.16921758651733,-9.025842e-10
456.2631142139435,-9.029069e-10
456.3573317527771,-9.027557e-10
456.45165252685547,-9.026228e-10
456.5454144477844,-9.031603e-10
456.63900780677795,-9.02614e-10
456.73255133628845,-9.02876e-10
456.82661485671997,-9.021189e-10
456.9206621646881,-9.02605e-10
457.01484084129333,-9.021002e-10
457.1084816455841,-9.027529e-10
457.20197582244873,-9.021872e-10
457.2961196899414,-9.027561e-10
457.38991713523865,-9.022457e-10
457.4835116863251,-9.028544e-10
457.5773687362671,-9.025555e-10
457.6716990470886,-9.030189e-10
457.7658131122589,-9.029396e-10
457.86082577705383,-9.027034e-10
457.9544084072113,-9.032415e-10
458.0484399795532,-9.027181e-10
458.1416914463043,-9.033526e-10
458.23707461357117,-9.029113e-10
458.33206725120544,-9.030637e-10
458.42676854133606,-9.032091e-10
458.52181577682495,-9.028306e-10
458.6157202720642,-9.035863e-10
458.7096791267395,-9.031554e-10
458.8038926124573,-9.044295e-10
458.89808201789856,-9.044783e-10
458.9927067756653,-9.040328e-10
459.08666133880615,-9.040899e-10
459.1812219619751,-9.037612e-10
459.2752830982208,-9.043427e-10
459.3695418834686,-9.040507e-10
459.4634654521942,-9.049603e-10
459.5585961341858,-9.047418e-10
459.6528630256653,-9.050187e-10
459.7472906112671,-9.050412e-10
459.8422384262085,-9.046759e-10
459.9357645511627,-9.05067e-10
460.02933716773987,-9.042819e-10
460.12362408638,-9.048967e-10
460.21760082244873,-9.043131e-10
460.31188917160034,-9.04794e-10
460.4064140319824,-9.042815e-10
460.5029559135437,-9.041056e-10
460.5967230796814,-9.048036e-10
460.69161200523376,-9.04376e-10
460.78553318977356,-9.049322e-10
460.88035011291504,-9.044457e-10
460.97521233558655,-9.046097e-10
461.0690598487854,-9.048133e-10
461.16273021698,-9.045422e-10
461.25690960884094,-9.050988e-10
461.35144329071045,-9.04654e-10
461.4450328350067,-9.05298e-10
461.5388295650482,-9.048274e-10
461.63279390335083,-9.053643e-10
461.7267484664917,-9.049428e-10
461.820627450943,-9.051563e-10
461.91509437561035,-9.054485e-10
462.00894117355347,-9.050221e-10
462.10297322273254,-9.05657e-10
462.19678139686584,-9.05134e-10
462.2909710407257,-9.057866e-10
462.384920835495,-9.052011e-10
462.4957001209259,-9.051253e-10
462.5894887447357,-9.059107e-10
462.6841948032379,-9.054698e-10
462.77774810791016,-9.06514e-10
462.87158131599426,-9.059961e-10
462.9655556678772,-9.066517e-10
463.0598247051239,-9.06121e-10
463.15391063690186,-9.0633e-10
463.2503333091736,-9.066299e-10
463.3449676036835,-9.0636e-10
463.4388036727905,-9.074371e-10
463.5327956676483,-9.067062e-10
463.62599420547485,-9.073641e-10
463.71909284591675,-9.071675e-10
463.8129777908325,-9.087643e-10
463.90701603889465,-9.078767e-10
464.0017719268799,-9.076618e-10
464.09525513648987,-9.077165e-10
464.18908166885376,-9.071944e-10
464.28327560424805,-9.074032e-10
464.3783929347992,-9.070152e-10
464.4725785255432,-9.079867e-10
464.56660532951355,-9.08179e-10
464.66178846359253,-9.079894e-10
464.7559621334076,-9.078908e-10
464.851482629776,-9.074202e-10
464.9450650215149,-9.080862e-10
465.0389904975891,-9.075887e-10
465.13381719589233,-9.080937e-10
465.22756695747375,-9.076435e-10
465.32202315330505,-9.078671e-10
465.4159071445465,-9.076324e-10
465.5098023414612,-9.073812e-10
465.6038975715637,-9.077041e-10
465.69799733161926,-9.073756e-10
465.79230999946594,-9.078139e-10
465.8855447769165,-9.073208e-10
465.9806389808655,-9.08142e-10
466.0750858783722,-9.077682e-10
466.17015409469604,-9.081142e-10
466.26442646980286,-9.087011e-10
466.3588240146637,-9.082285e-10
466.45383381843567,-9.089207e-10
466.54811787605286,-9.083598e-10
466.6423807144165,-9.088993e-10
466.7376344203949,-9.087444e-10
466.83272910118103,-9.08443e-10
466.9258370399475,-9.089033e-10
467.01963663101196,-9.084672e-10
467.11355090141296,-9.090759e-10
467.20695447921753,-9.085359e-10
467.3007478713989,-9.092113e-10
467.39435386657715,-9.086834e-10
467.4880590438843,-9.093573e-10
467.5832359790802,-9.090597e-10
467.6765275001526,-9.095361e-10
467.77073907852173,-9.091046e-10
467.8646078109741,-9.093656e-10
467.95864176750183,-9.092742e-10
468.0524172782898,-9.09255e-10
468.1458830833435,-9.093212e-10
468.2388653755188,-9.094326e-10
468.33262395858765,-9.094933e-10
468.42609763145447,-9.093704e-10
468.51988101005554,-9.096147e-10
468.6130487918854,-9.094744e-10
468.7075164318085,-9.098218e-10
468.80158281326294,-9.093819e-10
468.8955512046814,-9.099658e-10
468.9892826080322,-9.094804e-10
469.0829532146454,-9.101188e-10
469.17674922943115,-9.096506e-10
469.27056550979614,-9.102936e-10
469.36481189727783,-9.097891e-10
469.46469354629517,-9.097655e-10
469.558278799057,-9.103787e-10
469.65289545059204,-9.098849e-10
469.7479739189148,-9.100578e-10
469.8420579433441,-9.101412e-10
469.9356780052185,-9.09963e-10
470.03076815605164,-9.104222e-10
470.1254458427429,-9.0997e-10
470.2190308570862,-9.106477e-10
470.31374621391296,-9.101522e-10
470.40767884254456,-9.106347e-10
470.50225591659546,-9.108425e-10
470.596266746521,-9.108646e-10
470.6902551651001,-9.111345e-10
470.78417444229126,-9.107462e-10
470.88279604911804,-9.11012e-10
470.97715306282043,-9.111164e-10
471.0717177391052,-9.108206e-10
471.16568207740784,-9.117453e-10
471.25952100753784,-9.113457e-10
471.35314083099365,-9.118708e-10
471.44746947288513,-9.118039e-10
471.5416052341461,-9.12211e-10
471.6359055042267,-9.117428e-10
471.7299633026123,-9.118623e-10
471.82405066490173,-9.11867e-10
471.9179382324219,-9.116254e-10
472.01246094703674,-9.118377e-10
472.1059980392456,-9.110346e-10
472.2008409500122,-9.092649e-10
472.29420018196106,-9.090244e-10
472.3892180919647,-9.103279e-10
472.4836518764496,-9.096423e-10
472.5780806541443,-9.098524e-10
472.67195534706116,-9.098565e-10
472.7656807899475,-9.10029e-10
472.85864448547363,-9.096813e-10
472.95241618156433,-9.101447e-10
473.0463852882385,-9.105536e-10
473.14033818244934,-9.102983e-10
473.23372983932495,-9.108559e-10
473.3286213874817,-9.105777e-10
473.42263770103455,-9.111262e-10
473.5181612968445,-9.109062e-10
473.612633228302,-9.110738e-10
473.70827412605286,-9.113881e-10
473.80277848243713,-9.109082e-10
473.8979001045227,-9.115901e-10
473.9922287464142,-9.111634e-10
474.0867292881012,-9.111946e-10
474.180894613266,-9.114486e-10
474.27554416656494,-9.111004e-10
474.3698709011078,-9.117294e-10
474.4634039402008,-9.112344e-10
474.5579180717468,-9.118628e-10
474.6534206867218,-9.115359e-10
474.7505431175232,-9.113374e-10
474.8444926738739,-9.121016e-10
474.93881392478943,-9.118714e-10
475.0329189300537,-9.122534e-10
475.1267924308777,-9.119292e-10
475.22096252441406,-9.118533e-10
475.3149526119232,-9.12077e-10
475.40871691703796,-9.117626e-10
475.5027389526367,-9.123097e-10
475.5966622829437,-9.116495e-10
475.69107246398926,-9.122876e-10
475.7848000526428,-9.11634e-10
475.87921047210693,-9.121218e-10
475.9732460975647,-9.11785e-10
476.0678687095642,-9.118971e-10
476.162930727005,-9.12255e-10
476.2585825920105,-9.11821e-10
476.35288310050964,-9.123418e-10
476.4491500854492,-9.116481e-10
476.54313564300537,-9.112995e-10
476.6371021270752,-9.118657e-10
476.73111391067505,-9.115336e-10
476.82654094696045,-9.122925e-10
476.9206328392029,-9.118264e-10
477.0147807598114,-9.123017e-10
477.1098620891571,-9.121054e-10
477.20395398139954,-9.116351e-10
477.29920387268066,-9.122642e-10
477.3933815956116,-9.118998e-10
477.4875614643097,-9.126103e-10
477.5820450782776,-9.122041e-10
477.67577624320984,-9.123792e-10
477.7702102661133,-9.124772e-10
477.86482310295105,-9.120563e-10
477.95961451530457,-9.127445e-10
478.05426812171936,-9.122656e-10
478.14791345596313,-9.128215e-10
478.24370217323303,-9.125556e-10
478.3376305103302,-9.123449e-10
478.43219113349915,-9.12828e-10
478.5257399082184,-9.123192e-10
478.6202254295349,-9.130435e-10
478.7137260437012,-9.124675e-10
478.80701065063477,-9.131171e-10
478.9019305706024,-9.133834e-10
479.00016951560974,-9.134387e-10
479.0940589904785,-9.137817e-10
479.1877932548523,-9.131623e-10
479.2816643714905,-9.135198e-10
479.3766300678253,-9.635566e-10
479.47092032432556,-1.04358e-09
479.56647992134094,-1.005424e-09
479.65961933135986,-9.908258e-10
479.75395798683167,-9.81229e-10
479.84826707839966,-9.782058e-10
479.9420552253723,-9.755909e-10
480.0362331867218,-9.7578e-10
480.13057684898376,-9.753287e-10
480.2250678539276,-9.754612e-10
480.31960010528564,-9.746741e-10
480.4138836860657,-9.759844e-10
480.50855350494385,-9.75459e-10
480.60252952575684,-9.750143e-10
480.697420835495,-9.760502e-10
480.79078793525696,-9.758404e-10
480.8850088119507,-9.76856e-10
480.9790060520172,-9.767811e-10
481.07369112968445,-9.770497e-10
481.1685194969177,-9.771549e-10
481.2624912261963,-9.770171e-10
481.3570559024811,-9.777407e-10
481.45137667655945,-9.773834e-10
481.5458936691284,-9.779757e-10
481.6399869918823,-9.776169e-10
481.73359274864197,-9.779976e-10
481.84079909324646,-9.778661e-10
481.93516850471497,-9.780814e-10
482.03032898902893,-9.785296e-10
482.12445640563965,-9.780432e-10
482.21917176246643,-9.786905e-10
482.31291222572327,-9.782635e-10
482.40748143196106,-9.787813e-10
482.50178575515747,-9.785718e-10
482.59596848487854,-9.786816e-10
482.6933717727661,-9.791504e-10
482.7867467403412,-9.78702e-10
482.88102436065674,-9.793704e-10
482.9751181602478,-9.789204e-10
483.06908226013184,-9.793377e-10
483.16343235969543,-9.791501e-10
483.2576026916504,-9.7903e-10
483.3518981933594,-9.794524e-10
483.44570112228394,-9.789507e-10
483.5410373210907,-9.796427e-10
483.6350026130676,-9.791538e-10
483.7294602394104,-9.796572e-10
483.8233993053436,-9.794423e-10
483.91741275787354,-9.794612e-10
484.01160645484924,-9.796826e-10
484.10585618019104,-9.793391e-10
484.20087361335754,-9.803257e-10
484.295716047287,-9.799739e-10
484.38992857933044,-9.805885e-10
484.4844641685486,-9.803839e-10
484.57837748527527,-9.800198e-10
484.67369866371155,-9.807151e-10
484.76907086372375,-9.803081e-10
484.86258482933044,-9.806703e-10
484.95683431625366,-9.804746e-10
485.05096077919006,-9.804848e-10
485.14506006240845,-9.807405e-10
485.2388074398041,-9.803117e-10
485.34999680519104,-9.810336e-10
485.44351983070374,-9.805561e-10
485.53815150260925,-9.807766e-10
485.6328773498535,-9.809185e-10
485.7274639606476,-9.805131e-10
485.82176518440247,-9.812015e-10
485.91692781448364,-9.807664e-10
486.01188564300537,-9.809717e-10
486.10684156417847,-9.812057e-10
486.20199251174927,-9.808213e-10
486.2961456775665,-9.814354e-10
486.39093828201294,-9.810925e-10
486.48548102378845,-9.811294e-10
486.5794150829315,-9.81442e-10
486.67423939704895,-9.810593e-10
486.7686765193939,-9.817414e-10
486.8631155490875,-9.813201e-10
486.9573471546173,-9.816414e-10
487.0512580871582,-9.815666e-10
487.145644903183,-9.815015e-10
487.2396020889282,-9.817918e-10
487.33445501327515,-9.814439e-10
487.4341778755188,-9.814093e-10
487.5285460948944,-9.820232e-10
487.6231527328491,-9.81599e-10
487.7174437046051,-9.822279e-10
487.8113558292389,-9.816756e-10
487.9053316116333,-9.820453e-10
488.0003161430359,-9.820369e-10
488.094850063324,-9.81682e-10
488.1903302669525,-9.823778e-10
488.28493070602417,-9.819242e-10
488.37925457954407,-9.821112e-10
488.4741885662079,-9.823029e-10
488.56897497177124,-9.818976e-10
488.6631660461426,-9.826053e-10
488.7579274177551,-9.820914e-10
488.85240864753723,-9.824761e-10
488.94663286209106,-9.823751e-10
489.04096579551697,-9.82095e-10
489.1351659297943,-9.826656e-10
489.2304701805115,-9.822752e-10
489.32430481910706,-9.828838e-10
489.4192225933075,-9.824775e-10
489.51290345191956,-9.826586e-10
489.60715556144714,-9.826868e-10
489.70151948928833,-9.824398e-10
489.79570508003235,-9.829481e-10
489.89042019844055,-9.825281e-10
489.984988451004,-9.831873e-10
490.07925963401794,-9.827531e-10
490.1746802330017,-9.828012e-10
490.2685124874115,-9.830682e-10
490.36444187164307,-9.827262e-10
490.4586319923401,-9.834192e-10
490.5534338951111,-9.829367e-10
490.6473276615143,-9.832962e-10
490.7415690422058,-9.831611e-10
490.83585691452026,-9.82997e-10
490.9296498298645,-9.833994e-10
491.0245130062103,-9.829904e-10
491.1197304725647,-9.836478e-10
491.21615624427795,-9.835007e-10
491.31100249290466,-9.831043e-10
491.40526819229126,-9.838242e-10
491.49940824508667,-9.833138e-10
491.59414196014404,-9.835581e-10
491.6884217262268,-9.835591e-10
491.7828209400177,-9.833105e-10
491.8765501976013,-9.838201e-10
491.97149538993835,-9.833592e-10
492.0657365322113,-9.840485e-10
492.15970063209534,-9.835587e-10
492.25396823883057,-9.839495e-10
492.3480386734009,-9.837557e-10
492.44321179389954,-9.835078e-10
492.5377700328827,-9.841303e-10
492.6322457790375,-9.836481e-10
492.7276678085327,-9.841697e-10
492.8409044742584,-9.843083e-10
492.93541431427,-9.838129e-10
493.0305721759796,-9.840532e-10
493.1245319843292,-9.842042e-10
493.2186760902405,-9.839177e-10
493.31302881240845,-9.842279e-10
493.40744948387146,-9.837943e-10
493.50209736824036,-9.844903e-10
493.5966670513153,-9.840461e-10
493.690705537796,-9.844273e-10
493.7854902744293,-9.842254e-10
493.87943172454834,-9.841611e-10
493.97385001182556,-9.844803e-10
494.0693082809448,-9.841253e-10
494.16370844841003,-9.847644e-10
494.25765204429626,-9.842579e-10
494.352370262146,-9.843746e-10
494.44648718833923,-9.845417e-10
494.5407202243805,-9.842234e-10
494.6352822780609,-9.848306e-10
494.7297270298004,-9.843176e-10
494.82427048683167,-9.849032e-10
494.91931414604187,-9.846026e-10
495.0141246318817,-9.844161e-10
495.10888862609863,-9.850536e-10
495.21469473838806,-9.844741e-10
495.3091757297516,-9.850313e-10
495.4035367965698,-9.845468e-10
495.49840807914734,-9.852312e-10
495.59293937683105,-9.847225e-10
495.6869342327118,-9.849431e-10
495.78178811073303,-9.850695e-10
495.8766691684723,-9.846551e-10
495.9707510471344,-9.853566e-10
496.06523728370667,-9.848535e-10
496.15969824790955,-9.853055e-10
496.2542233467102,-9.850569e-10
496.3478693962097,-9.850474e-10
496.4425642490387,-9.853379e-10
496.53652930259705,-9.848885e-10
496.6312940120697,-9.855924e-10
496.7263035774231,-9.85107e-10
496.8211758136749,-9.853519e-10
496.9162447452545,-9.855242e-10
497.0106375217438,-9.850465e-10
497.1051182746887,-9.857912e-10
497.19946575164795,-9.852622e-10
497.3058466911316,-9.858273e-10
497.4006824493408,-9.853638e-10
497.49536871910095,-9.855085e-10
497.5899167060852,-9.856954e-10
497.6845967769623,-9.853218e-10
497.7798550128937,-9.860522e-10
497.8748691082001,-9.855999e-10
497.9697082042694,-9.85648e-10
498.06370520591736,-9.858716e-10
498.1596910953522,-9.85511e-10
498.25387024879456,-9.862084e-10
498.35400462150574,-9.862183e-10
498.44866156578064,-9.857303e-10
498.54330039024353,-9.861307e-10
498.63839626312256,-9.860806e-10
498.73274397850037,-9.857751e-10
498.8266246318817,-9.863061e-10
498.9213945865631,-9.858537e-10
499.0154621601105,-9.865049e-10
499.1099121570587,-9.860507e-10
499.206520318985,-9.85926e-10
499.3004162311554,-9.864399e-10
499.3945052623749,-9.859562e-10
499.48868894577026,-9.866983e-10
499.5829699039459,-9.86245e-10
499.67740416526794,-9.864617e-10
499.77276158332825,-9.866457e-10
499.86712169647217,-9.861957e-10
499.96103835105896,-9.868287e-10
500.05655312538147,-9.86377e-10
500.1505198478699,-9.867673e-10
500.2447443008423,-9.865309e-10
500.33963322639465,-9.86121e-10
500.43381929397583,-9.866117e-10
500.5289685726166,-9.861777e-10
500.62341237068176,-9.86816e-10
500.71795773506165,-9.864064e-10
500.81289625167847,-9.862544e-10
500.90712809562683,-9.867782e-10
501.00164556503296,-9.861185e-10
501.0969274044037,-9.868294e-10
501.19062423706055,-9.863922e-10
501.28556513786316,-9.868307e-10
501.3910458087921,-9.862791e-10
501.485472202301,-9.868432e-10
501.5799472332001,-9.864803e-10
501.673841714859,-9.864666e-10
501.7692017555237,-9.864682e-10
501.8633289337158,-9.860284e-10
501.9587495326996,-9.868603e-10
502.052499294281,-9.863954e-10
502.146803855896,-9.8697e-10
502.2426588535309,-9.869314e-10
502.3369576931,-9.865493e-10
502.43205857276917,-9.872138e-10
502.52624011039734,-9.867187e-10
502.6201636791229,-9.872585e-10
502.7146499156952,-9.868387e-10
502.8084897994995,-9.871575e-10
502.90341448783875,-9.870017e-10
502.99938464164734,-9.867084e-10
503.0934154987335,-9.87434e-10
503.18834590911865,-9.869821e-10
503.28302121162415,-9.872516e-10
503.3779847621918,-9.873412e-10
503.47208642959595,-9.869709e-10
503.56561851501465,-9.874959e-10
503.6606640815735,-9.87083e-10
503.7591378688812,-9.870729e-10
503.85279607772827,-9.875599e-10
503.94750809669495,-9.871178e-10
504.04379773139954,-9.877185e-10
504.13819646835327,-9.874659e-10
504.23257279396057,-9.873629e-10
504.3275508880615,-9.878587e-10
504.4215033054352,-9.87313e-10
504.51656699180603,-9.880287e-10
504.6118576526642,-9.875779e-10
504.705735206604,-9.876979e-10
504.80082392692566,-9.87996e-10
504.895681142807,-9.875137e-10
504.9898838996887,-9.882092e-10
505.0842590332031,-9.877331e-10
505.1797890663147,-9.877178e-10
505.2744233608246,-9.881416e-10
505.36859798431396,-9.876374e-10
505.4628674983978,-9.883988e-10
505.5581340789795,-9.878774e-10
505.6526851654053,-9.880397e-10
505.7474784851074,-9.883288e-10
505.8419015407562,-9.87784e-10
505.93609952926636,-9.884287e-10
506.03159499168396,-9.879464e-10
506.1266551017761,-9.880184e-10
506.22079372406006,-9.88348e-10
506.3158221244812,-9.879872e-10
506.41036462783813,-9.887017e-10
506.5046184062958,-9.881584e-10
506.5993866920471,-9.883024e-10
506.6933090686798,-9.884285e-10
506.78803157806396,-9.881391e-10
506.88185381889343,-9.888024e-10
506.97753500938416,-9.883671e-10
507.07137656211853,-9.887821e-10
507.1657967567444,-9.885313e-10
507.26079273223877,-9.883085e-10
507.3548934459686,-9.888614e-10
507.4502077102661,-9.884683e-10
507.5475261211395,-9.88474e-10
507.6415798664093,-9.889537e-10
507.7358503341675,-9.883925e-10
507.8310101032257,-9.890984e-10
507.9255952835083,-9.885738e-10
508.02147340774536,-9.886438e-10
508.1170401573181,-9.890793e-10
508.21227192878723,-9.886196e-10
508.30602407455444,-9.892236e-10
508.40153646469116,-9.888133e-10
508.4953017234802,-9.888501e-10
508.58996081352234,-9.890878e-10
508.68575406074524,-9.887609e-10
508.77966833114624,-9.893649e-10
508.8746407032013,-9.888456e-10
508.9687557220459,-9.892398e-10
509.06269001960754,-9.890389e-10
509.1579818725586,-9.88822e-10
509.2526113986969,-9.89391e-10
509.3585276603699,-9.889523e-10
509.4528524875641,-9.893637e-10
509.54736828804016,-9.889114e-10
509.6433050632477,-9.896362e-10
509.73685693740845,-9.891933e-10
509.831342458725,-9.895977e-10
509.92583751678467,-9.892932e-10
510.01968359947205,-9.893323e-10
510.1145067214966,-9.895196e-10
510.21464681625366,-9.894952e-10
510.3086631298065,-9.891761e-10
510.40253162384033,-9.897598e-10
510.49700236320496,-9.891722e-10
510.59155011177063,-9.898823e-10
510.68683195114136,-9.894425e-10
510.78123784065247,-9.893625e-10
510.8757562637329,-9.898394e-10
510.9709515571594,-9.895315e-10
511.06541776657104,-9.905289e-10
511.16797518730164,-9.901873e-10
511.2620782852173,-9.903666e-10
511.3565423488617,-9.897589e-10
511.4510729312897,-9.903979e-10
511.54563546180725,-9.900675e-10
511.64069390296936,-9.901844e-10
511.7358031272888,-9.901741e-10
511.8306682109833,-9.896272e-10
511.9256854057312,-9.899297e-10
512.0203638076782,-9.89487e-10
512.1152994632721,-9.892476e-10
512.2103657722473,-9.895362e-10
512.3044528961182,-9.890148e-10
512.3994355201721,-9.896541e-10
512.4946115016937,-9.894188e-10
512.589341878891,-9.893282e-10
512.6870851516724,-9.898936e-10
512.7821085453033,-9.896225e-10
512.8769555091858,-9.89545e-10
512.9710297584534,-9.900278e-10
513.0658767223358,-9.896267e-10
513.1603600978851,-9.902745e-10
513.255167722702,-9.900245e-10
513.3497822284698,-9.903409e-10
513.4442193508148,-9.908484e-10
513.5394525527954,-9.906692e-10
513.6342227458954,-9.911548e-10
513.728581905365,-9.905011e-10
513.8234376907349,-9.904985e-10
513.9174206256866,-9.910411e-10
514.0125591754913,-9.909714e-10
514.1067080497742,-9.920679e-10
514.2008981704712,-9.917883e-10
514.2964086532593,-9.891333e-10
514.3925473690033,-9.732458e-10
514.4864559173584,-9.667457e-10
514.5808367729187,-9.490241e-10
514.6749594211578,-9.364632e-10
514.7694554328918,-9.296111e-10
514.8639736175537,-9.240213e-10
514.9621961116791,-9.192664e-10
515.0566010475159,-9.169385e-10
515.1513497829437,-9.135617e-10
515.2449684143066,-9.115985e-10
515.3397333621979,-9.109156e-10
515.4337472915649,-9.099136e-10
515.5282094478607,-9.101871e-10
515.622011423111,-9.091914e-10
515.7170081138611,-9.093403e-10
515.812408208847,-9.091302e-10
515.9066622257233,-9.080929e-10
516.001348733902,-9.080378e-10
516.0957887172699,-9.071974e-10
516.189918756485,-9.072682e-10
516.2843942642212,-9.066877e-10
516.3831737041473,-9.066468e-10
516.4781260490417,-9.06955e-10
516.5719606876373,-9.068151e-10
516.6659491062164,-9.066822e-10
516.7598533630371,-9.069652e-10
516.8546504974365,-9.06479e-10
516.9489214420319,-9.071465e-10
517.0441408157349,-9.066289e-10
517.1377415657043,-9.069964e-10
517.2315607070923,-9.066436e-10
517.32674908638,-9.064782e-10
517.4197974205017,-9.068216e-10
517.514110326767,-9.063922e-10
517.607524394989,-9.068293e-10
517.7024464607239,-9.063512e-10
517.7959568500519,-9.069339e-10
517.8905279636383,-9.062402e-10
517.9842493534088,-9.066788e-10
518.0791158676147,-9.063086e-10
518.1736590862274,-9.064043e-10
518.2696597576141,-9.065341e-10
518.3633444309235,-9.058186e-10
518.4569561481476,-9.063336e-10
518.5514333248138,-9.058767e-10
518.6446211338043,-9.06495e-10
518.7390217781067,-9.057034e-10
518.8336937427521,-9.062683e-10
518.9274830818176,-9.058044e-10
519.0210626125336,-9.061006e-10
519.1151263713837,-9.0591e-10
519.2088601589203,-9.05773e-10
519.3034217357635,-9.061094e-10
519.3979005813599,-9.057008e-10
519.4925065040588,-9.064104e-10
519.5883808135986,-9.060671e-10
519.6817018985748,-9.060885e-10
519.7765471935272,-9.063019e-10
519.8707435131073,-9.058744e-10
519.9650938510895,-9.065391e-10
520.059003829956,-9.060621e-10
520.152664899826,-9.066558e-10
520.246150970459,-9.06019e-10
520.3408713340759,-9.065067e-10
520.4346392154694,-9.06169e-10
520.5284752845764,-9.06366e-10
520.6218359470367,-9.061087e-10
520.7159719467163,-9.060961e-10
520.8095989227295,-9.063167e-10
520.904061794281,-9.059805e-10
520.9982213973999,-9.065407e-10
521.0922038555145,-9.060122e-10
521.1871700286865,-9.066756e-10
521.280809879303,-9.062505e-10
521.3750314712524,-9.067343e-10
521.468968629837,-9.064173e-10
521.5638935565948,-9.063797e-10
521.6579480171204,-9.067007e-10
521.751980304718,-9.062636e-10
521.845787525177,-9.068299e-10
521.9401113986969,-9.063492e-10
522.0352058410645,-9.070404e-10
522.1290194988251,-9.065699e-10
522.2238228321075,-9.06772e-10
522.3177306652069,-9.068275e-10
522.4119136333466,-9.065363e-10
522.5057229995728,-9.070368e-10
522.6003165245056,-9.065968e-10
522.6961464881897,-9.07186e-10
522.79012799263,-9.067885e-10
522.8847982883453,-9.068187e-10
522.9786987304688,-9.070856e-10
523.0734539031982,-9.066743e-10
523.1686453819275,-9.073722e-10
523.2623429298401,-9.068103e-10
523.3572111129761,-9.07164e-10
523.4509704113007,-9.070001e-10
523.5454385280609,-9.0681e-10
523.6392114162445,-9.070445e-10
523.7340326309204,-9.066563e-10
523.8284595012665,-9.073406e-10
523.9229168891907,-9.068847e-10
524.018185377121,-9.069339e-10
524.1138527393341,-9.073285e-10
524.2072069644928,-9.067835e-10
524.3012380599976,-9.075493e-10
524.395590543747,-9.069722e-10
524.4907472133636,-9.073716e-10
524.5844657421112,-9.072028e-10
524.6786773204803,-9.070543e-10
524.774181842804,-9.075837e-10
524.8682191371918,-9.07021e-10
524.9625334739685,-9.07582e-10
525.0564932823181,-9.071116e-10
525.1509006023407,-9.072935e-10
525.2450194358826,-9.068318e-10
525.3389077186584,-9.065312e-10
525.4327211380005,-9.067583e-10
525.5268113613129,-9.06506e-10
525.6208703517914,-9.069685e-10
525.7150168418884,-9.064683e-10
525.8102004528046,-9.071515e-10
525.9042963981628,-9.065559e-10
525.9983904361725,-9.070278e-10
526.0923261642456,-9.06635e-10
526.1904485225677,-9.065884e-10
526.2850415706635,-9.074131e-10
526.3788657188416,-9.068128e-10
526.4729099273682,-9.07105e-10
526.5679185390472,-9.070159e-10
526.6621985435486,-9.066232e-10
526.7566883563995,-9.072854e-10
526.8501937389374,-9.067264e-10
526.9450314044952,-9.074303e-10
527.0387895107269,-9.068847e-10
527.1329736709595,-9.070748e-10
527.2269842624664,-9.069822e-10
527.3223774433136,-9.071871e-10
527.4168930053711,-9.086081e-10
527.5122220516205,-9.078789e-10
527.607328414917,-9.078679e-10
527.7015857696533,-9.079055e-10
527.7963759899139,-9.074617e-10
527.8911790847778,-9.081426e-10
527.9849908351898,-9.075312e-10
528.0798106193542,-9.080298e-10
528.1734499931335,-9.076724e-10
528.2682178020477,-9.077701e-10
528.362086057663,-9.079397e-10
528.4560899734497,-9.077102e-10
528.5502333641052,-9.081891e-10
528.6545236110687,-9.083748e-10
528.748532295227,-9.079323e-10
528.8423578739166,-9.078348e-10
528.9364039897919,-9.072321e-10
529.0311830043793,-9.067681e-10
529.1264221668243,-9.072435e-10
529.220766544342,-9.059359e-10
529.3162648677826,-9.047266e-10
529.4112861156464,-9.049287e-10
529.5050625801086,-9.029331e-10
529.5992817878723,-9.023371e-10
529.6928749084473,-9.012183e-10
529.7871820926666,-9.019769e-10
529.8809018135071,-9.011725e-10
529.9754045009613,-9.014964e-10
530.0695140361786,-9.012049e-10
530.1636984348297,-9.01156e-10
530.2572255134583,-9.014793e-10
530.3519189357758,-9.007129e-10
530.4467251300812,-8.996073e-10
530.5407114028931,-8.979441e-10
530.6358549594879,-8.983644e-10
530.7297520637512,-9.025738e-10
530.8241190910339,-9.032859e-10
530.917387008667,-9.03256e-10
531.0121643543243,-9.039489e-10
531.1059672832489,-9.051809e-10
531.2007610797882,-9.051881e-10
531.294718503952,-9.056081e-10
531.3887631893158,-9.04371e-10
531.4824297428131,-9.050592e-10
531.5768396854401,-9.043742e-10
531.6706988811493,-9.050864e-10
531.764999628067,-9.049e-10
531.8596258163452,-9.051367e-10
531.9535667896271,-9.058865e-10
532.047910451889,-9.057253e-10
532.1427547931671,-9.064842e-10
532.2371790409088,-9.059792e-10
532.3315145969391,-9.070333e-10
532.4254710674286,-9.065961e-10
532.5198709964752,-9.064123e-10
532.6139011383057,-9.060052e-10
532.7077794075012,-9.056042e-10
532.801675081253,-9.056328e-10
532.896833896637,-9.048824e-10
532.9902997016907,-9.049697e-10
533.0843694210052,-9.042054e-10
533.1783256530762,-9.046163e-10
533.2725827693939,-9.038805e-10
533.3661077022552,-9.042679e-10
533.4602534770966,-9.03739e-10
533.5548214912415,-9.038341e-10
533.6498692035675,-9.038612e-10
533.7444326877594,-9.033679e-10
533.8382668495178,-9.039738e-10
533.9327125549316,-9.034648e-10
534.0267510414124,-9.039837e-10
534.1212148666382,-9.035291e-10
534.2145154476166,-9.037482e-10
534.3167428970337,-9.034156e-10
534.4103860855103,-9.037534e-10
534.5046780109406,-9.037038e-10
534.5990064144135,-9.177094e-10
534.6926624774933,-9.138878e-10
534.7873663902283,-9.121819e-10
534.8810069561005,-9.103584e-10
534.9754636287689,-9.102672e-10
535.0698666572571,-9.10149e-10
535.1644876003265,-9.094863e-10
535.2586812973022,-9.101965e-10
535.352706193924,-9.096492e-10
535.4483580589294,-9.101144e-10
535.5427711009979,-9.100213e-10
535.6377005577087,-9.099085e-10
535.7326261997223,-9.104352e-10
535.826831817627,-9.098349e-10
535.9214346408844,-9.102911e-10
536.0154993534088,-9.098785e-10
536.1095781326294,-9.10154e-10
536.2035684585571,-9.100522e-10
536.2975707054138,-9.100513e-10
536.39124584198,-9.1042e-10
536.4859230518341,-9.101234e-10
536.5802788734436,-9.108698e-10
536.6741030216217,-9.104307e-10
536.7687637805939,-9.11192e-10
536.8622891902924,-9.10712e-10
536.9710147380829,-9.108277e-10
537.064385175705,-9.106487e-10
537.1594495773315,-9.102801e-10
537.2536900043488,-9.108284e-10
537.3474955558777,-9.102626e-10
537.4415922164917,-9.109067e-10
537.535590171814,-9.104191e-10
537.6302359104156,-9.106607e-10
537.7239124774933,-9.105871e-10
537.8184852600098,-9.103532e-10
537.9122297763824,-9.108612e-10
538.0061120986938,-9.103676e-10
538.1010904312134,-9.110887e-10
538.1993496417999,-9.109542e-10
538.2930388450623,-9.10483e-10
538.3875885009766,-9.111378e-10
538.4823260307312,-9.106326e-10
538.5764424800873,-9.111725e-10
538.6716570854187,-9.109813e-10
538.7660846710205,-9.107153e-10
538.8612234592438,-9.112766e-10
538.9569311141968,-9.108612e-10
539.0506539344788,-9.113514e-10
539.1453611850739,-9.110177e-10
539.2394139766693,-9.109409e-10
539.3337879180908,-9.113533e-10
539.4286577701569,-9.110392e-10
539.5225462913513,-9.120387e-10
539.6165044307709,-9.114274e-10
539.7107543945312,-9.120578e-10
539.8057951927185,-9.118449e-10
539.8996093273163,-9.119528e-10
539.9940273761749,-9.123331e-10
540.0885810852051,-9.121191e-10
540.18239402771,-9.130626e-10
540.2762115001678,-9.128507e-10
540.3706669807434,-9.139836e-10
540.4653398990631,-9.139235e-10
540.5594501495361,-9.146621e-10
540.6537163257599,-9.153603e-10
540.7489190101624,-9.160996e-10
540.8427047729492,-9.178637e-10
540.9368889331818,-9.188355e-10
541.0313177108765,-9.211136e-10
541.1267402172089,-9.221263e-10
541.2211856842041,-9.233685e-10
541.3151485919952,-9.248219e-10
541.40869307518,-9.251986e-10
541.502950668335,-9.280876e-10
541.5963463783264,-9.292506e-10
541.6905636787415,-9.291064e-10
541.7850019931793,-9.283325e-10
541.8798525333405,-9.283889e-10
541.9747111797333,-9.283521e-10
542.0701816082001,-9.277504e-10
542.1645674705505,-9.282744e-10
542.2582049369812,-9.277175e-10
542.3518240451813,-9.281096e-10
542.4467153549194,-9.278791e-10
542.5403547286987,-9.277645e-10
542.6342339515686,-9.2797e-10
542.728185415268,-9.275538e-10
542.822625875473,-9.287371e-10
542.9163808822632,-9.277255e-10
543.0111405849457,-9.279389e-10
543.1046762466431,-9.269541e-10
543.199209690094,-9.265706e-10
543.2926902770996,-9.257292e-10
543.3861567974091,-9.253843e-10
543.4804182052612,-9.245664e-10
543.574375629425,-9.234748e-10
543.6742398738861,-9.228331e-10
543.7685735225677,-9.223701e-10
543.8622634410858,-9.212093e-10
543.9569382667542,-9.211013e-10
544.0504746437073,-9.198264e-10
544.1444127559662,-9.198572e-10
544.2385931015015,-9.187154e-10
544.3330054283142,-9.186246e-10
544.426696062088,-9.17752e-10
544.5210709571838,-9.174803e-10
544.615109205246,-9.17197e-10
544.7103343009949,-9.166235e-10
544.8045115470886,-9.170078e-10
544.8982782363892,-9.162134e-10
544.992273569107,-9.1674e-10
545.0864050388336,-9.160695e-10
545.1809303760529,-9.162995e-10
545.2763257026672,-9.160463e-10
545.371547460556,-9.155671e-10
545.4661176204681,-9.161321e-10
545.5615932941437,-9.154941e-10
545.6561558246613,-9.155611e-10
545.7502346038818,-9.156572e-10
545.8444375991821,-9.151981e-10
545.939032793045,-9.158156e-10
546.0326144695282,-9.15279e-10
546.1264543533325,-9.159595e-10
546.2209167480469,-9.154561e-10
546.3150353431702,-9.15878e-10
546.4087400436401,-9.155572e-10
546.5036587715149,-9.156261e-10
546.5974345207214,-9.158135e-10
546.6914577484131,-9.155299e-10
546.7851102352142,-9.159873e-10
546.8795931339264,-9.155787e-10
546.9734690189362,-9.162156e-10
547.0679831504822,-9.156935e-10
547.161484003067,-9.162902e-10
547.2560141086578,-9.158296e-10
547.3511054515839,-9.159287e-10
547.4449110031128,-9.159661e-10
547.5402750968933,-9.154281e-10
547.6355626583099,-9.160654e-10
547.7300071716309,-9.156229e-10
547.8241984844208,-9.160595e-10
547.9182543754578,-9.163096e-10
548.0133295059204,-9.163477e-10
548.1073124408722,-9.174296e-10
548.2007296085358,-9.177692e-10
548.2968254089355,-9.201428e-10
548.3919920921326,-9.211875e-10
548.4855029582977,-9.233785e-10
548.5792689323425,-9.248462e-10
548.6735866069794,-9.261918e-10
548.7671263217926,-9.278497e-10
548.8618338108063,-9.285141e-10
548.9559834003448,-9.3039e-10
549.0497891902924,-9.309988e-10
549.1440777778625,-9.323133e-10
549.2377405166626,-9.322556e-10
549.3314588069916,-9.330012e-10
549.4249591827393,-9.327793e-10
549.5189371109009,-9.336327e-10
549.6130423545837,-9.340541e-10
549.7072048187256,-9.346903e-10
549.8013973236084,-9.356155e-10
549.8951034545898,-9.359368e-10
549.9892992973328,-9.371554e-10
550.0841221809387,-9.372e-10
550.1900367736816,-9.384964e-10
550.2837200164795,-9.384695e-10
550.3772766590118,-9.395223e-10
550.4713835716248,-9.391639e-10
550.5653431415558,-9.399569e-10
550.6594052314758,-9.395288e-10
550.7535016536713,-9.401345e-10
550.8481414318085,-9.398246e-10
550.9434945583344,-9.397449e-10
551.0372307300568,-9.402675e-10
551.1325552463531,-9.398643e-10
551.2273099422455,-9.405057e-10
551.3223962783813,-9.39985e-10
551.4167609214783,-9.401105e-10
551.5105936527252,-9.401403e-10
551.605560541153,-9.397879e-10
551.6993761062622,-9.40324e-10
551.794371843338,-9.397906e-10
551.8884797096252,-9.40461e-10
551.982663154602,-9.399838e-10
552.0768594741821,-9.40572e-10
552.1706416606903,-9.402988e-10
552.2641668319702,-9.404987e-10
552.3581049442291,-9.402736e-10
552.45245885849,-9.39993e-10
552.5462460517883,-9.404429e-10
552.6405174732208,-9.39957e-10
552.7346801757812,-9.405944e-10
552.8293483257294,-9.40094e-10
552.9235768318176,-9.405824e-10
553.0177097320557,-9.404229e-10
553.1115322113037,-9.403963e-10
553.2127528190613,-9.403575e-10
553.3066310882568,-9.407897e-10
553.400844335556,-9.403477e-10
553.4953422546387,-9.41026e-10
553.5895836353302,-9.404876e-10
553.6843068599701,-9.409192e-10
553.7786190509796,-9.405807e-10
553.8738350868225,-9.4034e-10
553.9683628082275,-9.407755e-10
554.0622429847717,-9.401879e-10
554.1565341949463,-9.408182e-10
554.2501847743988,-9.402366e-10
554.344072341919,-9.406964e-10
554.4383969306946,-9.402112e-10
554.5344848632812,-9.400781e-10
554.6293504238129,-9.405738e-10
554.7244398593903,-9.40103e-10
554.8186068534851,-9.406029e-10
554.9127905368805,-9.402304e-10
555.0069470405579,-9.416224e-10
555.101940870285,-9.447678e-10
555.1957640647888,-9.430835e-10
555.2903108596802,-9.429945e-10
555.3854253292084,-9.419141e-10
555.4798450469971,-9.412593e-10
555.574136018753,-9.401351e-10
555.6682631969452,-9.381684e-10
555.7624032497406,-9.371265e-10
555.8565545082092,-9.347741e-10
555.9508011341095,-9.336353e-10
556.0463795661926,-9.31794e-10
556.1401164531708,-9.308135e-10
556.2351064682007,-9.30103e-10
556.3292381763458,-9.286289e-10
556.4247426986694,-9.28301e-10
556.5183846950531,-9.267723e-10
556.6128218173981,-9.263861e-10
556.7071070671082,-9.261018e-10
556.8010132312775,-9.261054e-10
556.894912481308,-9.259026e-10
556.9888679981232,-9.25038e-10
557.0834848880768,-9.245255e-10
557.1770658493042,-9.234517e-10
557.2711141109467,-9.245378e-10
557.3656055927277,-9.24241e-10
557.4602530002594,-9.246869e-10
557.5540759563446,-9.245075e-10
557.6476144790649,-9.254056e-10
557.7508730888367,-9.249677e-10
557.8446097373962,-9.253163e-10
557.9385688304901,-9.245432e-10
558.0323703289032,-9.258805e-10
558.1265678405762,-9.25722e-10
558.220249414444,-9.26398e-10
558.3148844242096,-9.248088e-10
558.4088032245636,-9.241905e-10
558.5034668445587,-9.229101e-10
558.5981748104095,-9.219052e-10
558.6917538642883,-9.219446e-10
558.7863993644714,-9.212883e-10
558.8802843093872,-9.220468e-10
558.9750475883484,-9.223124e-10
559.0687181949615,-9.23797e-10
559.1633095741272,-9.244409e-10
559.2581582069397,-9.246755e-10
559.3524198532104,-9.251415e-10
559.4466092586517,-9.244462e-10
559.5408816337585,-9.245712e-10
559.6356110572815,-9.234344e-10
559.7295107841492,-9.237627e-10
559.823647737503,-9.237568e-10
559.9174039363861,-9.241827e-10
560.0125393867493,-9.247836e-10
560.1077582836151,-9.244566e-10
560.2027359008789,-9.255416e-10
560.2975289821625,-9.248632e-10
560.3950815200806,-9.241825e-10
560.4890613555908,-9.247441e-10
560.5832278728485,-9.234028e-10
560.6776685714722,-9.234085e-10
560.7734725475311,-9.233041e-10
560.8675494194031,-9.226314e-10
560.9623565673828,-9.229665e-10
561.0563859939575,-9.225027e-10
561.1511154174805,-9.224556e-10
561.245195388794,-9.228714e-10
561.3401277065277,-9.224137e-10
561.4338645935059,-9.230955e-10
561.5284342765808,-9.226221e-10
561.623131275177,-9.22914e-10
561.7167801856995,-9.229652e-10
561.8109905719757,-9.227631e-10
561.9048788547516,-9.233796e-10
561.998820066452,-9.230092e-10
562.0926005840302,-9.237519e-10
562.1875486373901,-9.233173e-10
562.281238079071,-9.237977e-10
562.3761274814606,-9.235481e-10
562.4702670574188,-9.234302e-10
562.5640397071838,-9.237547e-10
562.6583068370819,-9.233373e-10
562.7583270072937,-9.234058e-10
562.8518717288971,-9.239152e-10
562.9499704837799,-9.236729e-10
563.0434105396271,-9.237489e-10
563.1376438140869,-9.238283e-10
563.2312593460083,-9.235117e-10
563.3252227306366,-9.23969e-10
563.4191172122955,-9.234329e-10
563.5133357048035,-9.240629e-10
563.6073572635651,-9.235045e-10
563.7017359733582,-9.240785e-10
563.7955179214478,-9.235874e-10
563.8900716304779,-9.23725e-10
563.9844810962677,-9.239154e-10
564.0794734954834,-9.234953e-10
564.173966884613,-9.242101e-10
564.2681300640106,-9.236297e-10
564.3624124526978,-9.242068e-10
564.4559857845306,-9.237913e-10
564.5504522323608,-9.239267e-10
564.6444153785706,-9.2401e-10
564.7385218143463,-9.237222e-10
564.8326797485352,-9.242687e-10
564.9278752803802,-9.238768e-10
565.0221214294434,-9.244042e-10
565.1159210205078,-9.23977e-10
565.2094042301178,-9.244447e-10
565.3035531044006,-9.241913e-10
565.3986430168152,-9.240218e-10
565.4926385879517,-9.245639e-10
565.5873408317566,-9.241164e-10
565.6817946434021,-9.248048e-10
565.776519536972,-9.243857e-10
565.8709018230438,-9.24392e-10
565.9648177623749,-9.24637e-10
566.058825969696,-9.242528e-10
566.1529953479767,-9.248583e-10
566.2479305267334,-9.243658e-10
566.3425126075745,-9.248552e-10
566.4378023147583,-9.246813e-10
566.532030582428,-9.24306e-10
566.625960111618,-9.24843e-10
566.7204611301422,-9.243897e-10
566.8160660266876,-9.249061e-10
566.9099442958832,-9.245953e-10
567.0043728351593,-9.246172e-10
567.0980386734009,-9.24811e-10
567.1916432380676,-9.245018e-10
567.2857542037964,-9.249979e-10
567.3795652389526,-9.245107e-10
567.4733397960663,-9.251114e-10
567.5668919086456,-9.245894e-10
567.6611623764038,-9.252696e-10
567.7547976970673,-9.247467e-10
567.8496172428131,-9.253193e-10
567.9431240558624,-9.249118e-10
568.0371594429016,-9.251793e-10
568.1303343772888,-9.250099e-10
568.2240362167358,-9.250564e-10
568.3175239562988,-9.251859e-10
568.4113540649414,-9.249081e-10
568.5052802562714,-9.253484e-10
568.5988073348999,-9.248664e-10
568.692286491394,-9.253778e-10
568.7860658168793,-9.248678e-10
568.8816838264465,-9.25544e-10
568.9754123687744,-9.25072e-10
569.0695378780365,-9.253027e-10
569.1632523536682,-9.252132e-10
569.2567677497864,-9.252354e-10
569.350005865097,-9.252756e-10
569.4432611465454,-9.252725e-10
569.5369508266449,-9.253903e-10
569.6310226917267,-9.251028e-10
569.7242033481598,-9.255386e-10
569.8178703784943,-9.25121e-10
569.9114255905151,-9.256387e-10
570.0046229362488,-9.251685e-10
570.1096587181091,-9.254143e-10
570.2031307220459,-9.257487e-10
570.2968292236328,-9.255251e-10
570.3905777931213,-9.257015e-10
570.4839997291565,-9.256936e-10
570.5775864124298,-9.256074e-10
570.6708817481995,-9.257292e-10
570.7642180919647,-9.257586e-10
570.857670545578,-9.257737e-10
570.9514529705048,-9.256509e-10
571.0447084903717,-9.25798e-10
571.1380887031555,-9.257111e-10
571.2310454845428,-9.257833e-10
571.3243474960327,-9.258221e-10
571.4183192253113,-9.259179e-10
571.511248588562,-9.258542e-10
571.6049764156342,-9.259869e-10
571.698561668396,-9.257569e-10
571.7919590473175,-9.260334e-10
571.8852639198303,-9.257891e-10
571.9791641235352,-9.261574e-10
572.0720701217651,-9.257848e-10
572.1654374599457,-9.262051e-10
572.2588665485382,-9.257784e-10
572.3525788784027,-9.262403e-10
572.4456350803375,-9.25815e-10
572.5387697219849,-9.263077e-10
572.6340336799622,-9.258335e-10
572.7270202636719,-9.264751e-10
572.8208918571472,-9.258936e-10
572.9221274852753,-9.259601e-10
573.0155618190765,-9.265023e-10
573.1099586486816,-9.260323e-10
573.2040405273438,-9.263058e-10
573.2975437641144,-9.261105e-10
573.3909709453583,-9.263062e-10
573.485434293747,-9.263361e-10
573.5795917510986,-9.260482e-10
573.6737551689148,-9.265376e-10
573.7684564590454,-9.260736e-10
573.8679893016815,-9.260587e-10
573.962474822998,-9.26761e-10
574.0571439266205,-9.26264e-10
574.1519465446472,-9.265736e-10
574.2468883991241,-9.265094e-10
574.3402543067932,-9.263245e-10
574.4342033863068,-9.266433e-10
574.5292510986328,-9.26262e-10
574.6225073337555,-9.268691e-10
574.7161393165588,-9.263128e-10
574.8098835945129,-9.27012e-10
574.9039833545685,-9.264987e-10
574.9971232414246,-9.270956e-10
575.0918548107147,-9.266116e-10
575.1857433319092,-9.269136e-10
575.2810668945312,-9.269276e-10
575.3749742507935,-9.265039e-10
575.4691529273987,-9.271645e-10
575.5631749629974,-9.266261e-10
575.6574115753174,-9.272236e-10
575.7520382404327,-9.268566e-10
575.846272945404,-9.267985e-10
575.940381526947,-9.271812e-10
576.0349683761597,-9.266928e-10
576.1292927265167,-9.27396e-10
576.2237629890442,-9.268802e-10
576.3175654411316,-9.273405e-10
576.4123837947845,-9.270089e-10
576.5063629150391,-9.269344e-10
576.6000633239746,-9.271849e-10
576.6954343318939,-9.268133e-10
576.7898552417755,-9.274471e-10
576.8851320743561,-9.269919e-10
576.9795994758606,-9.271241e-10
577.0738859176636,-9.272835e-10
577.1687910556793,-9.269406e-10
577.2631604671478,-9.275842e-10
577.3583438396454,-9.271773e-10
577.4524638652802,-9.275992e-10
577.5471460819244,-9.273419e-10
577.6419732570648,-9.270992e-10
577.7365765571594,-9.275933e-10
577.8310990333557,-9.270684e-10
577.9252274036407,-9.276979e-10
578.0198495388031,-9.271784e-10
578.1138436794281,-9.276121e-10
578.2079637050629,-9.273136e-10
578.3013753890991,-9.27459e-10
578.3955373764038,-9.273809e-10
578.4902184009552,-9.271687e-10
578.5843403339386,-9.276178e-10
578.6781463623047,-9.271574e-10
578.772714138031,-9.278742e-10
578.867461681366,-9.273815e-10
578.9619474411011,-9.278688e-10
579.0668070316315,-9.273997e-10
579.1601977348328,-9.279951e-10
579.2548477649689,-9.275027e-10
579.3489716053009,-9.281166e-10
579.4435517787933,-9.276807e-10
579.5378782749176,-9.278388e-10
579.6326463222504,-9.279337e-10
579.7272007465363,-9.2756e-10
579.822536945343,-9.282438e-10
579.9174828529358,-9.277798e-10
580.0116152763367,-9.280532e-10
580.1056609153748,-9.279039e-10
580.1997079849243,-9.278847e-10
580.294872045517,-9.283458e-10
580.3887696266174,-9.278259e-10
580.4826996326447,-9.284193e-10
580.5771682262421,-9.279911e-10
580.67200922966,-9.285146e-10
580.7665257453918,-9.281643e-10
580.8610692024231,-9.2811e-10
580.955317735672,-9.284127e-10
581.0495147705078,-9.28009e-10
581.1450567245483,-9.287622e-10
581.2405686378479,-9.282792e-10
581.3353655338287,-9.282545e-10
581.4302151203156,-9.286317e-10
581.5249669551849,-9.28182e-10
581.619354724884,-9.28825e-10
581.7163894176483,-9.285429e-10
581.8105888366699,-9.281845e-10
581.9047400951385,-9.287782e-10
581.9981739521027,-9.282693e-10
582.0933969020844,-9.289461e-10
582.186751127243,-9.283979e-10
582.280369758606,-9.289917e-10
582.3742165565491,-9.285051e-10
582.4678270816803,-9.289814e-10
582.5614538192749,-9.285814e-10
582.656280040741,-9.287335e-10
582.7502908706665,-9.288596e-10
582.845329284668,-9.284614e-10
582.9400389194489,-9.291329e-10
583.0343174934387,-9.286236e-10
583.1279973983765,-9.292109e-10
583.2226829528809,-9.28729e-10
583.3168172836304,-9.289964e-10
583.4108309745789,-9.289338e-10
583.5059595108032,-9.286402e-10
583.5994629859924,-9.291594e-10
583.6939070224762,-9.287132e-10
583.787837266922,-9.293751e-10
583.8814971446991,-9.288411e-10
583.9753365516663,-9.29462e-10
584.0694618225098,-9.289545e-10
584.164769411087,-9.291232e-10
584.2647883892059,-9.292991e-10
584.3583378791809,-9.29234e-10
584.4527049064636,-9.290693e-10
584.5471460819244,-9.294813e-10
584.6417012214661,-9.289913e-10
584.7366061210632,-9.296878e-10
584.8309116363525,-9.291933e-10
584.9253969192505,-9.294623e-10
585.0195643901825,-9.294741e-10
585.1145164966583,-9.291815e-10
585.2086939811707,-9.297703e-10
585.3043422698975,-9.293276e-10
585.3988955020905,-9.297073e-10
585.4928629398346,-9.29504e-10
585.5867192745209,-9.29424e-10
585.6813154220581,-9.29774e-10
585.7753908634186,-9.292925e-10
585.8702013492584,-9.300111e-10
585.96528840065,-9.295202e-10
586.0593304634094,-9.297944e-10
586.1540460586548,-9.29794e-10
586.248494386673,-9.294385e-10
586.34281873703,-9.3006e-10
586.4375684261322,-9.295664e-10
586.5322277545929,-9.300983e-10
586.6268529891968,-9.298013e-10
586.7206254005432,-9.298317e-10
586.8155348300934,-9.301034e-10
586.9096486568451,-9.29629e-10
587.0039739608765,-9.302455e-10
587.1006655693054,-9.298534e-10
587.1940815448761,-9.300863e-10
587.2876362800598,-9.299326e-10
587.381067276001,-9.301031e-10
587.4747543334961,-9.300921e-10
587.5693819522858,-9.298847e-10
587.6632831096649,-9.303325e-10
587.7576003074646,-9.298551e-10
587.8517515659332,-9.305217e-10
587.9475305080414,-9.300907e-10
588.0420422554016,-9.302007e-10
588.1369242668152,-9.304686e-10
588.2320058345795,-9.300215e-10
588.3271503448486,-9.306025e-10
588.421010017395,-9.301546e-10
588.5158181190491,-9.302106e-10
588.610283613205,-9.304675e-10
588.7041823863983,-9.300246e-10
588.8041968345642,-9.300721e-10
588.8976287841797,-9.305451e-10
588.9918162822723,-9.300914e-10
589.0863130092621,-9.307802e-10
589.1801841259003,-9.302283e-10
589.2764401435852,-9.303338e-10
589.3708016872406,-9.306353e-10
589.4651613235474,-9.301798e-10
589.5596947669983,-9.308703e-10
589.6533074378967,-9.303319e-10
589.7469353675842,-9.309449e-10
589.8406665325165,-9.304386e-10
589.936717748642,-9.305651e-10
590.0299422740936,-9.307891e-10
590.1251289844513,-9.304569e-10
590.2202138900757,-9.311396e-10
590.3140799999237,-9.306302e-10
590.4088571071625,-9.309405e-10
590.5104141235352,-9.308426e-10
590.604344367981,-9.309882e-10
590.6990020275116,-9.306105e-10
590.7952365875244,-9.312442e-10
590.8895454406738,-9.309165e-10
590.9847965240479,-9.30755e-10
591.0783276557922,-9.312063e-10
591.1728084087372,-9.307714e-10
591.2674078941345,-9.314484e-10
591.3614251613617,-9.309472e-10
591.4563791751862,-9.310779e-10
591.5503377914429,-9.311985e-10
591.6447856426239,-9.308482e-10
591.7399518489838,-9.315605e-10
591.8332917690277,-9.310342e-10
591.9268181324005,-9.316325e-10
592.0208144187927,-9.311099e-10
592.1153931617737,-9.314056e-10
592.2094786167145,-9.312849e-10
592.3035378456116,-9.311338e-10
592.3974092006683,-9.314979e-10
592.4928202629089,-9.310966e-10
592.5863952636719,-9.317472e-10
592.6805148124695,-9.312266e-10
592.7738144397736,-9.318417e-10
592.8697412014008,-9.315541e-10
592.96337890625,-9.3166e-10
593.0572860240936,-9.316148e-10
593.1504428386688,-9.316166e-10
593.2440876960754,-9.317324e-10
593.3380036354065,-9.314365e-10
593.43141913414,-9.318779e-10
593.5257976055145,-9.313977e-10
593.6195838451385,-9.320374e-10
593.7182483673096,-9.319219e-10
593.8114824295044,-9.315638e-10
593.9058728218079,-9.321612e-10
593.9995727539062,-9.31578e-10
594.0931560993195,-9.322153e-10
594.2023277282715,-9.317311e-10
594.2959365844727,-9.321562e-10
594.3896799087524,-9.318527e-10
594.4833424091339,-9.320341e-10
594.576896905899,-9.318956e-10
594.6703898906708,-9.321063e-10
594.7639837265015,-9.319424e-10
594.8575792312622,-9.31996e-10
594.9513638019562,-9.320564e-10
595.0463182926178,-9.317491e-10
595.1397571563721,-9.322614e-10
595.2336702346802,-9.317606e-10
595.3274066448212,-9.323824e-10
595.4209127426147,-9.318094e-10
595.5140447616577,-9.324508e-10
595.60875415802,-9.319585e-10
595.7019371986389,-9.325849e-10
595.7976219654083,-9.321682e-10
595.8912222385406,-9.322616e-10
595.9867832660675,-9.324795e-10
596.0799307823181,-9.320094e-10
596.1746253967285,-9.327036e-10
596.2685949802399,-9.321321e-10
596.362574338913,-9.327624e-10
596.4569222927094,-9.322486e-10
596.5507173538208,-9.326403e-10
596.6441504955292,-9.323796e-10
596.7381076812744,-9.325144e-10
596.8410501480103,-9.322666e-10
596.9352102279663,-9.329257e-10
597.0289680957794,-9.323774e-10
597.1227877140045,-9.330273e-10
597.216381072998,-9.325121e-10
597.3103363513947,-9.330852e-10
597.4040365219116,-9.32573e-10
597.4979751110077,-9.330063e-10
597.591372013092,-9.326536e-10
597.6846704483032,-9.330545e-10
597.7782192230225,-9.327977e-10
597.8717942237854,-9.329734e-10
597.9652137756348,-9.3296e-10
598.0586128234863,-9.332074e-10
598.1520166397095,-9.337209e-10
598.245813369751,-9.338919e-10
598.3394343852997,-9.341981e-10
598.4329347610474,-9.335486e-10
598.5261714458466,-9.336235e-10
598.6198692321777,-9.333291e-10
598.7134861946106,-9.337126e-10
598.8071479797363,-9.330867e-10
598.9008872509003,-9.33561e-10
598.9945216178894,-9.329418e-10
599.0883440971375,-9.334993e-10
599.1819491386414,-9.327247e-10
599.2757649421692,-9.330972e-10
599.3694915771484,-9.325927e-10
599.463273525238,-9.327649e-10
599.5570452213287,-9.326947e-10
599.6502335071564,-9.325668e-10
599.7439095973969,-9.326825e-10
599.8377103805542,-9.322968e-10
599.9313564300537,-9.327439e-10
600.0254697799683,-9.322751e-10
600.1187787055969,-9.328582e-10
600.2122926712036,-9.322796e-10
600.3056695461273,-9.327998e-10
600.3992671966553,-9.323081e-10
600.4934480190277,-9.32961e-10
600.5871953964233,-9.324425e-10
600.6807701587677,-9.330139e-10
600.7742056846619,-9.323874e-10
600.8683133125305,-9.328761e-10
600.9623670578003,-9.325392e-10
601.0558819770813,-9.327492e-10
601.1493744850159,-9.325639e-10
601.2431464195251,-9.325867e-10
601.3369512557983,-9.327299e-10
601.4305536746979,-9.324431e-10
601.5243268013,-9.329364e-10
601.6180415153503,-9.325943e-10
601.7112047672272,-9.330517e-10
601.8049817085266,-9.32571e-10
601.899252653122,-9.331824e-10
601.9927220344543,-9.326314e-10
602.086373090744,-9.332563e-10
602.1797063350677,-9.326435e-10
602.273063659668,-9.332625e-10
602.3708691596985,-9.33054e-10
602.4642701148987,-9.326359e-10
602.5580930709839,-9.331471e-10
602.6584055423737,-9.331632e-10
602.7518701553345,-9.326033e-10
602.8455057144165,-9.332412e-10
602.9391462802887,-9.32692e-10
603.0327072143555,-9.333612e-10
603.1265668869019,-9.328298e-10
603.2204320430756,-9.333904e-10
603.3140935897827,-9.329334e-10
603.4073233604431,-9.33352e-10
603.5012664794922,-9.330352e-10
603.5949127674103,-9.331702e-10
603.688784122467,-9.332112e-10
603.7820224761963,-9.331244e-10
603.876044511795,-9.333521e-10
603.9695782661438,-9.329387e-10
604.0633959770203,-9.33443e-10
604.1570837497711,-9.329367e-10
604.2630786895752,-9.333961e-10
604.3566927909851,-9.330162e-10
604.4503769874573,-9.335497e-10
604.5439684391022,-9.330784e-10
623.7662081718445,-9.405906e-10
623.8801794052124,-9.405479e-10
623.9741687774658,-9.400034e-10
624.0722243785858,-9.401511e-10
624.1655387878418,-9.404336e-10
624.2592067718506,-9.401965e-10
624.3538901805878,-9.408067e-10
624.4475638866425,-9.402755e-10
624.5420989990234,-9.409117e-10
624.6359946727753,-9.404102e-10
624.730612039566,-9.407994e-10
624.8281335830688,-9.409072e-10
624.9216017723083,-9.403567e-10
625.0156927108765,-9.409965e-10
625.1103219985962,-9.404869e-10
625.2040984630585,-9.408786e-10
625.2983944416046,-9.406544e-10
625.396938085556,-9.405583e-10
625.4909653663635,-9.410382e-10
625.5852580070496,-9.406745e-10
625.6785781383514,-9.409151e-10
625.7722079753876,-9.407826e-10
625.8723623752594,-9.407586e-10
625.966059923172,-9.40878e-10
626.060314655304,-9.408898e-10
626.1543231010437,-9.406984e-10
626.248701095581,-9.411555e-10
626.3430271148682,-9.406541e-10
626.4366610050201,-9.413047e-10
626.530166387558,-9.407507e-10
626.6241185665131,-9.414307e-10
626.718022108078,-9.408953e-10
626.8116979598999,-9.414564e-10
626.9051446914673,-9.409736e-10
626.9988217353821,-9.414528e-10
627.0924010276794,-9.410233e-10
627.1856007575989,-9.415162e-10
627.2793605327606,-9.410864e-10
627.3726987838745,-9.415742e-10
627.4664416313171,-9.411879e-10
627.5601053237915,-9.415091e-10
627.6556100845337,-9.415216e-10
627.7493200302124,-9.41156e-10
627.8431460857391,-9.416931e-10
627.9377892017365,-9.412053e-10
628.0317227840424,-9.419423e-10
628.1253554821014,-9.418107e-10
628.2189733982086,-9.430734e-10
628.3129887580872,-9.428636e-10
628.4066362380981,-9.430942e-10
628.5004365444183,-9.427362e-10
628.5937991142273,-9.427842e-10
628.6869912147522,-9.424611e-10
628.7806355953217,-9.421779e-10
628.8750133514404,-9.413692e-10
628.9685599803925,-9.408243e-10
629.0621521472931,-9.414481e-10
629.1553092002869,-9.417043e-10
629.2491726875305,-9.421344e-10
629.3426387310028,-9.418684e-10
629.436131477356,-9.41449e-10
629.5295207500458,-9.4094e-10
629.6232535839081,-9.416131e-10
629.7168114185333,-9.408976e-10
629.8105914592743,-9.411523e-10
629.904025554657,-9.383641e-10
629.9982597827911,-9.382541e-10
630.0913050174713,-9.378239e-10
630.1850187778473,-9.392599e-10
630.2783215045929,-9.399583e-10
630.3719937801361,-9.414658e-10
630.4656703472137,-9.417614e-10
630.5597612857819,-9.42005e-10
630.6552438735962,-9.410739e-10
630.7543888092041,-9.399768e-10
630.8490097522736,-9.340944e-10
630.9438931941986,-9.356061e-10
631.0379354953766,-9.363164e-10
631.131991147995,-9.383826e-10
631.226131439209,-9.398121e-10
631.3209969997406,-9.415169e-10
631.4157824516296,-9.430829e-10
631.5099184513092,-9.451435e-10
631.6041986942291,-9.479483e-10
631.6982119083405,-9.483466e-10
631.7933621406555,-9.493656e-10
631.8899202346802,-9.496486e-10
631.9833879470825,-9.490869e-10
632.078248500824,-9.524648e-10
632.1733450889587,-9.577246e-10
632.2672553062439,-9.634067e-10
632.3617427349091,-9.657689e-10
632.4560391902924,-9.6647e-10
632.5505719184875,-9.661612e-10
632.6445581912994,-9.689429e-10
632.7392864227295,-1.004901e-09
632.8326981067657,-1.006019e-09
632.9420075416565,-1.007452e-09
633.0356421470642,-1.00862e-09
633.1297316551208,-1.009581e-09
633.2235550880432,-1.010172e-09
633.3172252178192,-1.010552e-09
633.4108624458313,-1.011472e-09
633.5048463344574,-1.011109e-09
633.5991973876953,-1.011492e-09
633.6928424835205,-1.010526e-09
633.7874448299408,-1.010694e-09
633.8809254169464,-1.010087e-09
633.9752414226532,-1.010936e-09
634.0716707706451,-1.012011e-09
634.1648690700531,-1.012906e-09
634.2584447860718,-1.014242e-09
634.3520016670227,-1.01363e-09
634.44655418396,-1.016507e-09
634.5401256084442,-1.02631e-09
634.6344773769379,-1.028741e-09
634.7282736301422,-1.027736e-09
634.8214337825775,-1.027138e-09
634.9148671627045,-1.025783e-09
635.0085289478302,-1.022969e-09
635.1030905246735,-9.981193e-10
635.1985764503479,-9.341403e-10
635.2924520969391,-8.819032e-10
635.3870759010315,-8.844067e-10
635.4813785552979,-8.956816e-10
635.5759317874908,-8.670396e-10
635.6704044342041,-8.223706e-10
635.764481306076,-7.949664e-10
635.8595666885376,-7.856521e-10
635.9536645412445,-7.819992e-10
636.0472824573517,-7.735481e-10
636.14195561409,-7.656658e-10
636.2356433868408,-7.558917e-10
636.3297457695007,-7.465127e-10
636.424880027771,-7.457702e-10
636.5186734199524,-7.492229e-10
636.6132321357727,-7.555353e-10
636.7073848247528,-7.552621e-10
636.8007547855377,-7.578397e-10
636.8942091464996,-7.662226e-10
636.9880921840668,-7.714828e-10
637.0842931270599,-7.58918e-10
637.1785099506378,-7.345512e-10
637.2730493545532,-7.21563e-10
637.3664131164551,-7.230244e-10
637.4599306583405,-7.360317e-10
637.5547344684601,-7.606964e-10
637.6491892337799,-7.875593e-10
637.7431118488312,-8.13871e-10
637.8367938995361,-8.239058e-10
637.9314169883728,-8.183761e-10
638.0251889228821,-8.410583e-10
638.1186017990112,-8.679745e-10
638.2128930091858,-8.694358e-10
638.3069458007812,-8.80293e-10
638.4015572071075,-8.749306e-10
638.4955916404724,-8.601269e-10
638.5898358821869,-8.648512e-10
638.684249162674,-8.748758e-10
638.7788364887238,-8.617504e-10
638.8734920024872,-8.368129e-10
638.9688436985016,-8.408421e-10
639.0633609294891,-8.48801e-10
639.1578207015991,-8.413967e-10
639.2527258396149,-8.436621e-10
639.3465247154236,-8.226071e-10
639.4410462379456,-7.948697e-10
639.5365722179413,-8.028356e-10
639.6313087940216,-8.015545e-10
639.727055311203,-7.856539e-10
639.8228960037231,-8.133003e-10
639.9164717197418,-8.476232e-10
640.0108935832977,-8.492608e-10
640.1053512096405,-8.489746e-10
640.1999323368073,-8.48456e-10
640.2979462146759,-8.479679e-10
640.3946328163147,-8.46693e-10
640.488792181015,-8.472306e-10
640.5824885368347,-8.430799e-10
640.6769597530365,-8.493711e-10
640.7708611488342,-8.516213e-10
640.8657648563385,-8.52328e-10
640.9600093364716,-8.535871e-10
641.0543332099915,-8.542477e-10
641.1489889621735,-8.556882e-10
641.242888212204,-8.549604e-10
641.3365528583527,-8.545104e-10
641.430477142334,-8.542791e-10
641.525509595871,-8.557323e-10
641.6191036701202,-8.582677e-10
641.7136881351471,-8.613072e-10
641.8082056045532,-8.629734e-10
641.9020812511444,-8.623209e-10
641.9965851306915,-8.61202e-10
642.0908088684082,-8.564244e-10
642.185008764267,-8.551646e-10
642.2782456874847,-8.533592e-10
642.3726766109467,-8.518892e-10
642.4671981334686,-8.512577e-10
642.5611865520477,-8.495339e-10
642.6548986434937,-8.4792e-10
642.7497339248657,-8.481817e-10
642.8431639671326,-8.49224e-10
642.9375710487366,-8.483474e-10
643.0314719676971,-8.50838e-10
643.1257195472717,-8.517191e-10
643.2195494174957,-8.530195e-10
643.3190836906433,-8.549682e-10
643.412796497345,-8.549121e-10
643.5097348690033,-8.550911e-10
643.6047298908234,-8.567425e-10
643.6984565258026,-8.58761e-10
643.792721748352,-8.613608e-10
643.8880190849304,-8.615512e-10
643.9823899269104,-8.610049e-10
644.0770921707153,-8.607805e-10
644.1703999042511,-8.596491e-10
644.2657997608185,-8.601285e-10
644.361330986023,-8.597853e-10
644.4551877975464,-8.591153e-10
644.5499987602234,-8.593491e-10
644.6440095901489,-8.593095e-10
644.7397828102112,-8.605295e-10
644.835319519043,-8.606755e-10
644.9303956031799,-8.612415e-10
645.0243999958038,-8.626225e-10
645.1188542842865,-8.600753e-10
645.2127215862274,-8.604841e-10
645.3070378303528,-8.612674e-10
645.4008445739746,-8.619332e-10
645.495278596878,-8.62441e-10
645.5889611244202,-8.645045e-10
645.6833472251892,-8.674881e-10
645.7770962715149,-8.685858e-10
645.8721370697021,-8.693408e-10
645.9665212631226,-8.691154e-10
646.0609314441681,-8.697645e-10
646.1549198627472,-8.695853e-10
646.2490367889404,-8.711867e-10
646.343909740448,-8.717674e-10
646.4386403560638,-8.703551e-10
646.5338871479034,-8.702112e-10
646.6282150745392,-8.682428e-10
646.7224020957947,-8.662997e-10
646.8181324005127,-8.653001e-10
646.9116780757904,-8.648033e-10
647.0066533088684,-8.648377e-10
647.1145837306976,-8.663333e-10
647.2093858718872,-8.69045e-10
647.3036081790924,-8.718705e-10
647.3980076313019,-8.759691e-10
647.4923486709595,-8.819577e-10
647.5874133110046,-8.838676e-10
647.6821267604828,-8.848521e-10
647.7761423587799,-8.837973e-10
647.871689081192,-8.844354e-10
647.9664213657379,-8.857153e-10
648.0608112812042,-8.857557e-10
648.1558525562286,-8.856222e-10
648.2496385574341,-8.836941e-10
648.344037771225,-8.82384e-10
648.439131975174,-8.813604e-10
648.5330350399017,-8.796712e-10
648.6330530643463,-8.757526e-10
648.7277281284332,-8.697394e-10
648.8235554695129,-8.687142e-10
648.9186017513275,-8.70513e-10
649.0123379230499,-8.736816e-10
649.1165413856506,-8.755475e-10
649.2103219032288,-8.748599e-10
649.3045699596405,-8.730148e-10
649.3990242481232,-8.690642e-10
649.4939720630646,-8.624571e-10
649.5879707336426,-8.556452e-10
649.6824712753296,-8.585615e-10
649.7762532234192,-8.67507e-10
649.8707284927368,-8.737143e-10
649.9651787281036,-8.66259e-10
650.0606966018677,-8.617472e-10
650.1560211181641,-8.597072e-10
650.2510635852814,-8.614496e-10
650.3451578617096,-8.6235e-10
650.4400911331177,-8.613502e-10
650.5343720912933,-8.627725e-10
650.6287970542908,-8.627336e-10
650.7224411964417,-8.62281e-10
650.8176627159119,-8.612732e-10
650.9140288829803,-8.598682e-10
651.0076816082001,-8.594859e-10
651.1026511192322,-8.579895e-10
651.2010726928711,-8.572422e-10
651.2953689098358,-8.575531e-10
651.3897082805634,-8.584655e-10
651.4846482276917,-8.600037e-10
651.578809261322,-8.620011e-10
651.6730270385742,-8.636808e-10
651.7672901153564,-8.652424e-10
651.8618013858795,-8.633522e-10
651.9558696746826,-8.630014e-10
652.0500884056091,-8.638485e-10
652.1443758010864,-8.656608e-10
652.239654302597,-8.713609e-10
652.3338317871094,-8.738771e-10
652.4281222820282,-8.735646e-10
652.5221064090729,-8.734981e-10
652.6178936958313,-8.781139e-10
652.7128312587738,-8.845926e-10
652.807137966156,-8.877475e-10
652.9020962715149,-8.84838e-10
652.9975216388702,-8.886857e-10
653.0910613536835,-8.924162e-10
653.1855225563049,-8.90275e-10
653.2837216854095,-8.868194e-10
653.378005027771,-8.832527e-10
653.4730861186981,-8.829033e-10
653.5687718391418,-8.809374e-10
653.6638498306274,-8.783245e-10
653.7579045295715,-8.7676e-10
653.8691518306732,-8.734286e-10
653.9647183418274,-8.697746e-10
654.0597023963928,-8.654595e-10
654.154673576355,-8.54379e-10
654.2494947910309,-8.507963e-10
654.3432838916779,-8.483845e-10
654.4369552135468,-8.545271e-10
654.5309937000275,-9.76485e-10
654.6250109672546,-1.097563e-09
654.7203528881073,-1.47805e-09
654.8146975040436,-1.390735e-09
654.9082114696503,-1.309513e-09
655.0020875930786,-1.271314e-09
655.0962295532227,-1.271768e-09
655.1899085044861,-1.253438e-09
655.2926113605499,-1.247941e-09
655.3857991695404,-1.248486e-09
655.4794411659241,-1.26627e-09
655.5740222930908,-1.266053e-09
655.6680054664612,-1.251508e-09
655.7622997760773,-1.248073e-09
655.8559172153473,-1.254006e-09
655.9493501186371,-1.257644e-09
656.0430271625519,-1.257e-09
656.1375212669373,-1.25952e-09
656.2311792373657,-1.260153e-09
656.3254039287567,-1.259801e-09
656.4191348552704,-1.25876e-09
656.5128331184387,-1.256282e-09
656.6061351299286,-1.256021e-09
656.7006483078003,-1.256123e-09
656.7948110103607,-1.256579e-09
656.8890488147736,-1.256529e-09
656.9834721088409,-1.267172e-09
657.0778732299805,-1.265202e-09
657.1721620559692,-1.262668e-09
657.2660329341888,-1.260893e-09
657.3602404594421,-1.258164e-09
657.4545278549194,-1.25895e-09
657.5485677719116,-1.258115e-09
657.6421236991882,-1.258472e-09
657.7361118793488,-1.258202e-09
657.8320429325104,-1.259414e-09
657.9258270263672,-1.262038e-09
658.0232717990875,-1.260743e-09
658.1169846057892,-1.260613e-09
658.2106912136078,-1.260775e-09
658.3046770095825,-1.260331e-09
658.398854970932,-1.26107e-09
658.4943888187408,-1.260964e-09
658.588171005249,-1.261476e-09
658.6822199821472,-1.260999e-09
658.7760455608368,-1.261607e-09
658.8706994056702,-1.261158e-09
658.964292049408,-1.261429e-09
659.0581407546997,-1.261639e-09
659.151620388031,-1.26136e-09
659.2452735900879,-1.261725e-09
659.3396496772766,-1.261671e-09
659.4339783191681,-1.262361e-09
659.527524471283,-1.26189e-09
659.6218473911285,-1.262522e-09
659.7151656150818,-1.262129e-09
659.8101236820221,-1.262882e-09
659.9038956165314,-1.26251e-09
659.998596906662,-1.263194e-09
660.0919101238251,-1.262735e-09
660.1869521141052,-1.262871e-09
660.2820618152618,-1.262769e-09
660.3757328987122,-1.262658e-09
660.4700293540955,-1.263245e-09
660.5637137889862,-1.262893e-09
660.658417224884,-1.263498e-09
660.7518377304077,-1.26293e-09
660.8457689285278,-1.263793e-09
660.9395403862,-1.266032e-09
661.0339987277985,-1.266139e-09
661.1295540332794,-1.265305e-09
661.2235591411591,-1.265077e-09
661.3178429603577,-1.265223e-09
661.4117622375488,-1.265209e-09
661.5054020881653,-1.264758e-09
661.5997567176819,-1.26343e-09
661.6938376426697,-1.263878e-09
661.7881410121918,-1.263604e-09
661.8816206455231,-1.264488e-09
661.9759638309479,-1.2641e-09
662.0704686641693,-1.264494e-09
662.1650404930115,-1.264739e-09
662.2604098320007,-1.264422e-09
662.3537831306458,-1.265175e-09
662.4472014904022,-1.264655e-09
662.5408008098602,-1.265327e-09
662.6351480484009,-1.264907e-09
662.728839635849,-1.265046e-09
662.8235223293304,-1.261566e-09
662.917272567749,-1.261048e-09
663.0122807025909,-1.261681e-09
663.1057829856873,-1.261957e-09
663.2000377178192,-1.26282e-09
663.2945945262909,-1.262854e-09
663.3883345127106,-1.264046e-09
663.482488155365,-1.263759e-09
663.5760917663574,-1.264689e-09
663.6707453727722,-1.26446e-09
663.7649126052856,-1.265153e-09
663.8589329719543,-1.265197e-09
663.9568650722504,-1.265459e-09
664.0508432388306,-1.266289e-09
664.1454916000366,-1.265957e-09
664.2429547309875,-1.265939e-09
664.3383660316467,-1.266237e-09
664.4316880702972,-1.264561e-09
664.5257992744446,-1.263537e-09
664.6193799972534,-1.26363e-09
664.7147607803345,-1.263745e-09
664.8087306022644,-1.2637e-09
664.90265583992,-1.26314e-09
664.9965715408325,-1.275521e-09
665.0911662578583,-1.271253e-09
665.1854777336121,-1.267505e-09
665.2795088291168,-1.263826e-09
665.3739929199219,-1.263571e-09
665.467725276947,-1.26372e-09
665.561689376831,-1.264085e-09
665.6555576324463,-1.265025e-09
665.7484614849091,-1.264727e-09
665.8417336940765,-1.265407e-09
665.9364519119263,-1.26522e-09
666.0300323963165,-1.265927e-09
666.1230211257935,-1.265844e-09
666.2163074016571,-1.266699e-09
666.3099558353424,-1.266419e-09
666.4045677185059,-1.267755e-09
666.4980137348175,-1.270955e-09
666.5913887023926,-1.271105e-09
666.6847262382507,-1.269777e-09
666.7779326438904,-1.269867e-09
666.8716320991516,-1.269504e-09
666.9653708934784,-1.270439e-09
667.059818983078,-1.269744e-09
667.154382944107,-1.270082e-09
667.2484359741211,-1.269958e-09
667.3419260978699,-1.270012e-09
667.4364943504333,-1.270161e-09
667.5309648513794,-1.269952e-09
667.6243011951447,-1.270671e-09
667.7182421684265,-1.270147e-09
667.8121464252472,-1.271064e-09
667.9058389663696,-1.2706e-09
668.0137085914612,-1.271876e-09
668.106997013092,-1.271257e-09
668.2010941505432,-1.271612e-09
668.2949612140656,-1.271024e-09
668.3889448642731,-1.271791e-09
668.4835505485535,-1.271312e-09
668.5782594680786,-1.274086e-09
668.6724116802216,-1.27232e-09
668.7664194107056,-1.272454e-09
668.8603873252869,-1.272239e-09
668.9540495872498,-1.272371e-09
669.0490756034851,-1.272554e-09
669.1429524421692,-1.272885e-09
669.2364892959595,-1.280682e-09
669.3308944702148,-1.277407e-09
669.4247419834137,-1.27658e-09
669.5186004638672,-1.275493e-09
669.6117823123932,-1.275638e-09
669.7055435180664,-1.274407e-09
669.7988979816437,-1.274749e-09
669.8921909332275,-1.274386e-09
669.9864976406097,-1.275272e-09
670.0800454616547,-1.274986e-09
670.1745421886444,-1.274587e-09
670.26802277565,-1.273903e-09
670.3614974021912,-1.274889e-09
670.4548337459564,-1.274882e-09
670.5485026836395,-1.276952e-09
670.642570734024,-1.276719e-09
670.7370591163635,-1.276837e-09
670.8309576511383,-1.277801e-09
670.9257242679596,-1.27768e-09
671.0203192234039,-1.278344e-09
671.1151173114777,-1.277946e-09
671.2091627120972,-1.278467e-09
671.3033900260925,-1.277746e-09
671.4332957267761,-1.27772e-09
671.5271244049072,-1.277959e-09
671.6206431388855,-1.277634e-09
671.7148683071136,-1.277626e-09
671.8083546161652,-1.27795e-09
671.9020147323608,-1.277871e-09
671.9955813884735,-1.27831e-09
672.0907220840454,-1.277958e-09
672.1846146583557,-1.279098e-09
672.2786900997162,-1.278485e-09
672.3722500801086,-1.279276e-09
672.4660415649414,-1.278642e-09
672.5590436458588,-1.279245e-09
672.6527321338654,-1.278717e-09
672.7462372779846,-1.279377e-09
672.8401913642883,-1.278813e-09
672.9338047504425,-1.284361e-09
673.0282952785492,-1.281861e-09
673.1217184066772,-1.281024e-09
673.21497631073,-1.280666e-09
673.3086133003235,-1.280958e-09
673.402973651886,-1.281026e-09
673.4964437484741,-1.281386e-09
673.5906023979187,-1.28179e-09
673.6845102310181,-1.281761e-09
673.7792983055115,-1.282404e-09
673.8728811740875,-1.281952e-09
673.9679379463196,-1.28275e-09
674.0615048408508,-1.282667e-09
674.1549501419067,-1.283666e-09
674.2484958171844,-1.283335e-09
674.3428177833557,-1.284029e-09
674.4364061355591,-1.284285e-09
674.5298068523407,-1.284332e-09
674.623259305954,-1.283805e-09
674.7184121608734,-1.283756e-09
674.8117952346802,-1.2837e-09
674.9108011722565,-1.283593e-09
675.0037877559662,-1.284057e-09
675.0974984169006,-1.283279e-09
675.1909499168396,-1.283574e-09
675.2849998474121,-1.282841e-09
675.378680229187,-1.283725e-09
675.4727535247803,-1.283317e-09
675.5671892166138,-1.283509e-09
675.6613519191742,-1.284516e-09
675.7553780078888,-1.28446e-09
675.84894323349,-1.29229e-09
675.9431118965149,-1.2882e-09
676.0372998714447,-1.287122e-09
676.131415605545,-1.285337e-09
676.2255277633667,-1.285286e-09
676.3194692134857,-1.285259e-09
676.4132957458496,-1.286434e-09
676.5074572563171,-1.286521e-09
676.600962638855,-1.287527e-09
676.6947875022888,-1.287054e-09
676.7884578704834,-1.285751e-09
676.8828177452087,-1.28471e-09
676.9766731262207,-1.28513e-09
677.0725989341736,-1.285543e-09
677.1660122871399,-1.287145e-09
677.261919260025,-1.288653e-09
677.3557705879211,-1.27899e-09
677.4502837657928,-1.278582e-09
677.5447881221771,-1.278042e-09
677.6400864124298,-1.274305e-09
677.7334299087524,-1.271991e-09
677.8282220363617,-1.272231e-09
677.9227147102356,-1.270891e-09
678.0174493789673,-1.270572e-09
678.112649679184,-1.271595e-09
678.2061660289764,-1.27238e-09
678.3009026050568,-1.277041e-09
678.412077665329,-1.276623e-09
678.5059638023376,-1.276048e-09
678.599867105484,-1.27598e-09
678.6932919025421,-1.276338e-09
678.7878851890564,-1.276243e-09
678.8838558197021,-1.277018e-09
678.9783670902252,-1.276173e-09
679.0724875926971,-1.279754e-09
679.1666560173035,-1.279477e-09
679.2603559494019,-1.279748e-09
679.3540902137756,-1.279311e-09
679.4484496116638,-1.278835e-09
679.5418603420258,-1.278619e-09
679.6358754634857,-1.278005e-09
679.7305519580841,-1.278073e-09
679.8282208442688,-1.277365e-09
679.9214880466461,-1.27751e-09
680.0149109363556,-1.27711e-09
680.1086161136627,-1.277184e-09
680.2036230564117,-1.27694e-09
680.2974298000336,-1.276733e-09
680.3924944400787,-1.277544e-09
680.4863963127136,-1.277041e-09
680.5804634094238,-1.277328e-09
680.6743364334106,-1.2768e-09
680.7690849304199,-1.278116e-09
680.8635444641113,-1.278445e-09
680.9571633338928,-1.278839e-09
681.0511722564697,-1.278713e-09
681.1455264091492,-1.278358e-09
681.2402174472809,-1.279124e-09
681.3340451717377,-1.278693e-09
681.427975654602,-1.279411e-09
681.5220239162445,-1.278849e-09
681.6160383224487,-1.279336e-09
681.710462808609,-1.278522e-09
681.8046314716339,-1.27764e-09
681.8985970020294,-1.277168e-09
681.9929802417755,-1.277272e-09
682.0863223075867,-1.27845e-09
682.180214881897,-1.27866e-09
682.2736418247223,-1.279888e-09
682.3674850463867,-1.280193e-09
682.4611611366272,-1.281854e-09
682.5569362640381,-1.282054e-09
682.651230096817,-1.282621e-09
682.7450575828552,-1.283138e-09
682.8398938179016,-1.283451e-09
682.933292388916,-1.284456e-09
683.0283877849579,-1.284426e-09
683.1217267513275,-1.285844e-09
683.2157483100891,-1.285285e-09
683.3093647956848,-1.285705e-09
683.4048070907593,-1.28549e-09
683.4988207817078,-1.286531e-09
683.5942378044128,-1.288105e-09
683.688250541687,-1.289646e-09
683.7819745540619,-1.292599e-09
683.8761918544769,-1.294372e-09
683.9699552059174,-1.295987e-09
684.0642068386078,-1.298531e-09
684.1577618122101,-1.302634e-09
684.2528300285339,-1.305096e-09
684.3481640815735,-1.305793e-09
684.4435198307037,-1.30676e-09
684.5378222465515,-1.305793e-09
684.6321423053741,-1.30576e-09
684.7270288467407,-1.306777e-09
684.8272025585175,-1.308225e-09
684.9205393791199,-1.314179e-09
685.0147404670715,-1.310682e-09
685.1087517738342,-1.308777e-09
685.2027041912079,-1.309448e-09
685.2969448566437,-1.309709e-09
685.390830039978,-1.310426e-09
685.4846606254578,-1.310286e-09
685.5783891677856,-1.311511e-09
685.672506570816,-1.311248e-09
685.766768693924,-1.312088e-09
685.8600962162018,-1.312776e-09
685.9534239768982,-1.314271e-09
686.0477726459503,-1.31366e-09
686.146888256073,-1.314575e-09
686.2410640716553,-1.316704e-09
686.3354048728943,-1.316024e-09
686.4296879768372,-1.313603e-09
686.523421049118,-1.314087e-09
686.6170358657837,-1.313676e-09
686.7117390632629,-1.315319e-09
686.8059186935425,-1.324981e-09
686.9003276824951,-1.316878e-09
686.9939713478088,-1.30102e-09
687.0885562896729,-1.300106e-09
687.1825308799744,-1.299048e-09
687.2764158248901,-1.299016e-09
687.3698260784149,-1.297996e-09
687.4635202884674,-1.298068e-09
687.5574111938477,-1.2977e-09
687.650945186615,-1.298135e-09
687.7449231147766,-1.298189e-09
687.838098526001,-1.298762e-09
687.9326689243317,-1.299007e-09
688.0269734859467,-1.298738e-09
688.1208744049072,-1.299244e-09
688.2158350944519,-1.29874e-09
688.3092858791351,-1.29952e-09
688.4045991897583,-1.299181e-09
688.4991481304169,-1.299749e-09
688.6001827716827,-1.299635e-09
688.6931262016296,-1.298973e-09
688.7872078418732,-1.299286e-09
688.8812460899353,-1.298597e-09
688.9749293327332,-1.298343e-09
689.0690245628357,-1.298242e-09
689.1630811691284,-1.298598e-09
689.2569391727448,-1.298678e-09
689.3514070510864,-1.298681e-09
689.4453210830688,-1.299348e-09
689.5391952991486,-1.299215e-09
689.6327619552612,-1.300049e-09
689.7266056537628,-1.299349e-09
689.8202674388885,-1.298423e-09
689.9142532348633,-1.291228e-09
690.0084798336029,-1.285348e-09
690.1028289794922,-1.285247e-09
690.1975905895233,-1.288099e-09
690.2907166481018,-1.289203e-09
690.3856308460236,-1.290551e-09
690.4791836738586,-1.293157e-09
690.5734298229218,-1.291536e-09
690.6668031215668,-1.288252e-09
690.7609708309174,-1.289408e-09
690.8541853427887,-1.292802e-09
690.9492526054382,-1.294456e-09
691.0426576137543,-1.296011e-09
691.1376621723175,-1.296341e-09
691.2311420440674,-1.297175e-09
691.3245370388031,-1.296997e-09
691.4177227020264,-1.297986e-09
691.5124218463898,-1.297698e-09
691.6060202121735,-1.298341e-09
691.6998443603516,-1.297889e-09
691.793746471405,-1.298335e-09
691.8885953426361,-1.298161e-09
691.9821755886078,-1.298343e-09
692.0770306587219,-1.298778e-09
692.1703493595123,-1.298356e-09
692.2639508247375,-1.298949e-09
692.3577144145966,-1.298522e-09
692.4515027999878,-1.299244e-09
692.5456886291504,-1.298744e-09
692.6402757167816,-1.299517e-09
692.7341554164886,-1.299039e-09
692.8285109996796,-1.299475e-09
692.9223778247833,-1.299253e-09
693.017293214798,-1.29917e-09
693.1109426021576,-1.299612e-09
693.2052750587463,-1.299336e-09
693.2989807128906,-1.300432e-09
693.3932647705078,-1.301533e-09
693.488107919693,-1.302607e-09
693.582183599472,-1.301887e-09
693.6762890815735,-1.301885e-09
693.769617319107,-1.301359e-09
693.8630521297455,-1.301523e-09
693.9559800624847,-1.301144e-09
694.0508720874786,-1.301406e-09
694.1448447704315,-1.302454e-09
694.2391626834869,-1.3041e-09
694.334981918335,-1.305214e-09
694.4290113449097,-1.302837e-09
694.5233073234558,-1.302222e-09
694.6172649860382,-1.301813e-09
694.7120723724365,-1.302282e-09
694.8063595294952,-1.30187e-09
694.9001281261444,-1.301434e-09
694.994176864624,-1.301824e-09
695.0891308784485,-1.301215e-09
695.183703660965,-1.304657e-09
695.2779500484467,-1.305218e-09
695.3718535900116,-1.304988e-09
695.4657454490662,-1.30217e-09
695.5593974590302,-1.302675e-09
695.6541147232056,-1.299178e-09
695.7482967376709,-1.299223e-09
695.8608775138855,-1.300248e-09
695.9549794197083,-1.300516e-09
696.0490534305573,-1.301897e-09
696.1426246166229,-1.302181e-09
696.236273765564,-1.30272e-09
696.3313074111938,-1.302413e-09
696.4247999191284,-1.301904e-09
696.5191028118134,-1.300794e-09
696.6143226623535,-1.297378e-09
696.7082769870758,-1.296375e-09
696.80184674263,-1.296563e-09
696.8955717086792,-1.295925e-09
696.9903709888458,-1.292531e-09
697.08358502388,-1.29288e-09
697.1773366928101,-1.292681e-09
697.2709095478058,-1.293081e-09
697.3643407821655,-1.29251e-09
697.4584074020386,-1.292262e-09
697.5523509979248,-1.289596e-09
697.6472072601318,-1.28838e-09
697.7410900592804,-1.289834e-09
697.8353734016418,-1.290191e-09
697.9290432929993,-1.291673e-09
698.023374080658,-1.291279e-09
698.1171050071716,-1.292185e-09
698.2112970352173,-1.291482e-09
698.3051810264587,-1.290291e-09
698.3989050388336,-1.290769e-09
698.4939796924591,-1.291768e-09
698.5873515605927,-1.293231e-09
698.6830108165741,-1.293021e-09
698.7875978946686,-1.293127e-09
698.8815913200378,-1.292795e-09
698.9768931865692,-1.293739e-09
699.0719439983368,-1.293606e-09
699.165940284729,-1.294436e-09
699.2597415447235,-1.294115e-09
699.3535416126251,-1.294496e-09
699.4477105140686,-1.294302e-09
699.541978597641,-1.294247e-09
699.6359980106354,-1.294555e-09
699.7301127910614,-1.294088e-09
699.823793888092,-1.294594e-09
699.91819024086,-1.294073e-09
700.011640548706,-1.294687e-09
700.1054165363312,-1.29416e-09
700.1991307735443,-1.294922e-09
700.2926735877991,-1.294333e-09
700.3858635425568,-1.294976e-09
700.4794721603394,-1.294484e-09
700.5747430324554,-1.296533e-09
700.6683049201965,-1.294612e-09
700.7615568637848,-1.295258e-09
700.8549926280975,-1.294608e-09
700.948694229126,-1.295314e-09
701.04243516922,-1.29481e-09
701.1368911266327,-1.295335e-09
701.230720281601,-1.294967e-09
701.3253514766693,-1.295061e-09
701.4198234081268,-1.295269e-09
701.5134031772614,-1.295014e-09
701.6067833900452,-1.295351e-09
701.7012679576874,-1.295004e-09
701.7948818206787,-1.295533e-09
701.8888916969299,-1.295047e-09
701.9825737476349,-1.29566e-09
702.0761952400208,-1.295102e-09
702.169397354126,-1.295714e-09
702.2630865573883,-1.295188e-09
702.3571193218231,-1.295905e-09
702.4522845745087,-1.29535e-09
702.5454316139221,-1.295914e-09
702.6401333808899,-1.295419e-09
702.7336950302124,-1.295982e-09
702.8293786048889,-1.295771e-09
702.9241037368774,-1.295464e-09
703.0175337791443,-1.296008e-09
703.111428976059,-1.29552e-09
703.205403804779,-1.296055e-09
703.2994334697723,-1.295595e-09
703.3930854797363,-1.296269e-09
703.4874756336212,-1.295809e-09
703.5809919834137,-1.296448e-09
703.6754560470581,-1.295902e-09
703.7690808773041,-1.296532e-09
703.8642916679382,-1.296109e-09
703.958208322525,-1.296571e-09
704.0533783435822,-1.297805e-09
704.148289680481,-1.297047e-09
704.2417268753052,-1.297262e-09
704.3360159397125,-1.296886e-09
704.4305672645569,-1.29773e-09
704.5248115062714,-1.297763e-09
704.6181046962738,-1.298416e-09
704.7136163711548,-1.297888e-09
704.8078277111053,-1.298069e-09
704.9016015529633,-1.297777e-09
704.9956829547882,-1.297685e-09
705.090151309967,-1.29724e-09
705.1838731765747,-1.296948e-09
705.2784993648529,-1.297341e-09
705.372330904007,-1.297009e-09
705.4659869670868,-1.297669e-09
705.56028175354,-1.297202e-09
705.6540043354034,-1.297911e-09
705.7537996768951,-1.297882e-09
705.846878528595,-1.297136e-09
705.9415538311005,-1.297508e-09
706.0360202789307,-1.296881e-09
706.1300337314606,-1.297461e-09
706.2240488529205,-1.297411e-09
706.3190157413483,-1.297539e-09
706.4123935699463,-1.297681e-09
706.5067644119263,-1.297243e-09
706.6021659374237,-1.297497e-09
706.6960852146149,-1.296471e-09
706.7900869846344,-1.29741e-09
706.8842720985413,-1.297274e-09
706.9779984951019,-1.297886e-09
707.0796163082123,-1.297829e-09
707.1737406253815,-1.297633e-09
707.2673583030701,-1.298093e-09
707.3608796596527,-1.29784e-09
707.4541873931885,-1.29805e-09
707.548965215683,-1.297915e-09
707.6426122188568,-1.297832e-09
707.7384581565857,-1.298472e-09
707.8326075077057,-1.297923e-09
707.9267535209656,-1.298598e-09
708.020932674408,-1.298115e-09
708.1146261692047,-1.298643e-09
708.2078545093536,-1.298124e-09
708.301901102066,-1.298542e-09
708.3954977989197,-1.298242e-09
708.4891755580902,-1.29867e-09
708.582498550415,-1.298362e-09
708.6765811443329,-1.298637e-09
708.7700550556183,-1.298574e-09
708.8643233776093,-1.298598e-09
708.9578211307526,-1.298776e-09
709.0526959896088,-1.298609e-09
709.1460433006287,-1.299041e-09
709.2408728599548,-1.298614e-09
709.3345708847046,-1.29925e-09
709.4295263290405,-1.298757e-09
709.5235760211945,-1.299404e-09
709.617240190506,-1.298872e-09
709.7116169929504,-1.299285e-09
709.817446231842,-1.301056e-09
709.9128258228302,-1.301042e-09
710.006441116333,-1.300229e-09
710.100476026535,-1.300427e-09
710.1952927112579,-1.300401e-09
710.2897369861603,-1.299996e-09
710.3835639953613,-1.300564e-09
710.4776954650879,-1.299937e-09
710.572144985199,-1.300632e-09
710.6659500598907,-1.300075e-09
710.7601952552795,-1.300642e-09
710.8543386459351,-1.300275e-09
710.949024438858,-1.300222e-09
711.0433864593506,-1.300527e-09
711.1386072635651,-1.300116e-09
711.2324438095093,-1.300722e-09
711.3263177871704,-1.300266e-09
711.4207038879395,-1.301009e-09
711.5144453048706,-1.300443e-09
711.6104018688202,-1.300508e-09
711.7052030563354,-1.300814e-09
711.7992663383484,-1.300376e-09
711.8949477672577,-1.301111e-09
711.9894127845764,-1.300605e-09
712.0831961631775,-1.301109e-09
712.1799521446228,-1.301088e-09
712.273432970047,-1.300634e-09
712.3675601482391,-1.301214e-09
712.4618756771088,-1.300797e-09
712.5570850372314,-1.301493e-09
712.6522741317749,-1.301091e-09
712.7468161582947,-1.301081e-09
712.8418123722076,-1.30138e-09
712.9359924793243,-1.300957e-09
713.0298097133636,-1.301584e-09
713.1289527416229,-1.301405e-09
713.2235434055328,-1.301028e-09
713.3172545433044,-1.301629e-09
713.4110836982727,-1.301177e-09
713.5046799182892,-1.301754e-09
713.5981338024139,-1.300918e-09
713.6914856433868,-1.30145e-09
713.784553527832,-1.300976e-09
713.878565788269,-1.30155e-09
713.9721431732178,-1.301058e-09
714.0655462741852,-1.30164e-09
714.1590497493744,-1.301099e-09
714.2524070739746,-1.301745e-09
714.3460230827332,-1.301026e-09
714.4394242763519,-1.301709e-09
714.5341563224792,-1.301271e-09
714.6284713745117,-1.30187e-09
714.7224214076996,-1.301434e-09
714.8165767192841,-1.301706e-09
714.9106109142303,-1.301734e-09
715.0047919750214,-1.30144e-09
715.099226474762,-1.302045e-09
715.1941273212433,-1.301618e-09
715.2890737056732,-1.302498e-09
715.3824875354767,-1.301785e-09
715.4762451648712,-1.302258e-09
715.5710055828094,-1.302107e-09
715.6654217243195,-1.301922e-09
715.7596127986908,-1.302318e-09
715.8537936210632,-1.301841e-09
715.9760551452637,-1.302582e-09
716.0695216655731,-1.30197e-09
716.1631238460541,-1.302596e-09
716.2578763961792,-1.302084e-09
716.351304769516,-1.302737e-09
716.445526599884,-1.302253e-09
716.5389721393585,-1.302847e-09
716.6343023777008,-1.30238e-09
716.7289526462555,-1.302698e-09
716.8232262134552,-1.302554e-09
716.9180383682251,-1.302476e-09
717.011773109436,-1.302738e-09
717.1080284118652,-1.302424e-09
717.2021961212158,-1.303099e-09
717.2961757183075,-1.302468e-09
717.3894910812378,-1.303131e-09
717.4835343360901,-1.302572e-09
717.5779328346252,-1.303277e-09
717.6715953350067,-1.30269e-09
717.7661986351013,-1.303228e-09
717.8599104881287,-1.302796e-09
717.954154253006,-1.30329e-09
718.0476777553558,-1.302912e-09
718.1420848369598,-1.303165e-09
718.2362875938416,-1.303042e-09
718.3302037715912,-1.30297e-09
718.4246633052826,-1.303235e-09
718.5186841487885,-1.302861e-09
718.6124401092529,-1.30336e-09
718.7068030834198,-1.30291e-09
718.8003494739532,-1.303528e-09
718.8946068286896,-1.302976e-09
718.9884095191956,-1.30365e-09
719.0823771953583,-1.303092e-09
719.1761302947998,-1.303717e-09
719.2699928283691,-1.303209e-09
719.3633394241333,-1.303808e-09
719.4574017524719,-1.303294e-09
719.5510623455048,-1.303807e-09
719.6454281806946,-1.303299e-09
719.7385091781616,-1.303867e-09
719.8322765827179,-1.303375e-09
719.9283225536346,-1.303198e-09
720.0217456817627,-1.303575e-09
720.1161341667175,-1.303193e-09
720.2105057239532,-1.303832e-09
720.3051462173462,-1.303473e-09
720.3985149860382,-1.304016e-09
720.4924626350403,-1.303492e-09
720.5863626003265,-1.303998e-09
720.6802625656128,-1.303669e-09
720.774397611618,-1.303939e-09
720.868967294693,-1.305271e-09
720.9637153148651,-1.304344e-09
721.0581886768341,-1.304958e-09
721.1516337394714,-1.304172e-09
721.2459435462952,-1.304813e-09
721.3397493362427,-1.304149e-09
721.4338004589081,-1.304614e-09
721.5276918411255,-1.304362e-09
721.6228449344635,-1.304344e-09
721.7169303894043,-1.304725e-09
721.8160059452057,-1.304583e-09
721.9122357368469,-1.30436e-09
722.0055909156799,-1.304977e-09
722.1005125045776,-1.304554e-09
722.1940729618073,-1.305126e-09
722.288934469223,-1.304574e-09
722.3823642730713,-1.304981e-09
722.477395772934,-1.304777e-09
722.5710532665253,-1.304644e-09
722.6651182174683,-1.305036e-09
722.7587757110596,-1.304649e-09
722.8535096645355,-1.305203e-09
722.948431968689,-1.304771e-09
723.0417671203613,-1.305433e-09
723.1357235908508,-1.304803e-09
723.229371547699,-1.305449e-09
723.3229231834412,-1.304887e-09
723.4170093536377,-1.305462e-09
723.5148022174835,-1.305327e-09
723.6092495918274,-1.30486e-09
723.7030122280121,-1.305556e-09
723.7974224090576,-1.304994e-09
723.890763759613,-1.305663e-09
723.9843575954437,-1.305084e-09
724.0779428482056,-1.305742e-09
724.1725823879242,-1.305311e-09
724.2662899494171,-1.30597e-09
724.3609652519226,-1.305514e-09
724.4543771743774,-1.305733e-09
724.548820734024,-1.305673e-09
724.6419265270233,-1.305755e-09
724.7353508472443,-1.305728e-09
724.8329720497131,-1.305577e-09
724.9269108772278,-1.306255e-09
725.0223624706268,-1.305723e-09
725.1168804168701,-1.305949e-09
725.2110629081726,-1.306086e-09
725.3054766654968,-1.30819e-09
725.3992154598236,-1.309465e-09
725.4936153888702,-1.30851e-09
725.5872073173523,-1.308383e-09
725.6826503276825,-1.307964e-09
725.777765750885,-1.308224e-09
725.8730609416962,-1.308132e-09
725.9678177833557,-1.308139e-09
726.0616471767426,-1.308866e-09
726.1570129394531,-1.308195e-09
726.25119972229,-1.308867e-09
726.345076084137,-1.308443e-09
726.4385681152344,-1.308993e-09
726.5321412086487,-1.308448e-09
726.6262516975403,-1.309383e-09
726.7195897102356,-1.308761e-09
726.8137836456299,-1.309349e-09
726.9078109264374,-1.308818e-09
727.0017013549805,-1.309563e-09
727.0956084728241,-1.309122e-09
727.1912322044373,-1.309113e-09
727.2862002849579,-1.310019e-09
727.3856999874115,-1.309808e-09
727.4795596599579,-1.30933e-09
727.5744860172272,-1.310093e-09
727.668708562851,-1.30956e-09
727.7623171806335,-1.31055e-09
727.8564300537109,-1.310099e-09
727.9505615234375,-1.311214e-09
728.0462598800659,-1.311574e-09
728.139436006546,-1.310851e-09
728.2337396144867,-1.311943e-09
728.3277704715729,-1.311615e-09
728.4226059913635,-1.311888e-09
728.5167462825775,-1.311484e-09
728.611156463623,-1.311532e-09
728.7058217525482,-1.311683e-09
728.7990636825562,-1.311509e-09
728.8939464092255,-1.311955e-09
728.9917097091675,-1.311756e-09
729.0858659744263,-1.311812e-09
729.1798510551453,-1.312169e-09
729.2736551761627,-1.311834e-09
729.3679237365723,-1.312482e-09
729.4616801738739,-1.311836e-09
729.556146144867,-1.314844e-09
729.6505706310272,-1.542601e-09
729.744571685791,-1.434072e-09
729.838751077652,-1.406015e-09
729.9323623180389,-1.393857e-09
730.0271592140198,-1.385257e-09
730.1206591129303,-1.384516e-09
730.2156674861908,-1.383165e-09
730.309595823288,-1.381194e-09
730.404771566391,-1.381648e-09
730.498699426651,-1.380554e-09
730.592321395874,-1.38074e-09
730.6857223510742,-1.380355e-09
730.779411315918,-1.380627e-09
730.8732631206512,-1.380487e-09
730.968462228775,-1.381093e-09
731.0636115074158,-1.381026e-09
731.1569993495941,-1.381065e-09
731.2508015632629,-1.381462e-09
731.3444304466248,-1.38126e-09
731.4379444122314,-1.381578e-09
731.5321137905121,-1.381532e-09
731.6268603801727,-1.382158e-09
731.7204253673553,-1.381618e-09
731.8145859241486,-1.382292e-09
731.9083178043365,-1.381763e-09
732.0025849342346,-1.382516e-09
732.0961015224457,-1.382099e-09
732.1902992725372,-1.382587e-09
732.2845640182495,-1.382326e-09
732.3787491321564,-1.38242e-09
732.4729993343353,-1.382803e-09
732.5668606758118,-1.382349e-09
732.6603095531464,-1.38273e-09
732.7541122436523,-1.382404e-09
732.8472878932953,-1.382987e-09
732.9420127868652,-1.382586e-09
733.0356385707855,-1.383295e-09
733.1304256916046,-1.382862e-09
733.2242388725281,-1.38357e-09
733.3182578086853,-1.383043e-09
733.413631439209,-1.383332e-09
733.5076837539673,-1.383456e-09
733.6017010211945,-1.38334e-09
733.6955330371857,-1.38352e-09
733.7896049022675,-1.383222e-09
733.8836326599121,-1.383716e-09
733.9784379005432,-1.383227e-09
734.0717039108276,-1.383926e-09
734.1656560897827,-1.383427e-09
734.2591943740845,-1.384096e-09
734.3531980514526,-1.383713e-09
734.4473378658295,-1.38443e-09
734.5407822132111,-1.383851e-09
734.6345903873444,-1.384582e-09
734.7289412021637,-1.384114e-09
734.8225672245026,-1.384814e-09
734.9197130203247,-1.384553e-09
735.0150256156921,-1.384308e-09
735.1085433959961,-1.384967e-09
735.202606678009,-1.384457e-09
735.2967276573181,-1.385268e-09
735.3912446498871,-1.384788e-09
735.4848182201385,-1.385253e-09
735.579244852066,-1.384992e-09
735.6740593910217,-1.383896e-09
735.7686283588409,-1.384336e-09
735.8645882606506,-1.38394e-09
735.9596416950226,-1.383993e-09
736.0534477233887,-1.384235e-09
736.1479339599609,-1.383863e-09
736.2415692806244,-1.384394e-09
736.3355574607849,-1.384015e-09
736.4313721656799,-1.384666e-09
736.5339834690094,-1.384306e-09
736.6277203559875,-1.384567e-09
736.7221033573151,-1.384306e-09
736.81662940979,-1.384888e-09
736.9116261005402,-1.384409e-09
737.0058150291443,-1.385084e-09
737.0996634960175,-1.384658e-09
737.19309425354,-1.385222e-09
737.2867472171783,-1.384694e-09
737.3807365894318,-1.385207e-09
737.4760255813599,-1.385106e-09
737.5695471763611,-1.384977e-09
737.6636259555817,-1.385237e-09
737.7575883865356,-1.384932e-09
737.852014541626,-1.385445e-09
737.9454920291901,-1.384989e-09
738.0396213531494,-1.385577e-09
738.1350321769714,-1.385204e-09
738.228657245636,-1.385891e-09
738.3229560852051,-1.385352e-09
738.4166123867035,-1.38598e-09
738.5110177993774,-1.385533e-09
738.6048803329468,-1.385753e-09
738.6988294124603,-1.38572e-09
738.7932176589966,-1.38564e-09
738.8879823684692,-1.386125e-09
738.9815299510956,-1.385549e-09
739.0757021903992,-1.386225e-09
739.1690201759338,-1.385681e-09
739.2637050151825,-1.386491e-09
739.3573393821716,-1.38593e-09
739.452320098877,-1.38644e-09
739.5461835861206,-1.386137e-09
739.6406826972961,-1.386214e-09
739.734414100647,-1.386329e-09
739.8346042633057,-1.386427e-09
739.9448893070221,-1.386167e-09
740.0384500026703,-1.386815e-09
740.1319375038147,-1.386259e-09
740.2262868881226,-1.386954e-09
740.3201851844788,-1.386435e-09
740.4146559238434,-1.387135e-09
740.5159759521484,-1.387149e-09
740.6103994846344,-1.386705e-09
740.7046382427216,-1.386879e-09
740.7983412742615,-1.386939e-09
740.8930079936981,-1.386664e-09
740.9870564937592,-1.38723e-09
741.081353187561,-1.386732e-09
741.1753346920013,-1.387327e-09
741.269490480423,-1.386789e-09
741.3631017208099,-1.387487e-09
741.457448720932,-1.38695e-09
741.5512821674347,-1.387565e-09
741.6456639766693,-1.387268e-09
741.7389850616455,-1.387616e-09
741.8333532810211,-1.387208e-09
741.9278295040131,-1.387243e-09
742.0215947628021,-1.387427e-09
742.1163313388824,-1.387061e-09
742.2115144729614,-1.387852e-09
742.3051507472992,-1.387231e-09
742.3988173007965,-1.387909e-09
742.4936592578888,-1.387487e-09
742.587393283844,-1.387975e-09
742.6818039417267,-1.387744e-09
742.7756516933441,-1.387763e-09
742.8697528839111,-1.388092e-09
742.9638822078705,-1.387619e-09
743.0587725639343,-1.388325e-09
743.1529407501221,-1.38777e-09
743.24693608284,-1.388459e-09
743.3399300575256,-1.387958e-09
743.4340798854828,-1.388624e-09
743.5280139446259,-1.388122e-09
743.6226003170013,-1.388402e-09
743.7171943187714,-1.398309e-09
743.812655210495,-1.395203e-09
743.907103061676,-1.395365e-09
744.001002073288,-1.393322e-09
744.095055103302,-1.393871e-09
744.1897904872894,-1.392768e-09
744.2833440303802,-1.393079e-09
744.3783845901489,-1.392781e-09
744.471935749054,-1.392524e-09
744.5669450759888,-1.39269e-09
744.6612656116486,-1.392002e-09
744.7552766799927,-1.391432e-09
744.8498084545135,-1.391013e-09
744.943687915802,-1.392072e-09
745.0374791622162,-1.392104e-09
745.1317839622498,-1.392792e-09
745.2254915237427,-1.392372e-09
745.3194394111633,-1.392639e-09
745.4131329059601,-1.392418e-09
745.5100865364075,-1.392447e-09
745.6038203239441,-1.393169e-09
745.6984043121338,-1.392734e-09
745.7921056747437,-1.39336e-09
745.8872294425964,-1.392716e-09
745.9810366630554,-1.393295e-09
746.0760025978088,-1.3929e-09
746.169721364975,-1.393036e-09
746.2652730941772,-1.393317e-09
746.3596239089966,-1.392892e-09
746.4533381462097,-1.393598e-09
746.5470521450043,-1.393286e-09
746.6479303836823,-1.393496e-09
746.7423326969147,-1.394378e-09
746.8359491825104,-1.393935e-09
746.9296283721924,-1.394607e-09
747.0231046676636,-1.394006e-09
747.1173639297485,-1.394365e-09
747.2107317447662,-1.393883e-09
747.3045136928558,-1.394088e-09
747.3986463546753,-1.392421e-09
747.4924893379211,-1.392496e-09
747.5865371227264,-1.393272e-09
747.6802945137024,-1.393173e-09
747.7744045257568,-1.392877e-09
747.8686800003052,-1.393356e-09
747.9628300666809,-1.394389e-09
748.0569040775299,-1.391809e-09
748.1517190933228,-1.392004e-09
748.2463181018829,-1.392828e-09
748.3414053916931,-1.393053e-09
748.4361937046051,-1.394314e-09
748.530523777008,-1.395276e-09
748.6247549057007,-1.395598e-09
748.7263457775116,-1.393557e-09
748.8202748298645,-1.393325e-09
748.9140784740448,-1.39445e-09
749.0076446533203,-1.395389e-09
749.1017882823944,-1.396214e-09
749.1956965923309,-1.396402e-09
749.2893817424774,-1.397362e-09
749.3840148448944,-1.397621e-09
749.4777874946594,-1.397808e-09
749.5723919868469,-1.398447e-09
749.6657707691193,-1.398308e-09
749.7601628303528,-1.398985e-09
749.8535897731781,-1.398557e-09
749.9492681026459,-1.399447e-09
750.0430068969727,-1.399021e-09
750.1381566524506,-1.399808e-09
750.2316801548004,-1.399577e-09
750.3252313137054,-1.400389e-09
750.4187996387482,-1.400009e-09
750.512936592102,-1.400512e-09
750.6061973571777,-1.400123e-09
750.7003374099731,-1.400682e-09
750.7939126491547,-1.400255e-09
750.8883409500122,-1.400677e-09
750.9884791374207,-1.40103e-09
751.0826551914215,-1.400721e-09
751.176736831665,-1.401032e-09
751.2713294029236,-1.401231e-09
751.382071018219,-1.400871e-09
751.4759418964386,-1.401199e-09
751.5714037418365,-1.400591e-09
751.6655189990997,-1.400958e-09
751.7602980136871,-1.400998e-09
751.8539574146271,-1.400744e-09
751.9484884738922,-1.401047e-09
752.0423781871796,-1.400588e-09
752.1358439922333,-1.401107e-09
752.2299728393555,-1.400712e-09
752.3241724967957,-1.40155e-09
752.4179263114929,-1.400872e-09
752.5121250152588,-1.401541e-09
752.6057004928589,-1.401008e-09
752.6992800235748,-1.401605e-09
752.7924697399139,-1.401141e-09
752.8855509757996,-1.401764e-09
752.9801540374756,-1.401456e-09
753.0752427577972,-1.40128e-09
753.1684412956238,-1.401734e-09
753.2636313438416,-1.40126e-09
753.3571801185608,-1.401945e-09
753.4646027088165,-1.401301e-09
753.5596013069153,-1.402085e-09
753.6535828113556,-1.401554e-09
753.7476706504822,-1.402023e-09
753.8418457508087,-1.401787e-09
753.9355430603027,-1.401898e-09
754.0290203094482,-1.401824e-09
754.1228551864624,-1.40215e-09
754.2163774967194,-1.402175e-09
754.3103270530701,-1.402252e-09
754.404088973999,-1.402294e-09
754.4980335235596,-1.402184e-09
754.5923264026642,-1.40253e-09
754.6858668327332,-1.402132e-09
754.7803206443787,-1.402822e-09
754.874431848526,-1.402289e-09
754.968603849411,-1.403042e-09
755.0625627040863,-1.402515e-09
755.1562156677246,-1.403084e-09
755.2508447170258,-1.402756e-09
755.3445556163788,-1.403022e-09
755.4389882087708,-1.402977e-09
755.5328547954559,-1.402833e-09
755.6269750595093,-1.403316e-09
755.720694065094,-1.402894e-09
755.813806772232,-1.403489e-09
755.907201051712,-1.403177e-09
756.0008282661438,-1.403761e-09
756.0946168899536,-1.403255e-09
756.1885669231415,-1.403929e-09
756.2821786403656,-1.403468e-09
756.375634431839,-1.404198e-09
756.469146490097,-1.403621e-09
756.5625748634338,-1.404341e-09
756.6567273139954,-1.403829e-09
756.7505943775177,-1.404412e-09
756.844516992569,-1.404009e-09
756.9382009506226,-1.404239e-09
757.0320820808411,-1.404072e-09
757.1251902580261,-1.404198e-09
757.2193632125854,-1.404254e-09
757.3137984275818,-1.403984e-09
757.4077680110931,-1.404443e-09
757.5013661384583,-1.404004e-09
757.5950503349304,-1.404535e-09
757.689380645752,-1.403983e-09
757.7835826873779,-1.404748e-09
757.8778672218323,-1.404302e-09
757.9714033603668,-1.404998e-09
758.0652391910553,-1.404494e-09
758.1631603240967,-1.404496e-09
758.2568926811218,-1.405109e-09
758.3504133224487,-1.404514e-09
758.4450972080231,-1.405232e-09
758.5388152599335,-1.40466e-09
758.6343512535095,-1.405116e-09
758.7283668518066,-1.40495e-09
758.8228406906128,-1.404808e-09
758.9198813438416,-1.405492e-09
759.0134851932526,-1.40497e-09
759.1072735786438,-1.405456e-09
759.2011477947235,-1.405004e-09
759.2951927185059,-1.405301e-09
759.3887968063354,-1.405089e-09
759.4831302165985,-1.4051e-09
759.577525138855,-1.405441e-09
759.6710150241852,-1.405099e-09
759.7655882835388,-1.405654e-09
759.8591341972351,-1.405118e-09
759.9534730911255,-1.405867e-09
760.0470736026764,-1.405313e-09
760.1409976482391,-1.406161e-09
760.2351412773132,-1.405529e-09
760.3292093276978,-1.40598e-09
760.423223733902,-1.405421e-09
760.5175225734711,-1.405459e-09
760.6113016605377,-1.40555e-09
760.7053146362305,-1.405353e-09
760.7993400096893,-1.405758e-09
760.8937840461731,-1.405323e-09
760.9877514839172,-1.405988e-09
761.0820143222809,-1.405475e-09
761.1756405830383,-1.406136e-09
761.2698261737823,-1.405632e-09
761.3634662628174,-1.406265e-09
761.4578812122345,-1.40585e-09
761.5511980056763,-1.406371e-09
761.6452498435974,-1.405942e-09
761.738573551178,-1.406371e-09
761.8329048156738,-1.406135e-09
761.9264287948608,-1.406169e-09
762.0203247070312,-1.406411e-09
762.1140768527985,-1.406066e-09
762.2081933021545,-1.406632e-09
762.3017687797546,-1.406163e-09
762.3965065479279,-1.406927e-09
762.4900789260864,-1.406346e-09
762.5843503475189,-1.406905e-09
762.6782171726227,-1.406418e-09
762.7719919681549,-1.406856e-09
762.8653123378754,-1.406504e-09
762.9600644111633,-1.40664e-09
763.0536208152771,-1.406766e-09
763.1488144397736,-1.406494e-09
763.2424528598785,-1.407184e-09
763.3361690044403,-1.406659e-09
763.4297170639038,-1.407202e-09
763.5232994556427,-1.406631e-09
763.617077589035,-1.406909e-09
763.7112028598785,-1.40586e-09
763.8052854537964,-1.406167e-09
763.899183511734,-1.405402e-09
763.9924876689911,-1.405846e-09
764.0863947868347,-1.40507e-09
764.1801795959473,-1.405534e-09
764.2739360332489,-1.404671e-09
764.3738625049591,-1.402922e-09
764.4686965942383,-1.40288e-09
764.5630691051483,-1.403031e-09
764.6565506458282,-1.40301e-09
764.7497518062592,-1.403137e-09
764.8433616161346,-1.402813e-09
764.9370024204254,-1.403113e-09
765.0309088230133,-1.402918e-09
765.1252608299255,-1.403493e-09
765.219295501709,-1.402853e-09
765.3130261898041,-1.403096e-09
765.4079971313477,-1.402386e-09
765.5015544891357,-1.402959e-09
765.5971932411194,-1.402791e-09
765.6913547515869,-1.402777e-09
765.7850139141083,-1.403382e-09
765.8797481060028,-1.403032e-09
765.9736742973328,-1.403834e-09
766.0673923492432,-1.403206e-09
766.1610426902771,-1.40358e-09
766.25501704216,-1.402886e-09
766.3490798473358,-1.403494e-09
766.4430615901947,-1.403012e-09
766.5374381542206,-1.403377e-09
766.6373529434204,-1.403722e-09
766.7318735122681,-1.40322e-09
766.8259637355804,-1.402973e-09
766.9195220470428,-1.403015e-09
767.0135569572449,-1.402885e-09
767.1076455116272,-1.40343e-09
767.2018566131592,-1.403042e-09
767.2954576015472,-1.403621e-09
767.4618790149689,-1.403067e-09
767.5549321174622,-1.403574e-09
767.6480491161346,-1.403114e-09
767.7426307201385,-1.403748e-09
767.8361744880676,-1.403182e-09
767.931526184082,-1.403886e-09
768.0253670215607,-1.403432e-09
768.1193192005157,-1.40397e-09
768.2135293483734,-1.403725e-09
768.3073000907898,-1.403903e-09
768.4038107395172,-1.404322e-09
768.4985730648041,-1.404006e-09
768.593080997467,-1.404707e-09
768.687285900116,-1.404358e-09
768.7815225124359,-1.404552e-09
768.8752889633179,-1.40389e-09
768.9690933227539,-1.403318e-09
769.062971830368,-1.402588e-09
769.1570944786072,-1.402239e-09
769.2517483234406,-1.402504e-09
769.3459279537201,-1.401779e-09
769.4403343200684,-1.402165e-09
769.5349729061127,-1.400052e-09
769.6282796859741,-1.400195e-09
769.7230348587036,-1.400358e-09
769.821949005127,-1.400598e-09
769.9161479473114,-1.401479e-09
770.0097341537476,-1.401035e-09
770.1038510799408,-1.40124e-09
770.1979434490204,-1.400104e-09
770.2913453578949,-1.4e-09
770.3851747512817,-1.400707e-09
770.4799869060516,-1.400803e-09
770.5734965801239,-1.401478e-09
770.6670825481415,-1.400925e-09
770.7609844207764,-1.400933e-09
770.8555710315704,-1.40069e-09
770.9492959976196,-1.401861e-09
771.0439574718475,-1.401587e-09
771.1373262405396,-1.402346e-09
771.2319705486298,-1.402049e-09
771.3256714344025,-1.402263e-09
771.4187965393066,-1.402051e-09
771.5125780105591,-1.402325e-09
771.6059100627899,-1.402316e-09
771.700314283371,-1.40234e-09
771.7939450740814,-1.402556e-09
771.8880906105042,-1.402254e-09
771.9824376106262,-1.402796e-09
772.0766174793243,-1.402326e-09
772.1710014343262,-1.402952e-09
772.2644410133362,-1.402377e-09
772.3591229915619,-1.403071e-09
772.4529404640198,-1.402571e-09
772.5516097545624,-1.402508e-09
772.6479012966156,-1.403092e-09
772.7421727180481,-1.402879e-09
772.8358917236328,-1.402809e-09
772.9296796321869,-1.403085e-09
773.032063961029,-1.403249e-09
773.125189781189,-1.402705e-09
773.2187995910645,-1.403372e-09
773.3136522769928,-1.402874e-09
773.4076375961304,-1.403552e-09
773.5013768672943,-1.402969e-09
773.5952734947205,-1.40361e-09
773.6888930797577,-1.403085e-09
773.782787322998,-1.403618e-09
773.8771393299103,-1.403261e-09
773.97154712677,-1.403256e-09
774.0655479431152,-1.403533e-09
774.1598019599915,-1.403161e-09
774.2533280849457,-1.40368e-09
774.3473682403564,-1.403233e-09
774.4410676956177,-1.403811e-09
774.5350904464722,-1.403276e-09
774.6293694972992,-1.403961e-09
774.7230350971222,-1.403367e-09
774.8166484832764,-1.403984e-09
774.9107549190521,-1.403462e-09
775.0045239925385,-1.404165e-09
775.098774433136,-1.403596e-09
775.1927139759064,-1.404212e-09
775.2864224910736,-1.403671e-09
775.3804557323456,-1.404146e-09
775.474317073822,-1.403752e-09
775.5680902004242,-1.40405e-09
775.6622602939606,-1.403914e-09
775.7559185028076,-1.403834e-09
775.8496434688568,-1.404068e-09
775.9431750774384,-1.403799e-09
776.036866903305,-1.404233e-09
776.1315307617188,-1.403796e-09
776.2252583503723,-1.404453e-09
776.3189573287964,-1.403851e-09
776.4132161140442,-1.404466e-09
776.5069921016693,-1.404071e-09
776.6007800102234,-1.404598e-09
776.6944437026978,-1.404124e-09
776.7879266738892,-1.404653e-09
776.881897687912,-1.40427e-09
776.9753813743591,-1.404593e-09
777.0693550109863,-1.404376e-09
777.1627614498138,-1.404562e-09
777.256591796875,-1.40446e-09
777.3501145839691,-1.4046e-09
777.4439580440521,-1.404629e-09
777.5374920368195,-1.404464e-09
777.6314160823822,-1.404763e-09
777.7254910469055,-1.40447e-09
777.8198938369751,-1.404923e-09
777.9135746955872,-1.404461e-09
778.0074777603149,-1.405084e-09
778.1012001037598,-1.404513e-09
778.19593334198,-1.405241e-09
778.2911891937256,-1.404768e-09
778.4020164012909,-1.404577e-09
778.4957382678986,-1.405116e-09
778.5894689559937,-1.404625e-09
778.6830823421478,-1.405236e-09
778.7785694599152,-1.404827e-09
778.8755161762238,-1.404789e-09
778.9693601131439,-1.405235e-09
779.0636684894562,-1.404794e-09
779.1579833030701,-1.405474e-09
779.2521557807922,-1.404938e-09
779.3465440273285,-1.405567e-09
779.4400386810303,-1.405033e-09
779.5346026420593,-1.405463e-09
779.6284918785095,-1.40521e-09
779.722718000412,-1.405191e-09
779.8161370754242,-1.405316e-09
779.9111444950104,-1.405074e-09
780.0047438144684,-1.405558e-09
780.0997433662415,-1.405148e-09
780.2083196640015,-1.405828e-09
780.3024208545685,-1.405275e-09
780.3966386318207,-1.405923e-09
780.4923033714294,-1.405591e-09
780.5856759548187,-1.405586e-09
780.6799278259277,-1.40565e-09
780.7735741138458,-1.405461e-09
780.8677587509155,-1.405822e-09
780.9612925052643,-1.405412e-09
781.0560936927795,-1.406023e-09
781.1500198841095,-1.40545e-09
781.2439906597137,-1.40615e-09
781.3376376628876,-1.405552e-09
781.4320724010468,-1.406214e-09
781.5257744789124,-1.405665e-09
781.6205139160156,-1.406059e-09
781.713828086853,-1.40574e-09
781.8088607788086,-1.405879e-09
781.9021651744843,-1.405953e-09
781.9967308044434,-1.405686e-09
782.0905718803406,-1.406138e-09
782.1850755214691,-1.405659e-09
782.2786428928375,-1.40633e-09
782.3739981651306,-1.405927e-09
782.4684827327728,-1.406433e-09
782.562424659729,-1.406043e-09
782.6564266681671,-1.406116e-09
782.7501368522644,-1.406232e-09
782.8434734344482,-1.406019e-09
782.9375965595245,-1.406445e-09
783.0311970710754,-1.406133e-09
783.1252913475037,-1.406671e-09
783.2190601825714,-1.40614e-09
783.3131883144379,-1.406828e-09
783.4084579944611,-1.406365e-09
783.5021970272064,-1.406752e-09
783.5963819026947,-1.4066e-09
783.6899101734161,-1.406557e-09
783.7847375869751,-1.406863e-09
783.8784110546112,-1.406378e-09
783.9729037284851,-1.407137e-09
784.0668849945068,-1.406526e-09
784.1613562107086,-1.40718e-09
784.255234003067,-1.406677e-09
784.3495469093323,-1.407003e-09
784.4439649581909,-1.406864e-09
784.537367105484,-1.406843e-09
784.6310369968414,-1.407047e-09
784.7251958847046,-1.406712e-09
784.8196475505829,-1.407248e-09
784.9129831790924,-1.406775e-09
785.008095741272,-1.407394e-09
785.1018443107605,-1.40682e-09
785.1970691680908,-1.407437e-09
785.2912585735321,-1.407024e-09
785.3859438896179,-1.407069e-09
785.4801812171936,-1.407291e-09
785.5736525058746,-1.406967e-09
785.6678264141083,-1.407412e-09
785.7626888751984,-1.406985e-09
785.8574645519257,-1.407719e-09
785.9517180919647,-1.407193e-09
786.0449771881104,-1.40775e-09
786.1386516094208,-1.40734e-09
786.2329907417297,-1.407662e-09
786.3265242576599,-1.407332e-09
786.4208898544312,-1.40743e-09
786.5151085853577,-1.407609e-09
786.6091916561127,-1.407241e-09
786.7113754749298,-1.407296e-09
786.8051204681396,-1.407939e-09
786.8994414806366,-1.407443e-09
786.9927754402161,-1.408056e-09
787.0868015289307,-1.407534e-09
787.1800525188446,-1.408061e-09
787.274596452713,-1.40764e-09
787.367787361145,-1.407967e-09
787.4614100456238,-1.407719e-09
787.5668106079102,-1.408232e-09
787.6605501174927,-1.407661e-09
787.754604101181,-1.408292e-09
787.8491907119751,-1.4078e-09
787.9425539970398,-1.408406e-09
788.0363569259644,-1.407879e-09
788.1300294399261,-1.408274e-09
788.2245156764984,-1.408058e-09
788.3190376758575,-1.407884e-09
788.4126298427582,-1.408246e-09
788.5071024894714,-1.407819e-09
788.600697517395,-1.408392e-09
788.6950047016144,-1.407924e-09
788.7890043258667,-1.408567e-09
788.8827271461487,-1.408006e-09
788.9770011901855,-1.408691e-09
789.0810885429382,-1.408054e-09
789.1749258041382,-1.408505e-09
789.2701618671417,-1.408069e-09
789.3640372753143,-1.408823e-09
789.4579985141754,-1.408214e-09
789.5527873039246,-1.408832e-09
789.6464974880219,-1.408339e-09
789.7403345108032,-1.408769e-09
789.8343937397003,-1.408464e-09
789.9286780357361,-1.408522e-09
790.022622346878,-1.408673e-09
790.1168496608734,-1.408372e-09
790.2105519771576,-1.408852e-09
790.3052124977112,-1.408387e-09
790.3986735343933,-1.409028e-09
790.492912530899,-1.408505e-09
790.5862369537354,-1.409081e-09
790.679851770401,-1.408516e-09
790.7734568119049,-1.409207e-09
790.8682632446289,-1.40869e-09
790.9625535011292,-1.409192e-09
791.0571870803833,-1.408906e-09
791.1510999202728,-1.408815e-09
791.2553374767303,-1.408671e-09
791.3490371704102,-1.40933e-09
791.443409204483,-1.408816e-09
791.5375006198883,-1.409257e-09
791.6319329738617,-1.409095e-09
791.7252383232117,-1.409685e-09
791.8215878009796,-1.409958e-09
791.9163112640381,-1.409491e-09
792.0101790428162,-1.41015e-09
792.1035068035126,-1.409453e-09
792.1974413394928,-1.410125e-09
792.2905697822571,-1.409552e-09
792.3852128982544,-1.409985e-09
792.4787545204163,-1.40963e-09
792.5738685131073,-1.409589e-09
792.6681563854218,-1.409932e-09
792.7621943950653,-1.409514e-09
792.8569376468658,-1.410169e-09
792.95037317276,-1.409553e-09
793.0452954769135,-1.410284e-09
793.1404705047607,-1.409804e-09
793.2345764636993,-1.410091e-09
793.3294548988342,-1.410174e-09
793.4239256381989,-1.409802e-09
793.5188071727753,-1.410411e-09
793.6135649681091,-1.409882e-09
793.7071208953857,-1.410517e-09
793.8016355037689,-1.40998e-09
793.8951966762543,-1.410551e-09
793.9892539978027,-1.410071e-09
794.083069562912,-1.410543e-09
794.1774458885193,-1.410273e-09
794.2710428237915,-1.410312e-09
794.3662197589874,-1.410512e-09
794.4606130123138,-1.410041e-09
794.5550887584686,-1.41074e-09
794.6497399806976,-1.410205e-09
794.7432754039764,-1.410827e-09
794.8378071784973,-1.410304e-09
794.9312250614166,-1.410817e-09
795.0251381397247,-1.410369e-09
795.1186923980713,-1.410807e-09
795.213326215744,-1.410574e-09
795.3070590496063,-1.410512e-09
795.4013199806213,-1.410826e-09
795.4950792789459,-1.410402e-09
795.5957596302032,-1.410432e-09
795.6893112659454,-1.410945e-09
795.7835943698883,-1.410449e-09
795.877114534378,-1.411124e-09
795.9714274406433,-1.410598e-09
796.0646295547485,-1.411257e-09
796.1591806411743,-1.410728e-09
796.2540926933289,-1.412666e-09
796.3490114212036,-1.422527e-09
796.4429061412811,-1.417642e-09
796.5372269153595,-1.480776e-09
796.6313230991364,-1.555687e-09
796.7272329330444,-1.52639e-09
796.8221607208252,-1.493708e-09
796.9163546562195,-1.484938e-09
797.0101935863495,-1.480491e-09
797.117623090744,-1.477408e-09
797.2117156982422,-1.476248e-09
797.3062491416931,-1.475577e-09
797.4003574848175,-1.476132e-09
797.4944434165955,-1.475382e-09
797.5887470245361,-1.475392e-09
797.6824371814728,-1.474986e-09
797.776439666748,-1.474973e-09
797.8705608844757,-1.47486e-09
797.9645004272461,-1.474749e-09
798.0583362579346,-1.475173e-09
798.1525630950928,-1.474438e-09
798.2459592819214,-1.475196e-09
798.3398339748383,-1.474613e-09
798.4342219829559,-1.475381e-09
798.5453112125397,-1.474803e-09
798.6381611824036,-1.47546e-09
798.732560634613,-1.475067e-09
798.8274946212769,-1.475103e-09
798.9224326610565,-1.475365e-09
799.016622543335,-1.475044e-09
799.1113464832306,-1.47568e-09
799.2053954601288,-1.475145e-09
799.2986900806427,-1.475737e-09
799.3931460380554,-1.475204e-09
799.4875159263611,-1.475597e-09
799.5815665721893,-1.475371e-09
799.6759006977081,-1.475347e-09
799.7700309753418,-1.475692e-09
799.8646059036255,-1.476066e-09
799.9591660499573,-1.476353e-09
800.0525937080383,-1.475775e-09
800.1472036838531,-1.476284e-09
800.2410056591034,-1.475793e-09
800.3353016376495,-1.476445e-09
800.4288966655731,-1.476085e-09
800.5238671302795,-1.476222e-09
800.6174149513245,-1.476222e-09
800.7116093635559,-1.476017e-09
800.8052027225494,-1.476379e-09
800.8999011516571,-1.475999e-09
800.9943428039551,-1.476643e-09
801.0885894298553,-1.476104e-09
801.1823806762695,-1.476838e-09
801.2765517234802,-1.47635e-09
801.3705306053162,-1.476944e-09
801.4648978710175,-1.476715e-09
801.5585527420044,-1.47706e-09
801.6522071361542,-1.476702e-09
801.7477376461029,-1.476752e-09
801.840963602066,-1.479262e-09
801.93434882164,-1.479123e-09
802.0277616977692,-1.478883e-09
802.1210360527039,-1.478198e-09
802.2141537666321,-1.478385e-09
802.3075351715088,-1.478264e-09
802.4009792804718,-1.47882e-09
802.4939193725586,-1.478779e-09
802.5871691703796,-1.478794e-09
802.6804795265198,-1.478878e-09
802.7735347747803,-1.478645e-09
802.8666911125183,-1.478932e-09
802.9602103233337,-1.478696e-09
803.0534296035767,-1.479172e-09
803.1472251415253,-1.478912e-09
803.2404692173004,-1.479171e-09
803.3339231014252,-1.479056e-09
803.427384853363,-1.479219e-09
803.5211856365204,-1.479229e-09
803.6145923137665,-1.479332e-09
803.7079331874847,-1.479569e-09
803.8013787269592,-1.479691e-09
803.89422082901,-1.483937e-09
803.9878170490265,-1.505734e-09
804.0806696414948,-1.530242e-09
804.1740078926086,-1.535298e-09
804.2674026489258,-1.519546e-09
804.3607060909271,-1.515355e-09
804.4539511203766,-1.512213e-09
804.547238111496,-1.511103e-09
804.640017747879,-1.509956e-09
804.7340240478516,-1.509945e-09
804.8274397850037,-1.508924e-09
804.9209721088409,-1.509212e-09
805.0309386253357,-1.508915e-09
805.124425649643,-1.508664e-09
805.2174351215363,-1.508846e-09
805.3105478286743,-1.508919e-09
805.4037954807281,-1.508815e-09
805.4972825050354,-1.508913e-09
805.5909168720245,-1.50889e-09
805.6842379570007,-1.509105e-09
805.7770144939423,-1.508989e-09
805.8707354068756,-1.509325e-09
805.9637129306793,-1.509032e-09
806.05721616745,-1.509293e-09
806.1511931419373,-1.509169e-09
806.244647026062,-1.509234e-09
806.3381073474884,-1.509364e-09
806.4313859939575,-1.50923e-09
806.5256371498108,-1.509572e-09
806.6186583042145,-1.50926e-09
806.7139995098114,-1.509763e-09
806.8069579601288,-1.50924e-09
806.9002795219421,-1.509864e-09
806.9937510490417,-1.509307e-09
807.0875616073608,-1.5101e-09
807.1807796955109,-1.50937e-09
807.274085521698,-1.510054e-09
807.3694343566895,-1.509567e-09
807.4640402793884,-1.510007e-09
807.5577940940857,-1.509597e-09
807.6518850326538,-1.509919e-09
807.7450697422028,-1.509819e-09
807.839173078537,-1.509845e-09
807.9322278499603,-1.509911e-09
808.0254745483398,-1.51007e-09
808.1191484928131,-1.51188e-09
808.2122368812561,-1.51123e-09
808.305634021759,-1.510728e-09
808.3988952636719,-1.511015e-09
808.4930348396301,-1.51067e-09
808.5865616798401,-1.510697e-09
808.6802537441254,-1.510784e-09
808.7739701271057,-1.510765e-09
808.8714656829834,-1.511229e-09
808.9658088684082,-1.510626e-09
809.0607309341431,-1.5109e-09
809.1541705131531,-1.510819e-09
809.2493216991425,-1.51047e-09
809.3505063056946,-1.510479e-09
809.4439525604248,-1.511076e-09
809.5375173091888,-1.510549e-09
809.6316425800323,-1.511292e-09
809.726399898529,-1.510824e-09
809.8203814029694,-1.511475e-09
809.9149653911591,-1.511011e-09
810.0085654258728,-1.511291e-09
810.1033120155334,-1.511234e-09
810.1972470283508,-1.510983e-09
810.292459487915,-1.511575e-09
810.3867299556732,-1.510981e-09
810.4809019565582,-1.511776e-09
810.57599568367,-1.511353e-09
810.6708950996399,-1.511458e-09
810.7658576965332,-1.511595e-09
810.8594973087311,-1.511185e-09
810.953022480011,-1.511689e-09
811.0469102859497,-1.51123e-09
811.1407606601715,-1.511902e-09
811.2343680858612,-1.511404e-09
811.329555273056,-1.512135e-09
811.4235706329346,-1.511671e-09
811.5178389549255,-1.511937e-09
811.6123154163361,-1.511975e-09
811.7058899402618,-1.511752e-09
811.8057539463043,-1.511922e-09
811.8997921943665,-1.512109e-09
811.994332075119,-1.511683e-09
812.0878126621246,-1.512345e-09
812.1823568344116,-1.512024e-09
812.2765154838562,-1.512789e-09
812.370409488678,-1.51225e-09
812.464702129364,-1.512797e-09
812.5580615997314,-1.512207e-09
812.6521985530853,-1.512653e-09
812.7469966411591,-1.512604e-09
812.8413074016571,-1.512307e-09
812.9351937770844,-1.512897e-09
813.0302605628967,-1.512386e-09
813.1238744258881,-1.513057e-09
813.2189600467682,-1.512596e-09
813.313010931015,-1.513127e-09
813.4062576293945,-1.512741e-09
813.5002992153168,-1.512897e-09
813.594099521637,-1.513118e-09
813.6883583068848,-1.512829e-09
813.781539440155,-1.513301e-09
813.8752727508545,-1.5129e-09
813.9696288108826,-1.513506e-09
814.0632247924805,-1.513024e-09
814.1572279930115,-1.513751e-09
814.2514035701752,-1.513223e-09
814.3450982570648,-1.513903e-09
814.4387173652649,-1.51334e-09
814.5318622589111,-1.51404e-09
814.6254119873047,-1.513445e-09
814.7209067344666,-1.513926e-09
814.8151199817657,-1.513735e-09
814.9091084003448,-1.51376e-09
815.0025339126587,-1.513808e-09
815.0958664417267,-1.513823e-09
815.1905949115753,-1.514129e-09
815.2851536273956,-1.513695e-09
815.3790438175201,-1.514368e-09
815.4727504253387,-1.513864e-09
815.5664668083191,-1.514536e-09
815.6597900390625,-1.513926e-09
815.7535302639008,-1.514632e-09
815.8465340137482,-1.514039e-09
815.9402680397034,-1.514728e-09
816.0349864959717,-1.514212e-09
816.1284437179565,-1.514828e-09
816.222198009491,-1.514368e-09
816.3175094127655,-1.514424e-09
816.411473274231,-1.514775e-09
816.5058953762054,-1.514383e-09
816.5992157459259,-1.514978e-09
816.6943943500519,-1.514579e-09
816.7885525226593,-1.51525e-09
816.8854100704193,-1.51503e-09
816.9795398712158,-1.51467e-09
817.0741329193115,-1.515274e-09
817.1682934761047,-1.514757e-09
817.2629024982452,-1.515468e-09
817.3568522930145,-1.514951e-09
817.4508728981018,-1.515399e-09
817.5453526973724,-1.515154e-09
817.6395092010498,-1.515067e-09
817.7333488464355,-1.515442e-09
817.8278794288635,-1.514972e-09
817.9218237400055,-1.515621e-09
818.0159482955933,-1.515095e-09
818.1097187995911,-1.515785e-09
818.2038314342499,-1.515238e-09
818.2976584434509,-1.515885e-09
818.3921995162964,-1.515352e-09
818.4867641925812,-1.515537e-09
818.5805513858795,-1.515578e-09
818.6740825176239,-1.515597e-09
818.7675156593323,-1.515678e-09
818.8608560562134,-1.515608e-09
818.9551775455475,-1.515845e-09
819.048654794693,-1.515584e-09
819.1425044536591,-1.516019e-09
819.2362470626831,-1.515574e-09
819.3300747871399,-1.51608e-09
819.4245691299438,-1.51563e-09
819.5185644626617,-1.51628e-09
819.61341547966,-1.5158e-09
819.7082402706146,-1.516283e-09
819.8025574684143,-1.515995e-09
819.8963956832886,-1.516069e-09
819.9901809692383,-1.516219e-09
820.0839376449585,-1.515999e-09
820.1778092384338,-1.516454e-09
820.2731189727783,-1.516005e-09
820.3681290149689,-1.516694e-09
820.4637460708618,-1.516386e-09
820.557671546936,-1.516195e-09
820.6514804363251,-1.516574e-09
820.7455213069916,-1.516196e-09
820.8397831916809,-1.516846e-09
820.9339537620544,-1.516335e-09
821.0278425216675,-1.517033e-09
821.1234126091003,-1.516542e-09
821.2169277667999,-1.51682e-09
821.3108477592468,-1.516734e-09
821.4054517745972,-1.51644e-09
821.5008125305176,-1.517068e-09
821.5953016281128,-1.516516e-09
821.697069644928,-1.516516e-09
821.7900581359863,-1.517116e-09
821.8841698169708,-1.516661e-09
821.9774165153503,-1.517153e-09
822.0714552402496,-1.516667e-09
822.1662986278534,-1.516721e-09
822.2607736587524,-1.517107e-09
822.3550500869751,-1.516598e-09
822.4488699436188,-1.517289e-09
822.5429627895355,-1.516781e-09
822.6367597579956,-1.517461e-09
822.7311308383942,-1.516944e-09
822.8258934020996,-1.517261e-09
822.9198677539825,-1.517204e-09
823.0139355659485,-1.51701e-09
823.1086106300354,-1.517529e-09
823.2024595737457,-1.517009e-09
823.2999224662781,-1.517464e-09
823.3939793109894,-1.517403e-09
823.4880564212799,-1.517196e-09
823.5827844142914,-1.517736e-09
823.6769247055054,-1.517219e-09
823.7708127498627,-1.517938e-09
823.8647763729095,-1.517357e-09
823.958526134491,-1.518023e-09
824.0529191493988,-1.517507e-09
824.1465344429016,-1.518143e-09
824.2403049468994,-1.51762e-09
824.33371925354,-1.518207e-09
824.4357416629791,-1.518074e-09
824.5295062065125,-1.51798e-09
824.6240918636322,-1.517865e-09
824.7176826000214,-1.518264e-09
824.8120539188385,-1.51781e-09
824.9058907032013,-1.518522e-09
824.9995441436768,-1.518078e-09
825.0940308570862,-1.518809e-09
825.1874010562897,-1.518184e-09
825.2816383838654,-1.518681e-09
825.3766252994537,-1.518308e-09
825.4709775447845,-1.518236e-09
825.5656797885895,-1.518467e-09
825.6592440605164,-1.518035e-09
825.7538509368896,-1.518919e-09
825.8474273681641,-1.518375e-09
825.9416363239288,-1.519203e-09
826.036618232727,-1.51864e-09
826.1304714679718,-1.51886e-09
826.2243371009827,-1.518781e-09
826.3187301158905,-1.518696e-09
826.4141111373901,-1.518561e-09
826.5083363056183,-1.517729e-09
826.6047303676605,-1.516667e-09
826.6987090110779,-1.515872e-09
826.7926483154297,-1.517679e-09
826.8872847557068,-1.518931e-09
826.9866542816162,-1.518784e-09
827.0800156593323,-1.519032e-09
827.1738679409027,-1.519024e-09
827.2683641910553,-1.518943e-09
827.3626434803009,-1.519843e-09
827.456949710846,-1.519529e-09
827.551607131958,-1.520988e-09
827.6457707881927,-1.521042e-09
827.7392466068268,-1.522101e-09
827.8340373039246,-1.521874e-09
827.9281277656555,-1.522557e-09
828.024466753006,-1.522721e-09
828.1184422969818,-1.522794e-09
828.2127346992493,-1.523441e-09
828.3065783977509,-1.5228e-09
828.4010133743286,-1.523477e-09
828.4946374893188,-1.522891e-09
828.5883476734161,-1.523664e-09
828.682811498642,-1.523217e-09
828.7774150371552,-1.52359e-09
828.8714499473572,-1.523739e-09
828.9662914276123,-1.523536e-09
829.060507774353,-1.524192e-09
829.1547791957855,-1.523273e-09
829.2484483718872,-1.523397e-09
829.3428781032562,-1.522515e-09
829.4367499351501,-1.522925e-09
829.5308239459991,-1.521667e-09
829.6250066757202,-1.521144e-09
829.7185935974121,-1.521092e-09
829.8118853569031,-1.521679e-09
829.9053637981415,-1.521257e-09
829.9985945224762,-1.521338e-09
830.0922183990479,-1.520944e-09
830.1868093013763,-1.520963e-09
830.2814915180206,-1.521004e-09
830.3744978904724,-1.520724e-09
830.4680960178375,-1.520948e-09
830.5617463588715,-1.520687e-09
830.6550097465515,-1.521028e-09
830.7483518123627,-1.52086e-09
830.8420133590698,-1.52119e-09
830.9357006549835,-1.520795e-09
831.0302877426147,-1.521327e-09
831.12420129776,-1.520714e-09
831.2175278663635,-1.521087e-09
831.3121166229248,-1.52045e-09
831.4059226512909,-1.521088e-09
831.4995234012604,-1.52047e-09
831.5934550762177,-1.521068e-09
831.6870985031128,-1.52047e-09
831.7807512283325,-1.521001e-09
831.874582529068,-1.520501e-09
831.9682528972626,-1.520867e-09
832.0620703697205,-1.520591e-09
832.155669927597,-1.520807e-09
832.2489628791809,-1.520692e-09
832.3427095413208,-1.520822e-09
832.436053276062,-1.520842e-09
832.5293135643005,-1.521027e-09
832.6223590373993,-1.520838e-09
832.7162084579468,-1.521164e-09
832.8096876144409,-1.520973e-09
832.9041759967804,-1.520979e-09
832.9970185756683,-1.521131e-09
833.090389251709,-1.521233e-09
833.1833937168121,-1.521109e-09
833.2766172885895,-1.521484e-09
833.3697969913483,-1.521036e-09
833.4630720615387,-1.521603e-09
833.556746006012,-1.521221e-09
833.6497662067413,-1.521913e-09
833.743328332901,-1.521482e-09
833.8369588851929,-1.522166e-09
833.9302351474762,-1.52156e-09
834.023236989975,-1.522104e-09
834.1167702674866,-1.521466e-09
834.2100973129272,-1.522063e-09
834.3033282756805,-1.521632e-09
834.3974013328552,-1.522707e-09
834.4916882514954,-1.522692e-09
834.5858619213104,-1.523404e-09
834.6795394420624,-1.522352e-09
834.7733397483826,-1.522882e-09
834.8662543296814,-1.522485e-09
834.9599542617798,-1.523478e-09
835.0535628795624,-1.523433e-09
835.1474702358246,-1.523673e-09
835.2409775257111,-1.523161e-09
835.3352603912354,-1.52354e-09
835.4289236068726,-1.523406e-09
835.5229694843292,-1.523795e-09
835.6169724464417,-1.5239e-09
835.7111020088196,-1.523893e-09
835.8048450946808,-1.52427e-09
835.8985323905945,-1.524074e-09
835.9925320148468,-1.524418e-09
836.0867154598236,-1.523561e-09
836.1807112693787,-1.52398e-09
836.2744641304016,-1.523386e-09
836.368381023407,-1.524163e-09
836.4619934558868,-1.524103e-09
836.5552616119385,-1.524745e-09
836.649985074997,-1.5239e-09
836.744143486023,-1.52421e-09
836.8379666805267,-1.524343e-09
836.9320487976074,-1.524569e-09
837.0261490345001,-1.524916e-09
837.120522737503,-1.524477e-09
837.2144794464111,-1.525221e-09
837.3124489784241,-1.52505e-09
837.4061291217804,-1.524918e-09
837.5007600784302,-1.525377e-09
837.595504283905,-1.525014e-09
837.6887300014496,-1.525517e-09
837.7823565006256,-1.52488e-09
837.8757855892181,-1.525485e-09
837.9692738056183,-1.524987e-09
838.0657441616058,-1.525674e-09
838.1599996089935,-1.525212e-09
838.2535743713379,-1.525653e-09
838.3478734493256,-1.525631e-09
838.4415793418884,-1.525626e-09
838.5350856781006,-1.525581e-09
838.6293709278107,-1.525387e-09
838.7245223522186,-1.525899e-09
838.8180994987488,-1.525345e-09
838.912796497345,-1.526011e-09
839.0070631504059,-1.525328e-09
839.1008453369141,-1.525936e-09
839.195042848587,-1.525246e-09
839.2891685962677,-1.525681e-09
839.3845753669739,-1.525541e-09
839.4779169559479,-1.525666e-09
839.572262763977,-1.526174e-09
839.6656241416931,-1.525813e-09
839.7598617076874,-1.525985e-09
839.8535363674164,-1.525773e-09
839.9486978054047,-1.526847e-09
840.0421833992004,-1.526319e-09
840.1358301639557,-1.526562e-09
840.2549328804016,-1.525444e-09
840.349112033844,-1.52594e-09
840.4425406455994,-1.524685e-09
840.5368254184723,-1.52566e-09
840.6298894882202,-1.525217e-09
840.7243092060089,-1.525802e-09
840.8180224895477,-1.52505e-09
840.9121193885803,-1.525638e-09
841.0061609745026,-1.525113e-09
841.1004011631012,-1.525556e-09
841.1940181255341,-1.525248e-09
841.2880928516388,-1.525488e-09
841.3817784786224,-1.525533e-09
841.482360124588,-1.525564e-09
841.5754942893982,-1.525972e-09
841.670000076294,-1.525957e-09
841.7634365558624,-1.525963e-09
841.8576157093048,-1.526335e-09
841.9533278942108,-1.525972e-09
842.0469791889191,-1.526699e-09
842.1469237804413,-1.526824e-09
842.2405648231506,-1.526244e-09
842.3349833488464,-1.526983e-09
842.4285974502563,-1.526449e-09
842.5234017372131,-1.527206e-09
842.6168377399445,-1.526714e-09
842.711329460144,-1.527196e-09
842.8052039146423,-1.526846e-09
842.8990325927734,-1.527107e-09
842.9926471710205,-1.527089e-09
843.087094783783,-1.526927e-09
843.1807322502136,-1.527316e-09
843.2748727798462,-1.527001e-09
843.368588924408,-1.527436e-09
843.4633235931396,-1.527059e-09
843.5588581562042,-1.527939e-09
843.652334690094,-1.527402e-09
843.7464599609375,-1.527704e-09
843.8412210941315,-1.527528e-09
843.9358384609222,-1.527307e-09
844.0297563076019,-1.527855e-09
844.1256835460663,-1.527474e-09
844.2214102745056,-1.527814e-09
844.3151371479034,-1.527683e-09
844.4106178283691,-1.527423e-09
844.5044484138489,-1.527964e-09
844.5986764431,-1.527432e-09
844.6922271251678,-1.528124e-09
844.7864811420441,-1.527575e-09
844.8809866905212,-1.528288e-09
844.975873708725,-1.527878e-09
845.0695457458496,-1.527962e-09
845.163450717926,-1.527947e-09
845.2580902576447,-1.527694e-09
845.3518795967102,-1.528238e-09
845.4458417892456,-1.528175e-09
845.539669752121,-1.528898e-09
845.6333236694336,-1.528332e-09
845.7268650531769,-1.529034e-09
845.8204166889191,-1.52857e-09
845.9139754772186,-1.529412e-09
846.0081179141998,-1.528777e-09
846.1031677722931,-1.529327e-09
846.1979370117188,-1.52927e-09
846.291759967804,-1.528878e-09
846.3858754634857,-1.529428e-09
846.4797368049622,-1.528838e-09
846.5738096237183,-1.529577e-09
846.668515920639,-1.529013e-09
846.762134552002,-1.52964e-09
846.8571002483368,-1.529273e-09
846.9557616710663,-1.529234e-09
847.0498974323273,-1.529726e-09
847.144159078598,-1.529534e-09
847.2391977310181,-1.529171e-09
847.3330726623535,-1.529761e-09
847.4273114204407,-1.529262e-09
847.5209014415741,-1.529889e-09
847.6152722835541,-1.529477e-09
847.7086365222931,-1.530581e-09
847.802892446518,-1.530821e-09
847.8962454795837,-1.532769e-09
847.990128993988,-1.535377e-09
848.0838732719421,-1.545328e-09
848.1780459880829,-1.551716e-09
848.2720453739166,-1.54478e-09
848.3668856620789,-1.534756e-09
848.4602901935577,-1.534405e-09
848.5546207427979,-1.534492e-09
848.6488316059113,-1.534539e-09
848.7433543205261,-1.535496e-09
848.8376865386963,-1.535624e-09
848.9321482181549,-1.536355e-09
849.0271997451782,-1.534562e-09
849.1208388805389,-1.533262e-09
849.2148432731628,-1.531106e-09
849.3082656860352,-1.531803e-09
849.4019422531128,-1.530045e-09
849.495888710022,-1.531697e-09
849.5899474620819,-1.532539e-09
849.6838939189911,-1.532193e-09
849.7777218818665,-1.532296e-09
849.8717584609985,-1.531837e-09
849.9661118984222,-1.531765e-09
850.0592732429504,-1.524298e-09
850.1541612148285,-1.513419e-09
850.2476789951324,-1.509682e-09
850.3424093723297,-1.509481e-09
850.4358072280884,-1.508528e-09
850.530255317688,-1.508793e-09
850.6235344409943,-1.508442e-09
850.7165839672089,-1.509612e-09
850.810567855835,-1.510007e-09
850.903561592102,-1.510683e-09
851.0145123004913,-1.509985e-09
851.1080415248871,-1.509316e-09
851.2019102573395,-1.509949e-09
851.2953751087189,-1.509665e-09
851.3890895843506,-1.510213e-09
851.4818744659424,-1.509767e-09
851.575192451477,-1.509921e-09
851.6699843406677,-1.508927e-09
851.7641994953156,-1.509115e-09
851.8590357303619,-1.50818e-09
851.9534137248993,-1.508236e-09
852.0469126701355,-1.507612e-09
852.1424136161804,-1.507425e-09
852.2360320091248,-1.507769e-09
852.3311641216278,-1.50731e-09
852.4246869087219,-1.508054e-09
852.5189111232758,-1.507689e-09
852.6139960289001,-1.508155e-09
852.7074871063232,-1.508214e-09
852.8014898300171,-1.507991e-09
852.8952572345734,-1.508422e-09
852.9892673492432,-1.507951e-09
853.0832123756409,-1.508818e-09
853.1769678592682,-1.508455e-09
853.2705931663513,-1.509232e-09
853.3645861148834,-1.508637e-09
853.4590132236481,-1.509267e-09
853.5528354644775,-1.508822e-09
853.6467413902283,-1.509365e-09
853.7423830032349,-1.508847e-09
853.835887670517,-1.508674e-09
853.9299228191376,-1.508756e-09
854.0237257480621,-1.508541e-09
854.118063211441,-1.508911e-09
854.211751461029,-1.508477e-09
854.3051979541779,-1.509042e-09
854.39874958992,-1.508422e-09
854.4927456378937,-1.509094e-09
854.5866601467133,-1.508524e-09
854.6808907985687,-1.509238e-09
854.7787103652954,-1.508978e-09
854.8724999427795,-1.508713e-09
854.9666020870209,-1.509148e-09
855.0603902339935,-1.508713e-09
855.1549923419952,-1.509374e-09
855.249094247818,-1.508856e-09
855.3437774181366,-1.50955e-09
855.4378414154053,-1.508959e-09
855.5323028564453,-1.509491e-09
855.6253752708435,-1.508799e-09
855.7189869880676,-1.509015e-09
855.8125894069672,-1.509096e-09
855.9062004089355,-1.509124e-09
855.9991362094879,-1.508845e-09
856.0928802490234,-1.509098e-09
856.1864840984344,-1.509273e-09
856.2809410095215,-1.509637e-09
856.3746407032013,-1.509525e-09
856.4696888923645,-1.509923e-09
856.5634582042694,-1.509953e-09
856.6571455001831,-1.50898e-09
856.751344203949,-1.508245e-09
856.8466467857361,-1.507172e-09
856.9410130977631,-1.505717e-09
857.0350461006165,-1.504958e-09
857.1295232772827,-1.50553e-09
857.2232780456543,-1.503061e-09
857.3190023899078,-1.500304e-09
857.414487361908,-1.499437e-09
857.5075681209564,-1.49754e-09
857.602522611618,-1.496925e-09
857.6961731910706,-1.497913e-09
857.7903435230255,-1.500009e-09
857.885635137558,-1.509659e-09
857.9798948764801,-1.519003e-09
858.0739970207214,-1.51933e-09
858.1683223247528,-1.517925e-09
858.2624049186707,-1.518329e-09
858.3562912940979,-1.526784e-09
858.4503517150879,-1.523711e-09
858.5446238517761,-1.523923e-09
858.63942527771,-1.525503e-09
858.732771396637,-1.525143e-09
858.828253030777,-1.523729e-09
858.9230468273163,-1.521976e-09
859.0168080329895,-1.520542e-09
859.1102681159973,-1.519285e-09
859.2047927379608,-1.517662e-09
859.2994983196259,-1.515479e-09
859.3931684494019,-1.514186e-09
859.4870285987854,-1.513144e-09
859.580381155014,-1.512163e-09
859.674008846283,-1.511216e-09
859.7687816619873,-1.510604e-09
859.8757557868958,-1.509985e-09
859.9689149856567,-1.508905e-09
860.062495470047,-1.507957e-09
860.1559193134308,-1.506223e-09
860.2503535747528,-1.495773e-09
860.3441426753998,-1.484819e-09
860.4380996227264,-1.481592e-09
860.5316309928894,-1.480098e-09
860.6252152919769,-1.479093e-09
860.7196049690247,-1.477875e-09
860.8133180141449,-1.475563e-09
860.907418012619,-1.474448e-09
861.0011420249939,-1.472887e-09
861.0948860645294,-1.47166e-09
861.1888654232025,-1.469496e-09
861.2830355167389,-1.468627e-09
861.3771452903748,-1.467349e-09
861.4711112976074,-1.466142e-09
861.5650968551636,-1.465582e-09
861.6591968536377,-1.465254e-09
861.7525925636292,-1.464051e-09
861.8471436500549,-1.463567e-09
861.9408431053162,-1.462933e-09
862.0339088439941,-1.461691e-09
862.1275191307068,-1.461538e-09
862.2212882041931,-1.461411e-09
862.3153395652771,-1.461211e-09
862.410505771637,-1.460514e-09
862.5043950080872,-1.460022e-09
862.6071619987488,-1.459402e-09
862.7006618976593,-1.458835e-09
862.7958278656006,-1.458176e-09
862.8892624378204,-1.45732e-09
862.9959137439728,-1.456938e-09
863.0891036987305,-1.456451e-09
863.1828830242157,-1.455812e-09
863.2773230075836,-1.455296e-09
863.3716731071472,-1.454901e-09
863.4657497406006,-1.454605e-09
863.5594656467438,-1.45397e-09
863.6529633998871,-1.453898e-09
863.7466661930084,-1.45372e-09
863.8407423496246,-1.453522e-09
863.9345936775208,-1.453383e-09
864.0288708209991,-1.452789e-09
864.1222503185272,-1.45233e-09
864.2165319919586,-1.451568e-09
864.3104813098907,-1.450841e-09
864.4044115543365,-1.450412e-09
864.4983541965485,-1.450059e-09
864.5921149253845,-1.45008e-09
864.6860408782959,-1.449651e-09
864.7803709506989,-1.449198e-09
864.8744719028473,-1.447831e-09
864.9686703681946,-1.447382e-09
865.0628054141998,-1.447562e-09
865.1563618183136,-1.447052e-09
865.250625371933,-1.44653e-09
865.344366312027,-1.44585e-09
865.4384384155273,-1.445208e-09
865.5320384502411,-1.444296e-09
865.6262741088867,-1.443487e-09
865.7198333740234,-1.442927e-09
865.8163294792175,-1.442365e-09
865.9111404418945,-1.442138e-09
866.0047564506531,-1.441617e-09
866.0982027053833,-1.441248e-09
866.1940717697144,-1.439819e-09
866.2889409065247,-1.440329e-09
866.3825764656067,-1.440245e-09
866.4768834114075,-1.439788e-09
866.5703620910645,-1.438535e-09
866.6639065742493,-1.437384e-09
866.7577319145203,-1.436932e-09
866.85200548172,-1.435975e-09
866.9464702606201,-1.435378e-09
867.0454499721527,-1.433236e-09
867.1406538486481,-1.431899e-09
867.2346210479736,-1.430404e-09
867.328652381897,-1.429261e-09
867.4218471050262,-1.428138e-09
867.5194025039673,-1.427458e-09
867.6132235527039,-1.427156e-09
867.7080144882202,-1.426572e-09
867.8018016815186,-1.426201e-09
867.8956942558289,-1.425435e-09
867.9893078804016,-1.425149e-09
868.0833523273468,-1.424292e-09
868.1772758960724,-1.422928e-09
868.2732682228088,-1.421837e-09
868.366760969162,-1.42011e-09
868.4612507820129,-1.419087e-09
868.5559356212616,-1.418533e-09
868.6504499912262,-1.417866e-09
868.7441334724426,-1.416765e-09
868.8390305042267,-1.416267e-09
868.9323575496674,-1.415299e-09
869.0269501209259,-1.407805e-09
869.1214098930359,-1.404732e-09
869.2157425880432,-1.403535e-09
869.3113415241241,-1.402747e-09
869.4178283214569,-1.40167e-09
869.51247215271,-1.400919e-09
869.6065273284912,-1.400396e-09
869.7010459899902,-1.399272e-09
869.7951753139496,-1.398688e-09
869.8892736434937,-1.398525e-09
869.9831964969635,-1.397828e-09
870.0766730308533,-1.396926e-09
870.1697113513947,-1.396524e-09
870.2636151313782,-1.395244e-09
870.3567662239075,-1.392906e-09
870.4508123397827,-1.392386e-09
870.54425573349,-1.391586e-09
870.6380875110626,-1.39111e-09
870.7312994003296,-1.389177e-09
870.8252866268158,-1.387338e-09
870.9191353321075,-1.38369e-09
871.0132882595062,-1.382608e-09
871.1070520877838,-1.382155e-09
871.2008309364319,-1.381868e-09
871.2952721118927,-1.381474e-09
871.3884818553925,-1.380835e-09
871.4822862148285,-1.380646e-09
871.5760986804962,-1.380808e-09
871.6702930927277,-1.38119e-09
871.7637994289398,-1.381968e-09
871.8590221405029,-1.382788e-09
871.9531757831573,-1.38418e-09
872.0549919605255,-1.38452e-09
872.1497323513031,-1.383881e-09
872.2432825565338,-1.382762e-09
872.3374018669128,-1.381957e-09
872.4309372901917,-1.381708e-09
872.5244867801666,-1.381065e-09
872.6184878349304,-1.380597e-09
872.7137167453766,-1.380297e-09
872.8076207637787,-1.379687e-09
872.9015738964081,-1.379305e-09
872.9952011108398,-1.378804e-09
873.089596748352,-1.37879e-09
873.1841542720795,-1.378437e-09
873.2910566329956,-1.378058e-09
873.3844838142395,-1.377627e-09
873.4785549640656,-1.376664e-09
873.5733103752136,-1.376187e-09
873.667717218399,-1.375805e-09
873.7616565227509,-1.374978e-09
873.8557586669922,-1.374855e-09
873.949969291687,-1.374603e-09
874.0463774204254,-1.374152e-09
874.1401474475861,-1.373668e-09
874.2340619564056,-1.373019e-09
874.3278660774231,-1.372686e-09
874.4218068122864,-1.372323e-09
874.516482591629,-1.37187e-09
874.6106424331665,-1.371292e-09
874.7045595645905,-1.370781e-09
874.7986190319061,-1.370499e-09
874.89191198349,-1.370086e-09
874.9858071804047,-1.36951e-09
875.0793125629425,-1.368515e-09
875.1732397079468,-1.367665e-09
875.2672395706177,-1.367387e-09
875.3620231151581,-1.366795e-09
875.4561457633972,-1.366371e-09
875.5500071048737,-1.365948e-09
875.6443510055542,-1.365728e-09
875.7380890846252,-1.365617e-09
875.8319766521454,-1.365554e-09
875.9254095554352,-1.365479e-09
876.0194823741913,-1.365032e-09
876.113219499588,-1.364583e-09
876.2069733142853,-1.364294e-09
876.3008980751038,-1.36391e-09
876.3950316905975,-1.363592e-09
876.4900019168854,-1.362967e-09
876.5831458568573,-1.36265e-09
876.6766996383667,-1.362346e-09
876.7698650360107,-1.361978e-09
876.8634843826294,-1.361896e-09
876.9574432373047,-1.361651e-09
877.0514416694641,-1.361086e-09
877.1449067592621,-1.360772e-09
877.239289522171,-1.360547e-09
877.3325791358948,-1.360167e-09
877.4269001483917,-1.359928e-09
877.5200583934784,-1.359754e-09
877.6133031845093,-1.359369e-09
877.706883430481,-1.359103e-09
877.801171541214,-1.359104e-09
877.8953084945679,-1.358708e-09
877.9896259307861,-1.358532e-09
878.0831294059753,-1.358099e-09
878.1767599582672,-1.357909e-09
878.2704463005066,-1.357826e-09
878.364807844162,-1.357654e-09
878.4637131690979,-1.357361e-09
878.5592591762543,-1.35727e-09
878.6530287265778,-1.357271e-09
878.7479367256165,-1.357094e-09
878.841381072998,-1.356883e-09
878.9357669353485,-1.355986e-09
879.0293958187103,-1.355744e-09
879.1235597133636,-1.355553e-09
879.2169871330261,-1.354789e-09
879.3116838932037,-1.354037e-09
879.4051177501678,-1.353763e-09
879.4990155696869,-1.353701e-09
879.5929038524628,-1.353548e-09
879.6869978904724,-1.353311e-09
879.780669927597,-1.353109e-09
879.8752903938293,-1.352865e-09
879.9687466621399,-1.352725e-09
880.0629303455353,-1.352622e-09
880.156809091568,-1.352583e-09
880.2513701915741,-1.352506e-09
880.3447623252869,-1.352429e-09
880.4397792816162,-1.352252e-09
880.5332460403442,-1.351923e-09
880.6269612312317,-1.351537e-09
880.7205054759979,-1.351313e-09
880.8154361248016,-1.351131e-09
880.9087543487549,-1.350712e-09
881.00408244133,-1.350764e-09
881.0974261760712,-1.350322e-09
881.1924753189087,-1.35041e-09
881.2863636016846,-1.350461e-09
881.3801493644714,-1.350575e-09
881.4743101596832,-1.350427e-09
881.5681219100952,-1.350512e-09
881.662679195404,-1.350478e-09
881.7558693885803,-1.350354e-09
881.8498837947845,-1.350462e-09
881.9434261322021,-1.350483e-09
882.0368020534515,-1.350236e-09
882.1307091712952,-1.350037e-09
882.2247641086578,-1.349843e-09
882.3182199001312,-1.3497e-09
882.4121675491333,-1.349537e-09
882.5066590309143,-1.349263e-09
882.6007435321808,-1.349143e-09
882.6943769454956,-1.34912e-09
882.7882471084595,-1.349087e-09
882.8821640014648,-1.348942e-09
882.976313829422,-1.348943e-09
883.0699441432953,-1.34871e-09
883.1641809940338,-1.348837e-09
883.2589075565338,-1.348599e-09
883.35316157341,-1.348747e-09
883.4467959403992,-1.348687e-09
883.5427134037018,-1.348726e-09
883.6378171443939,-1.34828e-09
883.7316453456879,-1.348302e-09
883.8306424617767,-1.348307e-09
883.9240906238556,-1.348231e-09
884.0174238681793,-1.347922e-09
884.1120109558105,-1.348073e-09
884.2059574127197,-1.347889e-09
884.3002412319183,-1.348063e-09
884.3950984477997,-1.347961e-09
884.4888701438904,-1.347788e-09
884.5838043689728,-1.348095e-09
884.6771941184998,-1.348046e-09
884.7707099914551,-1.347868e-09
884.8645677566528,-1.347878e-09
884.9584085941315,-1.348164e-09
885.0524489879608,-1.347983e-09
885.1469805240631,-1.347821e-09
885.2407155036926,-1.347408e-09
885.3345313072205,-1.347094e-09
885.4278979301453,-1.347178e-09
885.5223441123962,-1.347435e-09
885.616348028183,-1.347558e-09
885.7233657836914,-1.347114e-09
885.8166389465332,-1.347202e-09
885.9115874767303,-1.34743e-09
886.0051255226135,-1.347418e-09
886.1001539230347,-1.347487e-09
886.1946532726288,-1.347586e-09
886.2888894081116,-1.347509e-09
886.3820469379425,-1.34742e-09
886.4763000011444,-1.347473e-09
886.5712292194366,-1.347561e-09
886.6651759147644,-1.347336e-09
886.7600095272064,-1.347105e-09
886.8537108898163,-1.346908e-09
886.948014497757,-1.347068e-09
887.0419521331787,-1.347166e-09
887.1357891559601,-1.347278e-09
887.2294690608978,-1.347536e-09
887.3233079910278,-1.347589e-09
887.4170613288879,-1.347851e-09
887.510174036026,-1.347916e-09
887.6038920879364,-1.347464e-09
887.6974754333496,-1.347151e-09
887.7911033630371,-1.347327e-09
887.8851339817047,-1.347518e-09
887.979419708252,-1.347794e-09
888.0731098651886,-1.347843e-09
888.1673295497894,-1.347931e-09
888.260888338089,-1.347874e-09
888.35467004776,-1.347547e-09
888.4477825164795,-1.347276e-09
888.5420651435852,-1.347413e-09
888.6353740692139,-1.347843e-09
888.730218410492,-1.347979e-09
888.8249475955963,-1.347922e-09
888.9190156459808,-1.348148e-09
889.0127556324005,-1.34804e-09
889.1064019203186,-1.347553e-09
889.1996469497681,-1.347313e-09
889.3017117977142,-1.348061e-09
889.3964123725891,-1.347661e-09
889.4901814460754,-1.347099e-09
889.583888053894,-1.347336e-09
889.6777498722076,-1.347429e-09
889.7719779014587,-1.347767e-09
889.8690748214722,-1.347996e-09
889.9625027179718,-1.348211e-09
890.0561554431915,-1.348654e-09
890.1495628356934,-1.348503e-09
890.2448315620422,-1.348124e-09
890.3393487930298,-1.347814e-09
890.4328095912933,-1.347771e-09
890.5267426967621,-1.348007e-09
890.6212198734283,-1.348202e-09
890.7153062820435,-1.3484e-09
890.8102111816406,-1.348461e-09
890.9042041301727,-1.348674e-09
890.9984323978424,-1.34852e-09
891.0930290222168,-1.348099e-09
891.1872928142548,-1.347571e-09
891.2813262939453,-1.347522e-09
891.3765799999237,-1.347763e-09
891.4708251953125,-1.347906e-09
891.564829826355,-1.348041e-09
891.6590392589569,-1.348221e-09
891.7534759044647,-1.348406e-09
891.8473720550537,-1.348227e-09
891.9413917064667,-1.347896e-09
892.0347537994385,-1.347629e-09
892.1305556297302,-1.347545e-09
892.2237884998322,-1.347828e-09
892.3181874752045,-1.348019e-09
892.4116606712341,-1.347935e-09
892.5056853294373,-1.348066e-09
892.5992782115936,-1.347957e-09
892.694623708725,-1.348016e-09
892.7881739139557,-1.348114e-09
892.8826243877411,-1.348225e-09
892.9769365787506,-1.347956e-09
893.070249080658,-1.348391e-09
893.164577960968,-1.348024e-09
893.2581369876862,-1.348493e-09
893.3523180484772,-1.348544e-09
893.4463448524475,-1.351819e-09
893.5402045249939,-1.352309e-09
893.6338360309601,-1.351737e-09
893.7273051738739,-1.35106e-09
893.8208992481232,-1.349479e-09
893.9149348735809,-1.346427e-09
894.0084979534149,-1.343601e-09
894.1021158695221,-1.34188e-09
894.1960253715515,-1.343084e-09
894.2888779640198,-1.342669e-09
894.3826124668121,-1.34148e-09
894.4764449596405,-1.34084e-09
894.5700795650482,-1.341609e-09
894.6642351150513,-1.334373e-09
894.7578806877136,-1.325926e-09
894.8518071174622,-1.32502e-09
894.9465808868408,-1.32161e-09
895.0405068397522,-1.314981e-09
895.134200334549,-1.311272e-09
895.2282509803772,-1.308965e-09
895.322696685791,-1.308134e-09
895.416464805603,-1.307948e-09
895.5102272033691,-1.307771e-09
895.6039137840271,-1.308101e-09
895.6977672576904,-1.30799e-09
895.7917106151581,-1.306747e-09
895.8853714466095,-1.306526e-09
895.9797930717468,-1.306816e-09
896.0735630989075,-1.30721e-09
896.1666057109833,-1.307427e-09
896.2606608867645,-1.30692e-09
896.3543467521667,-1.307125e-09
896.4483387470245,-1.307586e-09
896.5426187515259,-1.307472e-09
896.6360123157501,-1.308169e-09
896.7294867038727,-1.308e-09
896.822881937027,-1.308358e-09
896.9166924953461,-1.308382e-09
897.0104579925537,-1.308351e-09
897.1105573177338,-1.310125e-09
897.2041382789612,-1.309029e-09
897.2985119819641,-1.308519e-09
897.3919947147369,-1.309323e-09
897.4858918190002,-1.309396e-09
897.579512834549,-1.309991e-09
897.6732366085052,-1.310225e-09
897.7676711082458,-1.309872e-09
897.8608102798462,-1.309311e-09
897.957733631134,-1.310188e-09
898.0514400005341,-1.309961e-09
898.1457343101501,-1.309268e-09
898.2396478652954,-1.309277e-09
898.3342514038086,-1.31062e-09
898.4280619621277,-1.311813e-09
898.5222902297974,-1.312406e-09
898.6163721084595,-1.312214e-09
898.7105498313904,-1.312036e-09
898.8043856620789,-1.311654e-09
898.8983318805695,-1.311137e-09
898.9920384883881,-1.311031e-09
899.0860047340393,-1.311157e-09
899.1795423030853,-1.311765e-09
899.2734375,-1.312213e-09
899.367639541626,-1.312302e-09
899.4617161750793,-1.312094e-09
899.555237531662,-1.311748e-09
899.6495141983032,-1.311403e-09
899.7433924674988,-1.310927e-09
899.8377964496613,-1.311028e-09
899.9317455291748,-1.311614e-09
900.0262241363525,-1.312522e-09
900.1351323127747,-1.312729e-09
900.2284779548645,-1.312455e-09
900.3235657215118,-1.311916e-09
900.4170498847961,-1.311769e-09
900.5110111236572,-1.312181e-09
900.6051073074341,-1.311972e-09
900.6989431381226,-1.31144e-09
900.7922999858856,-1.312546e-09
900.8866486549377,-1.313002e-09
900.97998213768,-1.314786e-09
901.0742456912994,-1.314058e-09
901.1679198741913,-1.313669e-09
901.2631402015686,-1.313026e-09
901.3589251041412,-1.313483e-09
901.4524118900299,-1.31255e-09
901.546936750412,-1.313146e-09
901.6410744190216,-1.313029e-09
901.7370388507843,-1.314718e-09
901.8303029537201,-1.314381e-09
901.9260623455048,-1.313894e-09
902.0205390453339,-1.314482e-09
902.1142153739929,-1.314687e-09
902.2082169055939,-1.314726e-09
902.3019144535065,-1.314315e-09
902.3962483406067,-1.314076e-09
902.4902489185333,-1.314547e-09
902.5843319892883,-1.314338e-09
902.6787202358246,-1.315402e-09
902.7726213932037,-1.315594e-09
902.866204738617,-1.315489e-09
902.96049451828,-1.316027e-09
903.0538835525513,-1.315196e-09
903.1484506130219,-1.315128e-09
903.2504234313965,-1.316543e-09
903.3445913791656,-1.315949e-09
903.4395036697388,-1.315674e-09
903.5335502624512,-1.316299e-09
903.6285285949707,-1.315904e-09
903.7233927249908,-1.315364e-09
903.8172130584717,-1.315578e-09
903.9112656116486,-1.315583e-09
904.0058376789093,-1.317326e-09
904.0997569561005,-1.327371e-09
904.194192647934,-1.324438e-09
904.2888600826263,-1.322719e-09
904.3839886188507,-1.322313e-09
904.4784078598022,-1.321976e-09
904.5723958015442,-1.321386e-09
904.6667206287384,-1.320901e-09
904.7614612579346,-1.321323e-09
904.859335899353,-1.321991e-09
904.9532222747803,-1.323944e-09
905.0465621948242,-1.323619e-09
905.1401526927948,-1.324125e-09
905.2338900566101,-1.324419e-09
905.3287811279297,-1.324269e-09
905.4227776527405,-1.323839e-09
905.5177137851715,-1.323597e-09
905.6113286018372,-1.32329e-09
905.7047410011292,-1.32286e-09
905.7984161376953,-1.323049e-09
905.8928606510162,-1.323402e-09
905.988597869873,-1.323639e-09
906.0827419757843,-1.387323e-09
906.1769511699677,-1.360728e-09
906.270421743393,-1.3508e-09
906.3653135299683,-1.348019e-09
906.4589450359344,-1.345447e-09
906.5533039569855,-1.346819e-09
906.6469447612762,-1.346849e-09
906.7414200305939,-1.347866e-09
906.8351266384125,-1.34912e-09
906.9298980236053,-1.347899e-09
907.0236103534698,-1.347419e-09
907.1179831027985,-1.346854e-09
907.2118215560913,-1.346567e-09
907.3065376281738,-1.347005e-09
907.4008522033691,-1.346742e-09
907.4952480792999,-1.347146e-09
907.5892956256866,-1.347449e-09
907.6830940246582,-1.347784e-09
907.7765202522278,-1.347478e-09
907.8702094554901,-1.347323e-09
907.9639492034912,-1.347138e-09
908.057653427124,-1.347098e-09
908.1511216163635,-1.347649e-09
908.2450573444366,-1.348136e-09
908.339460849762,-1.348282e-09
908.4334371089935,-1.348163e-09
908.527083158493,-1.34795e-09
908.6213345527649,-1.348146e-09
908.7155270576477,-1.347842e-09
908.8093886375427,-1.347933e-09
908.904326915741,-1.3482e-09
908.9980866909027,-1.348838e-09
909.0924813747406,-1.348875e-09
909.1862187385559,-1.348709e-09
909.2812201976776,-1.348614e-09
909.3762829303741,-1.348511e-09
909.4698958396912,-1.348319e-09
909.5640046596527,-1.348328e-09
909.658305644989,-1.348774e-09
909.7527124881744,-1.349681e-09
909.8465986251831,-1.350476e-09
909.9418873786926,-1.35058e-09
910.0355243682861,-1.364384e-09
910.1301312446594,-1.359438e-09
910.2241704463959,-1.356876e-09
910.3178944587708,-1.356004e-09
910.4121873378754,-1.355586e-09
910.5058405399323,-1.355069e-09
910.6000061035156,-1.355048e-09
910.6943714618683,-1.355316e-09
910.7885074615479,-1.355301e-09
910.8822505474091,-1.355119e-09
910.9774560928345,-1.355308e-09
911.0706269741058,-1.355433e-09
911.1643214225769,-1.355259e-09
911.2581069469452,-1.354611e-09
911.3533730506897,-1.355524e-09
911.4473221302032,-1.35566e-09
911.5413777828217,-1.356167e-09
911.6344108581543,-1.356532e-09
911.7275176048279,-1.358963e-09
911.8206641674042,-1.362281e-09
911.9145359992981,-1.364923e-09
912.0082416534424,-1.366491e-09
912.1017708778381,-1.366387e-09
912.1959342956543,-1.366267e-09
912.2898080348969,-1.366295e-09
912.3841125965118,-1.36667e-09
912.4775245189667,-1.367551e-09
912.5720942020416,-1.36841e-09
912.6661374568939,-1.36883e-09
912.759290933609,-1.368609e-09
912.8529527187347,-1.367856e-09
912.9465229511261,-1.366796e-09
913.0401222705841,-1.365415e-09
913.133481502533,-1.364178e-09
913.2273759841919,-1.362261e-09
913.3208682537079,-1.360188e-09
913.4156980514526,-1.358396e-09
913.5090608596802,-1.364678e-09
913.6038558483124,-1.399183e-09
913.69779753685,-1.379982e-09
913.791818857193,-1.374426e-09
913.8849904537201,-1.371701e-09
913.9785549640656,-1.370076e-09
914.0740873813629,-1.369487e-09
914.1814455986023,-1.367666e-09
914.2746760845184,-1.36742e-09
914.3681712150574,-1.367375e-09
914.4621276855469,-1.36744e-09
914.5558342933655,-1.366425e-09
914.6506960391998,-1.365422e-09
914.7443840503693,-1.364009e-09
914.8388247489929,-1.362432e-09
914.9323897361755,-1.360854e-09
915.0268085002899,-1.360143e-09
915.1206984519958,-1.360406e-09
915.2153289318085,-1.360889e-09
915.3095698356628,-1.361136e-09
915.4032714366913,-1.36108e-09
915.4985013008118,-1.361057e-09
915.592405796051,-1.360704e-09
915.6865983009338,-1.360819e-09
915.7807762622833,-1.360617e-09
915.8745083808899,-1.361372e-09
915.9679276943207,-1.362503e-09
916.0623714923859,-1.362276e-09
916.1572988033295,-1.36222e-09
916.2521069049835,-1.362149e-09
916.3459804058075,-1.361985e-09
916.4397954940796,-1.361836e-09
916.5401067733765,-1.36239e-09
916.6339223384857,-1.362243e-09
916.7277722358704,-1.36177e-09
916.8223044872284,-1.361478e-09
916.9165053367615,-1.361229e-09
917.0099606513977,-1.361365e-09
917.1182866096497,-1.361883e-09
917.211318731308,-1.362524e-09
917.3057515621185,-1.362523e-09
917.4002652168274,-1.362456e-09
917.494707107544,-1.36223e-09
917.5888304710388,-1.362005e-09
917.6823377609253,-1.36205e-09
917.7770745754242,-1.36217e-09
917.873687505722,-1.362219e-09
917.9684736728668,-1.362403e-09
918.0632812976837,-1.362744e-09
918.1571984291077,-1.363187e-09
918.2508268356323,-1.363387e-09
918.344446182251,-1.363061e-09
918.4397311210632,-1.363033e-09
918.5334160327911,-1.362936e-09
918.6269602775574,-1.363083e-09
918.7204556465149,-1.363365e-09
918.8148610591888,-1.363792e-09
918.908768415451,-1.364297e-09
919.002592086792,-1.364182e-09
919.0959157943726,-1.363732e-09
919.1900656223297,-1.363615e-09
919.2845904827118,-1.36347e-09
919.3783161640167,-1.363514e-09
919.4731349945068,-1.36349e-09
919.5669927597046,-1.363957e-09
919.6621088981628,-1.364073e-09
919.7555062770844,-1.36401e-09
919.8546442985535,-1.363932e-09
919.9488134384155,-1.364538e-09
920.044371843338,-1.364662e-09
920.1388034820557,-1.364572e-09
920.2330617904663,-1.364448e-09
920.3272037506104,-1.364535e-09
920.4218480587006,-1.36461e-09
920.5159621238708,-1.364391e-09
920.6096153259277,-1.364506e-09
920.7046942710876,-1.364547e-09
920.8002145290375,-1.364571e-09
920.8943390846252,-1.364855e-09
920.9875257015228,-1.364865e-09
921.0816049575806,-1.391737e-09
921.1764402389526,-1.417504e-09
921.2701699733734,-1.401631e-09
921.363701581955,-1.39519e-09
921.4569931030273,-1.39291e-09
921.5508739948273,-1.392051e-09
921.644154548645,-1.391466e-09
921.739298582077,-1.392574e-09
921.8335955142975,-1.392837e-09
921.9277741909027,-1.400466e-09
922.0216829776764,-1.39927e-09
922.1193442344666,-1.396965e-09
922.2141242027283,-1.399202e-09
922.3078436851501,-1.400074e-09
922.4014911651611,-1.398565e-09
922.4950416088104,-1.398879e-09
922.5883705615997,-1.398013e-09
922.6828129291534,-1.400703e-09
922.7776503562927,-1.402274e-09
922.8710322380066,-1.401759e-09
922.96582198143,-1.403851e-09
923.0592198371887,-1.404958e-09
923.1538977622986,-1.406186e-09
923.2488446235657,-1.408463e-09
923.3424389362335,-1.40738e-09
923.4369449615479,-1.397858e-09
923.530846118927,-1.396744e-09
923.6251029968262,-1.39731e-09
923.7184119224548,-1.398547e-09
923.8124709129333,-1.399736e-09
923.9076104164124,-1.401074e-09
924.0023331642151,-1.409002e-09
924.0956158638,-1.409667e-09
924.1903774738312,-1.417489e-09
924.2840242385864,-1.415896e-09
924.3791265487671,-1.419417e-09
924.4727375507355,-1.426054e-09
924.5660750865936,-1.428903e-09
924.6592981815338,-1.428245e-09
924.7532997131348,-1.42886e-09
924.8473269939423,-1.430055e-09
924.9422056674957,-1.431155e-09
925.0373380184174,-1.43171e-09
925.1320788860321,-1.4311e-09
925.2269463539124,-1.430578e-09
925.3209629058838,-1.429685e-09
925.4153802394867,-1.428483e-09
925.5089631080627,-1.428303e-09
925.6033318042755,-1.428471e-09
925.6973676681519,-1.42822e-09
925.79110455513,-1.42673e-09
925.884851694107,-1.427534e-09
925.9790408611298,-1.428669e-09
926.0731279850006,-1.428974e-09
926.1670920848846,-1.42891e-09
926.2610898017883,-1.429583e-09
926.3549525737762,-1.429874e-09
926.4500818252563,-1.429259e-09
926.543993473053,-1.431123e-09
926.6387948989868,-1.435449e-09
926.7320175170898,-1.434357e-09
926.8255112171173,-1.435324e-09
926.9194059371948,-1.435927e-09
927.0140194892883,-1.435906e-09
927.1074090003967,-1.434322e-09
927.202531337738,-1.433584e-09
927.297714471817,-1.430229e-09
927.3937900066376,-1.431271e-09
927.487503528595,-1.430282e-09
927.5817370414734,-1.428171e-09
927.6852867603302,-1.42764e-09
927.7784812450409,-1.428084e-09
927.8727452754974,-1.442238e-09
927.9668614864349,-1.443694e-09
928.0631639957428,-1.443791e-09
928.1570765972137,-1.445463e-09
928.2509717941284,-1.444523e-09
928.3449702262878,-1.443191e-09
928.4396872520447,-1.441949e-09
928.5339722633362,-1.441145e-09
928.627767086029,-1.440959e-09
928.722083568573,-1.440723e-09
928.8159010410309,-1.439577e-09
928.9096851348877,-1.439567e-09
929.0076024532318,-1.43941e-09
929.1009662151337,-1.43907e-09
929.1952829360962,-1.439185e-09
929.2889773845673,-1.437152e-09
929.3926091194153,-1.436614e-09
929.4863789081573,-1.436085e-09
929.5801792144775,-1.434871e-09
929.6744253635406,-1.433216e-09
929.7682802677155,-1.432913e-09
929.8623216152191,-1.433241e-09
929.9557723999023,-1.434911e-09
930.0509538650513,-1.435537e-09
930.144689321518,-1.435575e-09
930.2386386394501,-1.435119e-09
930.3325605392456,-1.434569e-09
930.426596403122,-1.433725e-09
930.5199491977692,-1.433314e-09
930.6147196292877,-1.433701e-09
930.7095012664795,-1.434272e-09
930.8035230636597,-1.434891e-09
930.8982944488525,-1.434891e-09
930.992350101471,-1.434724e-09
931.0878214836121,-1.434865e-09
931.1825456619263,-1.434856e-09
931.2763442993164,-1.434764e-09
931.3704295158386,-1.435023e-09
931.4640734195709,-1.435196e-09
931.5581526756287,-1.4357e-09
931.6516344547272,-1.435922e-09
931.7468361854553,-1.435947e-09
931.8408598899841,-1.436144e-09
931.9345524311066,-1.436149e-09
932.0279428958893,-1.435538e-09
932.1222183704376,-1.435002e-09
932.2160758972168,-1.434869e-09
932.3104524612427,-1.435219e-09
932.4037642478943,-1.435693e-09
932.4991161823273,-1.435711e-09
932.5937833786011,-1.435794e-09
932.6882452964783,-1.435772e-09
932.7828502655029,-1.434924e-09
932.8765814304352,-1.433688e-09
932.9708251953125,-1.433374e-09
933.0645406246185,-1.433752e-09
933.1586468219757,-1.434451e-09
933.2530999183655,-1.434877e-09
933.3479917049408,-1.43497e-09
933.4441342353821,-1.435326e-09
933.5379033088684,-1.435213e-09
933.6320416927338,-1.435708e-09
933.7257080078125,-1.437837e-09
933.820309638977,-1.439726e-09
933.9137516021729,-1.43568e-09
934.0084006786346,-1.434439e-09
934.1028933525085,-1.434427e-09
934.197027683258,-1.435238e-09
934.2909333705902,-1.436216e-09
934.3854029178619,-1.437073e-09
934.4788045883179,-1.438751e-09
934.5727801322937,-1.44181e-09
934.6678941249847,-1.442224e-09
934.761224269867,-1.441588e-09
934.8562772274017,-1.440651e-09
934.9499042034149,-1.439632e-09
935.0436923503876,-1.439366e-09
935.1373157501221,-1.439219e-09
935.2321147918701,-1.439468e-09
935.3256943225861,-1.439681e-09
935.4204547405243,-1.440018e-09
935.5151708126068,-1.440409e-09
935.6094622612,-1.440383e-09
935.703752040863,-1.440225e-09
935.7972354888916,-1.440309e-09
935.8913249969482,-1.441051e-09
935.9850125312805,-1.44166e-09
936.0805270671844,-1.441416e-09
936.1738770008087,-1.441266e-09
936.2695240974426,-1.441397e-09
936.3640825748444,-1.441749e-09
936.4578483104706,-1.448562e-09
936.5521428585052,-1.448928e-09
936.6458339691162,-1.449049e-09
936.7398331165314,-1.449276e-09
936.8338878154755,-1.450022e-09
936.928525686264,-1.450277e-09
937.0220613479614,-1.450403e-09
937.1162371635437,-1.450035e-09
937.210441827774,-1.449736e-09
937.3050878047943,-1.449576e-09
937.3997330665588,-1.449601e-09
937.4943358898163,-1.449571e-09
937.5885589122772,-1.449729e-09
937.6823227405548,-1.45038e-09
937.7761905193329,-1.450496e-09
937.8696029186249,-1.450247e-09
937.9636769294739,-1.448751e-09
938.0578572750092,-1.448862e-09
938.1516263484955,-1.448566e-09
938.2453308105469,-1.448881e-09
938.3405487537384,-1.449253e-09
938.4353668689728,-1.448573e-09
938.5334978103638,-1.448407e-09
938.6273331642151,-1.448508e-09
938.7217872142792,-1.448316e-09
938.8151218891144,-1.448497e-09
938.9089844226837,-1.448124e-09
939.0033166408539,-1.447818e-09
939.0974876880646,-1.447405e-09
939.1912369728088,-1.447467e-09
939.28546833992,-1.447467e-09
939.3789753913879,-1.447573e-09
939.4729542732239,-1.447784e-09
939.5669615268707,-1.448117e-09
939.6603267192841,-1.447665e-09
939.7541620731354,-1.446917e-09
939.8474168777466,-1.446878e-09
939.9422535896301,-1.446433e-09
940.0358417034149,-1.446798e-09
940.129724740982,-1.447384e-09
940.2243976593018,-1.447501e-09
940.3179767131805,-1.447035e-09
940.4118514060974,-1.446705e-09
940.5058455467224,-1.447272e-09
940.5995471477509,-1.449115e-09
940.6933174133301,-1.449154e-09
940.7869665622711,-1.448261e-09
940.8817362785339,-1.446335e-09
940.9755141735077,-1.444731e-09
941.0693936347961,-1.444001e-09
941.1632187366486,-1.443461e-09
941.2567436695099,-1.444957e-09
941.3497343063354,-1.447455e-09
941.4439013004303,-1.444925e-09
941.53764128685,-1.445954e-09
941.6321313381195,-1.446615e-09
941.7257332801819,-1.445649e-09
941.8195991516113,-1.445051e-09
941.9135322570801,-1.445096e-09
942.007443189621,-1.445517e-09
942.1010158061981,-1.445516e-09
942.1942625045776,-1.445943e-09
942.2881555557251,-1.445977e-09
942.3819062709808,-1.446039e-09
942.4760031700134,-1.446179e-09
942.5704777240753,-1.446276e-09
942.6637949943542,-1.44645e-09
942.7580337524414,-1.446545e-09
942.8517460823059,-1.44725e-09
942.9454338550568,-1.448013e-09
943.039421081543,-1.448484e-09
943.1336798667908,-1.448616e-09
943.2271590232849,-1.449449e-09
943.3213109970093,-1.449198e-09
943.4153509140015,-1.454526e-09
943.5093224048615,-1.444375e-09
943.6030142307281,-1.444013e-09
943.730033159256,-1.441761e-09
943.8236472606659,-1.441119e-09
943.9175429344177,-1.441111e-09
944.0120248794556,-1.439749e-09
944.1054530143738,-1.43786e-09
944.1998257637024,-1.437324e-09
944.2942550182343,-1.436496e-09
944.3918333053589,-1.435915e-09
944.4858119487762,-1.43502e-09
944.5796196460724,-1.434802e-09
944.6744303703308,-1.434999e-09
944.7675361633301,-1.435284e-09
944.8610370159149,-1.435303e-09
944.9550292491913,-1.435463e-09
945.0485775470734,-1.43732e-09
945.1422255039215,-1.438401e-09
945.2363743782043,-1.438685e-09
945.3302042484283,-1.438305e-09
945.4236433506012,-1.438046e-09
945.5181243419647,-1.436215e-09
945.611935377121,-1.435286e-09
945.7059993743896,-1.43498e-09
945.7997303009033,-1.43564e-09
945.8939056396484,-1.436957e-09
945.9878413677216,-1.437573e-09
946.0821306705475,-1.437472e-09
946.1761803627014,-1.437324e-09
946.2701256275177,-1.437104e-09
946.3646314144135,-1.436994e-09
946.4606070518494,-1.437231e-09
946.5545270442963,-1.436768e-09
946.6510074138641,-1.436579e-09
946.745528459549,-1.435864e-09
946.8391849994659,-1.435808e-09
946.934264421463,-1.435607e-09
947.0281007289886,-1.435832e-09
947.122451543808,-1.436191e-09
947.2161116600037,-1.4364e-09
947.3095233440399,-1.436697e-09
947.4025959968567,-1.436886e-09
947.4965238571167,-1.436951e-09
947.590259552002,-1.437111e-09
947.6844139099121,-1.438027e-09
947.7779033184052,-1.440244e-09
947.8711240291595,-1.439159e-09
947.9658079147339,-1.437729e-09
948.0597524642944,-1.438496e-09
948.1547207832336,-1.43887e-09
948.2495393753052,-1.439921e-09
948.3431506156921,-1.43978e-09
948.437581539154,-1.43962e-09
948.5311951637268,-1.439466e-09
948.625129699707,-1.438961e-09
948.7189733982086,-1.437832e-09
948.8131654262543,-1.438274e-09
948.9070448875427,-1.446555e-09
949.0006158351898,-1.439933e-09
949.0943193435669,-1.438659e-09
949.1883008480072,-1.438015e-09
949.2818284034729,-1.438099e-09
949.3856177330017,-1.438493e-09
949.4792461395264,-1.438131e-09
949.5730979442596,-1.433428e-09
949.6672637462616,-1.432169e-09
949.7636122703552,-1.433916e-09
949.8579609394073,-1.4354e-09
949.954359292984,-1.437357e-09
950.0478403568268,-1.438765e-09
950.142064332962,-1.435849e-09
950.2357652187347,-1.432207e-09
950.3294363021851,-1.431634e-09
950.422881603241,-1.431628e-09
950.5163431167603,-1.430564e-09
950.6104874610901,-1.426138e-09
950.7045030593872,-1.424429e-09
950.7982521057129,-1.424686e-09
950.8926246166229,-1.423965e-09
950.9863841533661,-1.424306e-09
951.0803639888763,-1.425414e-09
951.1742734909058,-1.42618e-09
951.2687103748322,-1.425567e-09
951.3685777187347,-1.427803e-09
951.4626462459564,-1.430956e-09
951.5561761856079,-1.426932e-09
951.6495463848114,-1.431099e-09
951.7431225776672,-1.433311e-09
951.8372344970703,-1.434898e-09
951.9310088157654,-1.436163e-09
952.0247514247894,-1.437205e-09
952.1183683872223,-1.43792e-09
952.212438583374,-1.438567e-09
952.3063066005707,-1.439151e-09
952.3999500274658,-1.439676e-09
952.4940083026886,-1.440212e-09
952.5882649421692,-1.440673e-09
952.6816968917847,-1.441213e-09
952.776299238205,-1.441639e-09
952.8696870803833,-1.442082e-09
952.9637656211853,-1.442223e-09
953.0573830604553,-1.444585e-09
953.1521000862122,-1.444461e-09
953.2458870410919,-1.445252e-09
953.3402283191681,-1.445147e-09
953.4338233470917,-1.4452e-09
953.5280103683472,-1.445401e-09
953.6215500831604,-1.445784e-09
953.716020822525,-1.446083e-09
953.8096106052399,-1.446361e-09
953.9046492576599,-1.446558e-09
953.9982759952545,-1.447096e-09
954.0923509597778,-1.447994e-09
954.1867167949677,-1.448049e-09
954.2813396453857,-1.44834e-09
954.3752200603485,-1.448324e-09
954.4691364765167,-1.449284e-09
954.5650939941406,-1.448254e-09
954.6587765216827,-1.447747e-09
954.7543261051178,-1.448515e-09
954.8486070632935,-1.450201e-09
954.9419848918915,-1.448613e-09
955.0354266166687,-1.44744e-09
955.129142999649,-1.44652e-09
955.2228064537048,-1.446667e-09
955.3169753551483,-1.447275e-09
955.4100439548492,-1.44688e-09
955.5029230117798,-1.445936e-09
955.5966839790344,-1.448152e-09
955.6900222301483,-1.450135e-09
955.7839362621307,-1.450741e-09
955.8776535987854,-1.449332e-09
955.9719305038452,-1.448884e-09
956.0659544467926,-1.448649e-09
956.1598920822144,-1.448214e-09
956.2541589736938,-1.445947e-09
956.3481693267822,-1.440808e-09
956.4426486492157,-1.43599e-09
956.5363144874573,-1.433464e-09
956.6303889751434,-1.434827e-09
956.7237658500671,-1.436496e-09
956.8182742595673,-1.437295e-09
956.9119980335236,-1.43892e-09
957.0062353610992,-1.441164e-09
957.1002824306488,-1.44188e-09
957.1951894760132,-1.442458e-09
957.2886810302734,-1.440291e-09
957.3834247589111,-1.440765e-09
957.4777407646179,-1.441697e-09
957.5726683139801,-1.442255e-09
957.6673192977905,-1.443045e-09
957.761069059372,-1.443917e-09
957.8552033901215,-1.443788e-09
957.9491691589355,-1.480293e-09
958.0434622764587,-1.497254e-09
958.1370511054993,-1.479248e-09
958.2316174507141,-1.474163e-09
958.3253800868988,-1.472847e-09
958.4194977283478,-1.471786e-09
958.5133619308472,-1.471676e-09
958.627580165863,-1.470574e-09
958.7211654186249,-1.470937e-09
958.8148350715637,-1.471819e-09
958.9088249206543,-1.472034e-09
959.0020937919617,-1.471732e-09
959.0957396030426,-1.47177e-09
959.1905786991119,-1.471668e-09
959.2850434780121,-1.471664e-09
959.3858978748322,-1.47208e-09
959.4797763824463,-1.471827e-09
959.5734519958496,-1.471556e-09
959.6672351360321,-1.471529e-09
959.7605924606323,-1.472147e-09
959.8540773391724,-1.472615e-09
959.9478278160095,-1.472489e-09
960.0422468185425,-1.472449e-09
960.136314868927,-1.472494e-09
960.2306401729584,-1.472665e-09
960.3241631984711,-1.47252e-09
960.4179258346558,-1.472793e-09
960.5117120742798,-1.473053e-09
960.6053071022034,-1.473093e-09
960.6995599269867,-1.472892e-09
960.7931017875671,-1.472717e-09
960.8868999481201,-1.472571e-09
960.9806401729584,-1.472842e-09
961.0746579170227,-1.473249e-09
961.1682963371277,-1.473554e-09
961.2623398303986,-1.47319e-09
961.3569293022156,-1.472837e-09
961.4510970115662,-1.471787e-09
961.5451588630676,-1.471794e-09
961.6391775608063,-1.471808e-09
961.7498588562012,-1.471803e-09
961.843043088913,-1.472637e-09
961.9369823932648,-1.47507e-09
962.0317859649658,-1.474339e-09
962.1251840591431,-1.473539e-09
962.2196261882782,-1.473606e-09
962.3135857582092,-1.473036e-09
962.407381772995,-1.473405e-09
962.5013768672943,-1.47299e-09
962.5955288410187,-1.473776e-09
962.6896526813507,-1.474208e-09
962.7849657535553,-1.474099e-09
962.8790283203125,-1.474666e-09
962.9725155830383,-1.474036e-09
963.0677175521851,-1.474289e-09
963.1620631217957,-1.474193e-09
963.2564573287964,-1.473752e-09
963.3507120609283,-1.473784e-09
963.4453904628754,-1.473953e-09
963.5394384860992,-1.473862e-09
963.6335911750793,-1.474116e-09
963.7276134490967,-1.474806e-09
963.8212382793427,-1.4749e-09
963.9158565998077,-1.474607e-09
964.0096924304962,-1.474091e-09
964.1042773723602,-1.473942e-09
964.197851896286,-1.474113e-09
964.2914974689484,-1.474684e-09
964.3852500915527,-1.475089e-09
964.4788672924042,-1.474958e-09
964.5727565288544,-1.474563e-09
964.6669268608093,-1.474214e-09
964.760481595993,-1.474162e-09
964.8551573753357,-1.474026e-09
964.9493653774261,-1.474313e-09
965.0438623428345,-1.474725e-09
965.1377468109131,-1.475122e-09
965.2315728664398,-1.475051e-09
965.3249568939209,-1.474847e-09
965.4191336631775,-1.474712e-09
965.512776851654,-1.474565e-09
965.6070737838745,-1.474531e-09
965.700820684433,-1.474817e-09
965.7950873374939,-1.475253e-09
965.888934135437,-1.475607e-09
965.9827811717987,-1.475496e-09
966.07643699646,-1.475109e-09
966.1694841384888,-1.474943e-09
966.2633440494537,-1.474891e-09
966.3568162918091,-1.475417e-09
966.4507269859314,-1.475866e-09
966.5440294742584,-1.475672e-09
966.6372015476227,-1.475378e-09
966.7306807041168,-1.475191e-09
966.8239090442657,-1.475358e-09
966.9177031517029,-1.475964e-09
967.0110216140747,-1.476191e-09
967.1045477390289,-1.475968e-09
967.1983406543732,-1.475614e-09
967.2915890216827,-1.475441e-09
967.3848633766174,-1.475549e-09
967.4787187576294,-1.476153e-09
967.5723347663879,-1.476451e-09
967.6674168109894,-1.476394e-09
967.7604722976685,-1.476045e-09
967.8549702167511,-1.475841e-09
967.9484753608704,-1.475747e-09
968.0431094169617,-1.475833e-09
968.1372094154358,-1.476252e-09
968.2312417030334,-1.476737e-09
968.3255603313446,-1.476776e-09
968.4199888706207,-1.476543e-09
968.5172276496887,-1.476833e-09
968.6123425960541,-1.476827e-09
968.7059845924377,-1.476458e-09
968.8003122806549,-1.47628e-09
968.8938982486725,-1.476175e-09
968.9880211353302,-1.476283e-09
969.0821018218994,-1.476693e-09
969.1761894226074,-1.477307e-09
969.2695038318634,-1.477046e-09
969.364010810852,-1.476815e-09
969.4580383300781,-1.476627e-09
969.5522108078003,-1.476497e-09
969.6459362506866,-1.476564e-09
969.7399165630341,-1.477117e-09
969.8350024223328,-1.47743e-09
969.9291121959686,-1.477359e-09
970.0245134830475,-1.477354e-09
970.1181228160858,-1.477031e-09
970.2119903564453,-1.476749e-09
970.3052568435669,-1.476797e-09
970.3997564315796,-1.477207e-09
970.4936673641205,-1.477688e-09
970.5909671783447,-1.477393e-09
970.6852724552155,-1.477793e-09
970.7785842418671,-1.477672e-09
970.8730635643005,-1.477459e-09
970.9667806625366,-1.477243e-09
971.0602939128876,-1.477051e-09
971.1542088985443,-1.477167e-09
971.2541987895966,-1.47728e-09
971.3476734161377,-1.477168e-09
971.441328048706,-1.47744e-09
971.5361657142639,-1.477764e-09
971.6301794052124,-1.478198e-09
971.7240998744965,-1.478135e-09
971.8181104660034,-1.477809e-09
971.9113659858704,-1.477578e-09
972.0056121349335,-1.477491e-09
972.0995936393738,-1.477525e-09
972.1936383247375,-1.478043e-09
972.2873730659485,-1.478436e-09
972.3821420669556,-1.478498e-09
972.4757437705994,-1.478279e-09
972.5703327655792,-1.478155e-09
972.6643435955048,-1.477915e-09
972.7586722373962,-1.477871e-09
972.8523578643799,-1.477789e-09
972.9466571807861,-1.478066e-09
973.0407741069794,-1.478563e-09
973.1352398395538,-1.4788e-09
973.2298567295074,-1.478764e-09
973.3239741325378,-1.478599e-09
973.4200150966644,-1.478657e-09
973.514853477478,-1.478528e-09
973.608571767807,-1.478273e-09
973.7020719051361,-1.478186e-09
973.7960505485535,-1.478148e-09
973.8896336555481,-1.478556e-09
973.9844913482666,-1.478887e-09
974.0777962207794,-1.47905e-09
974.1736772060394,-1.479128e-09
974.268586397171,-1.479108e-09
974.3720660209656,-1.478388e-09
974.4658725261688,-1.478486e-09
974.5603048801422,-1.478764e-09
974.6549446582794,-1.479121e-09
974.7490911483765,-1.479406e-09
974.8430089950562,-1.47924e-09
974.9367642402649,-1.478877e-09
975.0307321548462,-1.478748e-09
975.1248862743378,-1.478698e-09
975.218558549881,-1.478887e-09
975.3126578330994,-1.479462e-09
975.4073147773743,-1.479694e-09
975.5008935928345,-1.479566e-09
975.5957973003387,-1.479503e-09
975.6897475719452,-1.479223e-09
975.7844157218933,-1.479138e-09
975.8778555393219,-1.479038e-09
975.9722793102264,-1.479333e-09
976.066811800003,-1.479654e-09
976.1602573394775,-1.48015e-09
976.2537245750427,-1.480025e-09
976.34801030159,-1.479825e-09
976.442234992981,-1.479636e-09
976.5362660884857,-1.479478e-09
976.6305196285248,-1.479384e-09
976.7242233753204,-1.479637e-09
976.8177211284637,-1.480168e-09
976.9111218452454,-1.480229e-09
977.0041539669037,-1.479871e-09
977.1072027683258,-1.479766e-09
977.201856136322,-1.480181e-09
977.306312084198,-1.480126e-09
977.4004738330841,-1.479845e-09
977.4965298175812,-1.479973e-09
977.5901589393616,-1.479777e-09
977.6872069835663,-1.47986e-09
977.7818992137909,-1.479787e-09
977.878931760788,-1.479874e-09
977.9723815917969,-1.479736e-09
978.0670049190521,-1.479904e-09
978.1608049869537,-1.480576e-09
978.255007982254,-1.480761e-09
978.3491039276123,-1.480597e-09
978.4434795379639,-1.480352e-09
978.5372140407562,-1.480071e-09
978.6315925121307,-1.480032e-09
978.7260634899139,-1.480254e-09
978.8206672668457,-1.48056e-09
978.9151587486267,-1.481022e-09
979.0090510845184,-1.481013e-09
979.1031062602997,-1.48082e-09
979.1968162059784,-1.480439e-09
979.29101395607,-1.480382e-09
979.3849987983704,-1.480311e-09
979.4791390895844,-1.480732e-09
979.5725252628326,-1.48127e-09
979.6667723655701,-1.481215e-09
979.7605712413788,-1.480919e-09
979.8545186519623,-1.4807e-09
979.951411485672,-1.480916e-09
980.0452535152435,-1.480638e-09
980.1395628452301,-1.480605e-09
980.232880115509,-1.480856e-09
980.3274641036987,-1.481154e-09
980.4210176467896,-1.481585e-09
980.516007900238,-1.481571e-09
980.6098716259003,-1.481317e-09
980.7039756774902,-1.481127e-09
980.7986466884613,-1.48102e-09
980.8930888175964,-1.480909e-09
980.9891464710236,-1.480957e-09
981.0828454494476,-1.480889e-09
981.1780714988708,-1.480954e-09
981.271900177002,-1.48139e-09
981.3657579421997,-1.48191e-09
981.4590499401093,-1.481851e-09
981.5526022911072,-1.48139e-09
981.645899772644,-1.481185e-09
981.740966796875,-1.481133e-09
981.8343918323517,-1.48124e-09
981.9289298057556,-1.481541e-09
982.0222685337067,-1.482068e-09
982.1166679859161,-1.481959e-09
982.2102165222168,-1.4816e-09
982.3055918216705,-1.481626e-09
982.3998942375183,-1.492728e-09
982.493953704834,-1.495569e-09
982.5880079269409,-1.490529e-09
982.6814608573914,-1.489181e-09
982.7758097648621,-1.489836e-09
982.8694665431976,-1.488855e-09
982.963276386261,-1.488655e-09
983.0571599006653,-1.488309e-09
983.1515100002289,-1.488155e-09
983.2453045845032,-1.488131e-09
983.3393487930298,-1.488353e-09
983.4332203865051,-1.488878e-09
983.5276427268982,-1.488963e-09
983.6212115287781,-1.488671e-09
983.715158700943,-1.488433e-09
983.8086812496185,-1.488317e-09
983.9027225971222,-1.488316e-09
983.996312379837,-1.488633e-09
984.0899486541748,-1.489267e-09
984.1834616661072,-1.489376e-09
984.276762008667,-1.488993e-09
984.3723850250244,-1.488946e-09
984.4661231040955,-1.48884e-09
984.5598654747009,-1.488724e-09
984.6540291309357,-1.488834e-09
984.7483086585999,-1.489279e-09
984.8423607349396,-1.489722e-09
984.9364075660706,-1.48961e-09
985.0302224159241,-1.489429e-09
985.1239712238312,-1.489109e-09
985.2184224128723,-1.48912e-09
985.3122832775116,-1.489018e-09
985.4176054000854,-1.489738e-09
985.5108888149261,-1.489846e-09
985.6049826145172,-1.489735e-09
985.6995620727539,-1.489509e-09
985.7934036254883,-1.489383e-09
985.8873479366302,-1.489216e-09
985.9821631908417,-1.489216e-09
986.0758006572723,-1.489529e-09
986.1701073646545,-1.489974e-09
986.2638466358185,-1.490248e-09
986.3581373691559,-1.490135e-09
986.4518072605133,-1.489831e-09
986.5468821525574,-1.489724e-09
986.6420633792877,-1.489751e-09
986.736321926117,-1.489681e-09
986.8306906223297,-1.489644e-09
986.9244825839996,-1.49004e-09
987.0185782909393,-1.490591e-09
987.1115965843201,-1.490445e-09
987.2045612335205,-1.490063e-09
987.2986295223236,-1.489986e-09
987.3920745849609,-1.489869e-09
987.4867644309998,-1.490078e-09
987.5810306072235,-1.490634e-09
987.6752598285675,-1.490815e-09
987.7690081596375,-1.490558e-09
987.8618385791779,-1.490126e-09
987.9561574459076,-1.490064e-09
988.0505568981171,-1.490001e-09
988.1450097560883,-1.490113e-09
988.2388706207275,-1.49057e-09
988.33371758461,-1.490888e-09
988.4273769855499,-1.491041e-09
988.5215857028961,-1.490833e-09
988.6148843765259,-1.490535e-09
988.7090210914612,-1.490404e-09
988.8026740550995,-1.490294e-09
988.8968071937561,-1.490565e-09
988.9904880523682,-1.491204e-09
989.0851259231567,-1.491299e-09
989.1789553165436,-1.491235e-09
989.2764947414398,-1.491395e-09
989.3698358535767,-1.491183e-09
989.4640963077545,-1.490971e-09
989.557813167572,-1.490741e-09
989.6514928340912,-1.490643e-09
989.7453157901764,-1.490713e-09
989.8384149074554,-1.491356e-09
989.9336357116699,-1.491591e-09
990.0272617340088,-1.491526e-09
990.1211640834808,-1.491327e-09
990.214982509613,-1.491028e-09
990.3094520568848,-1.490941e-09
990.4029953479767,-1.490807e-09
990.4967651367188,-1.491167e-09
990.5903422832489,-1.491743e-09
990.6846253871918,-1.491721e-09
990.7782621383667,-1.491286e-09
990.8732838630676,-1.491322e-09
990.9669096469879,-1.491068e-09
991.0607783794403,-1.490923e-09
991.1543028354645,-1.491147e-09
991.2481276988983,-1.491778e-09
991.3415920734406,-1.4919e-09
991.4354662895203,-1.49163e-09
991.5293593406677,-1.491388e-09
991.6240911483765,-1.491298e-09
991.7176930904388,-1.491201e-09
991.8119299411774,-1.491185e-09
991.905877828598,-1.491633e-09
991.9996290206909,-1.492133e-09
992.0943553447723,-1.492155e-09
992.1889114379883,-1.492037e-09
992.2824084758759,-1.491719e-09
992.3761711120605,-1.49151e-09
992.4695022106171,-1.491378e-09
992.5629382133484,-1.491821e-09
992.6567757129669,-1.492336e-09
992.7497847080231,-1.492265e-09
992.8438227176666,-1.491851e-09
992.9376668930054,-1.491464e-09
993.0324683189392,-1.491553e-09
993.1256380081177,-1.492233e-09
993.2204558849335,-1.492698e-09
993.3142294883728,-1.492732e-09
993.4080903530121,-1.492417e-09
993.5021259784698,-1.492132e-09
993.5962080955505,-1.4919e-09
993.6903040409088,-1.491966e-09
993.7846112251282,-1.491866e-09
993.8785300254822,-1.492263e-09
993.9724431037903,-1.492761e-09
994.0663404464722,-1.492659e-09
994.1601314544678,-1.492448e-09
994.2550382614136,-1.492308e-09
994.3485107421875,-1.492115e-09
994.4445188045502,-1.492133e-09
994.5394399166107,-1.492105e-09
994.632511138916,-1.492233e-09
994.7269089221954,-1.492605e-09
994.8213603496552,-1.49509e-09
994.9159150123596,-1.491387e-09
995.0115220546722,-1.491475e-09
995.1056010723114,-1.491291e-09
995.1992521286011,-1.490796e-09
995.2932820320129,-1.49057e-09
995.3887138366699,-1.490363e-09
995.482305765152,-1.490261e-09
995.5756952762604,-1.490907e-09
995.6700575351715,-1.49108e-09
995.7643527984619,-1.491063e-09
995.8592097759247,-1.491009e-09
995.9529435634613,-1.490626e-09
996.04696393013,-1.490595e-09
996.1406326293945,-1.49047e-09
996.2344148159027,-1.490929e-09
996.3292896747589,-1.491247e-09
996.4236545562744,-1.491555e-09
996.519508600235,-1.491461e-09
996.6137847900391,-1.491384e-09
996.7071692943573,-1.491075e-09
996.801436662674,-1.490871e-09
996.8965981006622,-1.490822e-09
996.9902586936951,-1.490782e-09
997.0850546360016,-1.490848e-09
997.1783888339996,-1.491389e-09
997.273097038269,-1.491614e-09
997.366640329361,-1.491486e-09
997.4604454040527,-1.491251e-09
997.5544295310974,-1.491066e-09
997.6482374668121,-1.490953e-09
997.7422218322754,-1.49086e-09
997.8363590240479,-1.49117e-09
997.9301943778992,-1.491705e-09
998.0239307880402,-1.491848e-09
998.1172487735748,-1.491475e-09
998.2108442783356,-1.491231e-09
998.3046765327454,-1.49111e-09
998.3980598449707,-1.491471e-09
998.4921901226044,-1.491988e-09
998.5865235328674,-1.492073e-09
998.6806218624115,-1.491811e-09
998.7754127979279,-1.491621e-09
998.871294260025,-1.491671e-09
998.966224193573,-1.491569e-09
999.0602540969849,-1.49146e-09
999.1538224220276,-1.491348e-09
999.2486462593079,-1.491483e-09
999.3422956466675,-1.492144e-09
999.4363582134247,-1.492366e-09
999.5298645496368,-1.492067e-09
999.6235446929932,-1.491832e-09
999.7175555229187,-1.491692e-09
999.8125233650208,-1.491664e-09
999.9058365821838,-1.491795e-09
1000.0017032623291,-1.491725e-09
1000.095431804657,-1.492393e-09
1000.1896703243256,-1.492674e-09
1000.2828574180603,-1.492451e-09
1000.3777859210968,-1.492318e-09
1000.4725832939148,-1.4922e-09
1000.5662665367126,-1.491962e-09
1000.6600289344788,-1.491923e-09
1000.7534000873566,-1.49225e-09
1000.847371339798,-1.49273e-09
1000.9416375160217,-1.492821e-09
1001.0359864234924,-1.492654e-09
1001.1296136379242,-1.492312e-09
1001.223813533783,-1.492196e-09
1001.3174612522125,-1.492058e-09
1001.4115407466888,-1.492116e-09
1001.5088326931,-1.492131e-09
1001.6022589206696,-1.492421e-09
1001.6966962814331,-1.492931e-09
1001.7900919914246,-1.493043e-09
1001.8843214511871,-1.492764e-09
1001.9781489372253,-1.492524e-09
1002.0728058815002,-1.492458e-09
1002.1663339138031,-1.49234e-09
1002.261417388916,-1.492429e-09
1002.3552403450012,-1.492879e-09
1002.4514315128326,-1.492927e-09
1002.555260181427,-1.493001e-09
1002.6502368450165,-1.492944e-09
1002.743644952774,-1.492681e-09
1002.8372704982758,-1.49257e-09
1002.9304747581482,-1.493083e-09
1003.0242307186127,-1.49355e-09
1003.1176183223724,-1.493452e-09
1003.2118766307831,-1.493303e-09
1003.307023525238,-1.493219e-09
1003.4012513160706,-1.492998e-09
1003.4950487613678,-1.492903e-09
1003.5885927677155,-1.492899e-09
1003.6832599639893,-1.493045e-09
1003.7857599258423,-1.493414e-09
1003.8788347244263,-1.49311e-09
1003.9719474315643,-1.493025e-09
1004.0664970874786,-1.493102e-09
1004.1602439880371,-1.493556e-09
1004.2536497116089,-1.494e-09
1004.3471157550812,-1.493794e-09
1004.4421656131744,-1.493705e-09
1004.535697221756,-1.493423e-09
1004.6299569606781,-1.493296e-09
1004.7233471870422,-1.493217e-09
1004.8172738552094,-1.493446e-09
1004.9113976955414,-1.493987e-09
1005.0053849220276,-1.49423e-09
1005.1003029346466,-1.494144e-09
1005.1948828697205,-1.495027e-09
1005.2895221710205,-1.49566e-09
1005.3834629058838,-1.492081e-09
1005.4777553081512,-1.49132e-09
1005.5715925693512,-1.491045e-09
1005.6651220321655,-1.491637e-09
1005.7590751647949,-1.491911e-09
1005.853994846344,-1.491797e-09
1005.9479806423187,-1.491584e-09
1006.0423593521118,-1.491319e-09
1006.1360235214233,-1.491134e-09
1006.2297856807709,-1.49112e-09
1006.3250651359558,-1.491151e-09
1006.4199192523956,-1.491367e-09
1006.5141844749451,-1.491942e-09
1006.6083569526672,-1.492166e-09
1006.7029054164886,-1.49209e-09
1006.7971067428589,-1.491807e-09
1006.8910713195801,-1.491627e-09
1006.9849569797516,-1.491489e-09
1007.0789098739624,-1.491443e-09
1007.1738188266754,-1.491614e-09
1007.2787528038025,-1.492334e-09
1007.3722162246704,-1.491992e-09
1007.4697239398956,-1.492247e-09
1007.5651876926422,-1.492333e-09
1007.6595256328583,-1.492082e-09
1007.7532920837402,-1.491844e-09
1007.8473434448242,-1.491782e-09
1007.9412367343903,-1.491672e-09
1008.0361638069153,-1.491818e-09
1008.130068063736,-1.492359e-09
1008.2237241268158,-1.492669e-09
1008.3171689510345,-1.492545e-09
1008.4104597568512,-1.492261e-09
1008.505527973175,-1.492168e-09
1008.6003088951111,-1.492119e-09
1008.6952347755432,-1.49201e-09
1008.7900972366333,-1.491956e-09
1008.8832461833954,-1.492554e-09
1008.9775304794312,-1.492913e-09
1009.0717380046844,-1.493119e-09
1009.1653938293457,-1.492041e-09
1009.2600135803223,-1.492856e-09
1009.3560180664062,-1.493994e-09
1009.4503355026245,-1.492679e-09
1009.544682264328,-1.492253e-09
1009.6383712291718,-1.492174e-09
1009.7325727939606,-1.492319e-09
1009.8281872272491,-1.49284e-09
1009.9232025146484,-1.492948e-09
1010.0178139209747,-1.49251e-09
1010.1117079257965,-1.492317e-09
1010.2060978412628,-1.492451e-09
1010.3001930713654,-1.492209e-09
1010.3947541713715,-1.491905e-09
1010.4890031814575,-1.491914e-09
1010.5835683345795,-1.492072e-09
1010.6782050132751,-1.492243e-09
1010.7723016738892,-1.492607e-09
1010.8677048683167,-1.492802e-09
1010.9617850780487,-1.492969e-09
1011.0561969280243,-1.492924e-09
1011.1504180431366,-1.492801e-09
1011.244622707367,-1.492628e-09
1011.3465754985809,-1.493503e-09
1011.4398806095123,-1.493295e-09
1011.5341186523438,-1.493207e-09
1011.6295790672302,-1.493017e-09
1011.7231318950653,-1.492759e-09
1011.8173391819,-1.492712e-09
1011.9110443592072,-1.492705e-09
1012.0051593780518,-1.493052e-09
1012.0988297462463,-1.49359e-09
1012.1922299861908,-1.493488e-09
1012.2861890792847,-1.493178e-09
1012.3809623718262,-1.493147e-09
1012.4745178222656,-1.49296e-09
1012.5686922073364,-1.49281e-09
1012.662680387497,-1.493049e-09
1012.7573070526123,-1.493127e-09
1012.851224899292,-1.49153e-09
1012.9450647830963,-1.489927e-09
1013.0390222072601,-1.490987e-09
1013.133439540863,-1.491862e-09
1013.2268979549408,-1.491852e-09
1013.3210778236389,-1.491796e-09
1013.4147434234619,-1.491993e-09
1013.5085780620575,-1.49214e-09
1013.6040017604828,-1.491659e-09
1013.6979241371155,-1.491571e-09
1013.7919602394104,-1.491409e-09
1013.886239528656,-1.491437e-09
1013.9814767837524,-1.491602e-09
1014.0750088691711,-1.491512e-09
1014.170095205307,-1.491604e-09
1014.2638647556305,-1.492059e-09
1014.3582513332367,-1.492346e-09
1014.4527733325958,-1.492527e-09
1014.5465631484985,-1.492268e-09
1014.6410546302795,-1.491991e-09
1014.7352228164673,-1.491793e-09
1014.8291592597961,-1.491714e-09
1014.9227170944214,-1.491656e-09
1015.0176196098328,-1.491887e-09
1015.1111845970154,-1.492445e-09
1015.2063131332397,-1.49265e-09
1015.3000440597534,-1.492381e-09
1015.3943362236023,-1.492056e-09
1015.4877598285675,-1.491804e-09
1015.5814940929413,-1.491665e-09
1015.6750974655151,-1.491928e-09
1015.7697122097015,-1.492436e-09
1015.8630800247192,-1.492742e-09
1015.9578049182892,-1.492579e-09
1016.0515689849854,-1.492239e-09
1016.1458656787872,-1.49211e-09
1016.2414484024048,-1.492123e-09
1016.3354096412659,-1.492128e-09
1016.4296853542328,-1.492098e-09
1016.5231680870056,-1.492648e-09
1016.6173124313354,-1.493056e-09
1016.7109377384186,-1.493016e-09
1016.8056547641754,-1.492794e-09
1016.8992805480957,-1.492435e-09
1016.9936017990112,-1.4923e-09
1017.0867149829865,-1.492303e-09
1017.1802730560303,-1.492927e-09
1017.282723903656,-1.492438e-09
1017.376088142395,-1.492263e-09
1017.4699184894562,-1.492427e-09
1017.5643062591553,-1.492773e-09
1017.6594269275665,-1.493095e-09
1017.753155708313,-1.493287e-09
1017.8476719856262,-1.49317e-09
1017.9413814544678,-1.492845e-09
1018.0355298519135,-1.492698e-09
1018.1290581226349,-1.492563e-09
1018.2225742340088,-1.492759e-09
1018.3168890476227,-1.493248e-09
1018.4099428653717,-1.493496e-09
1018.5033476352692,-1.493209e-09
1018.5972735881805,-1.492991e-09
1018.6916944980621,-1.492915e-09
1018.7852096557617,-1.492821e-09
1018.8783826828003,-1.493329e-09
1018.9721572399139,-1.493792e-09
1019.0671944618225,-1.493843e-09
1019.1622357368469,-1.49386e-09
1019.2562427520752,-1.493615e-09
1019.3581058979034,-1.493201e-09
1019.4517846107483,-1.493835e-09
1019.5454649925232,-1.493958e-09
1019.6395215988159,-1.493672e-09
1019.733384847641,-1.493431e-09
1019.8265912532806,-1.493159e-09
1019.9204912185669,-1.493123e-09
1020.0138208866119,-1.493675e-09
1020.1076815128326,-1.494064e-09
1020.2017300128937,-1.494035e-09
1020.2952568531036,-1.493608e-09
1020.3890664577484,-1.493444e-09
1020.4831688404083,-1.493341e-09
1020.5773072242737,-1.493363e-09
1020.6722376346588,-1.493703e-09
1020.7660312652588,-1.494275e-09
1020.8605751991272,-1.494244e-09
1020.9546711444855,-1.494042e-09
1021.0486724376678,-1.493718e-09
1021.141848564148,-1.493548e-09
1021.2364528179169,-1.493511e-09
1021.3298718929291,-1.493886e-09
1021.4241561889648,-1.494316e-09
1021.5177056789398,-1.494538e-09
1021.6129417419434,-1.494463e-09
1021.7074422836304,-1.494373e-09
1021.8017446994781,-1.494081e-09
1021.8953800201416,-1.493885e-09
1021.9894049167633,-1.493766e-09
1022.0951585769653,-1.494435e-09
1022.188511133194,-1.494713e-09
1022.2823436260223,-1.494454e-09
1022.3755314350128,-1.494094e-09
1022.4694273471832,-1.493989e-09
1022.5627810955048,-1.494001e-09
1022.6570146083832,-1.494327e-09
1022.7508189678192,-1.494832e-09
1022.8441488742828,-1.494583e-09
1022.9386973381042,-1.494304e-09
1023.0319759845734,-1.494099e-09
1023.1254208087921,-1.494032e-09
1023.2199988365173,-1.49429e-09
1023.3131468296051,-1.494956e-09
1023.4063577651978,-1.494785e-09
1023.5001890659332,-1.494426e-09
1023.593727350235,-1.494211e-09
1023.6870760917664,-1.494276e-09
1023.7805743217468,-1.49485e-09
1023.8745718002319,-1.495113e-09
1023.9682726860046,-1.494899e-09
1024.0618476867676,-1.494522e-09
1024.1556100845337,-1.49441e-09
1024.2507193088531,-1.494332e-09
1024.344177722931,-1.494352e-09
1024.4381210803986,-1.494956e-09
1024.53320145607,-1.495084e-09
1024.6269962787628,-1.49528e-09
1024.7205102443695,-1.495001e-09
1024.8188874721527,-1.495388e-09
1024.912496805191,-1.495168e-09
1025.0077922344208,-1.495101e-09
1025.1018211841583,-1.494794e-09
1025.195496559143,-1.494666e-09
1025.2890586853027,-1.49466e-09
1025.3826260566711,-1.495237e-09
1025.4760897159576,-1.495585e-09
1025.5694110393524,-1.495299e-09
1025.6637122631073,-1.495066e-09
1025.7572379112244,-1.494876e-09
1025.8515088558197,-1.494775e-09
1025.9454822540283,-1.494899e-09
1026.0389878749847,-1.495587e-09
1026.1333694458008,-1.495733e-09
1026.2265119552612,-1.495518e-09
1026.3204352855682,-1.495223e-09
1026.4138674736023,-1.495044e-09
1026.5083553791046,-1.49498e-09
1026.6017072200775,-1.495487e-09
1026.6958475112915,-1.495864e-09
1026.7897591590881,-1.495804e-09
1026.8835308551788,-1.495504e-09
1026.9771971702576,-1.495285e-09
1027.0714581012726,-1.495213e-09
1027.1652019023895,-1.495209e-09
1027.258840084076,-1.495709e-09
1027.3525068759918,-1.49613e-09
1027.4465131759644,-1.496477e-09
1027.5460135936737,-1.497103e-09
1027.640067100525,-1.496947e-09
1027.7340273857117,-1.49646e-09
1027.8274137973785,-1.496051e-09
1027.9216372966766,-1.495858e-09
1028.014892578125,-1.495741e-09
1028.1087992191315,-1.496089e-09
1028.202509880066,-1.496692e-09
1028.2976381778717,-1.496723e-09
1028.3917455673218,-1.496559e-09
1028.4861040115356,-1.496309e-09
1028.5801393985748,-1.496147e-09
1028.6739809513092,-1.496068e-09
1028.767455816269,-1.496034e-09
1028.8620867729187,-1.496284e-09
1028.9558246135712,-1.496872e-09
1029.0494785308838,-1.496921e-09
1029.1430449485779,-1.49653e-09
1029.2363958358765,-1.49631e-09
1029.3299579620361,-1.496184e-09
1029.4240334033966,-1.496363e-09
1029.5180611610413,-1.496875e-09
1029.6122386455536,-1.497178e-09
1029.706306695938,-1.497e-09
1029.8009464740753,-1.496864e-09
1029.8959233760834,-1.496693e-09
1029.9921686649323,-1.496816e-09
1030.0862946510315,-1.496661e-09
1030.1802506446838,-1.496542e-09
1030.2740926742554,-1.496595e-09
1030.3702864646912,-1.496619e-09
1030.4641027450562,-1.496992e-09
1030.5589866638184,-1.497194e-09
1030.6532790660858,-1.497645e-09
1030.7473440170288,-1.497568e-09
1030.841062784195,-1.497145e-09
1030.9348738193512,-1.496955e-09
1031.029032945633,-1.496824e-09
1031.122896194458,-1.497122e-09
1031.222073316574,-1.497911e-09
1031.3165400028229,-1.497458e-09
1031.4099850654602,-1.497668e-09
1031.5038986206055,-1.498244e-09
1031.5972661972046,-1.498219e-09
1031.6916708946228,-1.497983e-09
1031.78546833992,-1.4976e-09
1031.880844593048,-1.497664e-09
1031.9752039909363,-1.497496e-09
1032.0686974525452,-1.497253e-09
1032.1623170375824,-1.4976e-09
1032.256231546402,-1.498088e-09
1032.3502008914948,-1.498166e-09
1032.4439930915833,-1.497977e-09
1032.537964105606,-1.497749e-09
1032.6317970752716,-1.497673e-09
1032.7257528305054,-1.497718e-09
1032.8201217651367,-1.497972e-09
1032.9136555194855,-1.498539e-09
1033.0077323913574,-1.498435e-09
1033.1017315387726,-1.498256e-09
1033.1953554153442,-1.49806e-09
1033.2892017364502,-1.498261e-09
1033.3832981586456,-1.498082e-09
1033.4772522449493,-1.498509e-09
1033.5713565349579,-1.498862e-09
1033.6659033298492,-1.498756e-09
1033.75958943367,-1.498582e-09
1033.852777481079,-1.498461e-09
1033.9470798969269,-1.498473e-09
1034.0410642623901,-1.498569e-09
1034.1344156265259,-1.499074e-09
1034.2279961109161,-1.499656e-09
1034.321165561676,-1.499663e-09
1034.4149913787842,-1.499376e-09
1034.5086495876312,-1.499044e-09
1034.6023824214935,-1.498831e-09
1034.698035955429,-1.498308e-09
1034.7920866012573,-1.498473e-09
1034.8864965438843,-1.498942e-09
1034.9806303977966,-1.499768e-09
1035.074811220169,-1.499819e-09
1035.1687061786652,-1.499248e-09
1035.262755393982,-1.498758e-09
1035.3568704128265,-1.498609e-09
1035.4504806995392,-1.498452e-09
1035.5475957393646,-1.498469e-09
1035.642279624939,-1.498475e-09
1035.738535642624,-1.49859e-09
1035.832486629486,-1.498859e-09
1035.9262590408325,-1.499747e-09
1036.0194745063782,-1.499696e-09
1036.12255859375,-1.498944e-09
1036.2170367240906,-1.499082e-09
1036.3109064102173,-1.499529e-09
1036.4052152633667,-1.500046e-09
1036.4988749027252,-1.500318e-09
1036.5933163166046,-1.500035e-09
1036.6866765022278,-1.499619e-09
1036.780880689621,-1.499399e-09
1036.8775634765625,-1.499421e-09
1036.9708449840546,-1.499181e-09
1037.0776062011719,-1.499145e-09
1037.1730167865753,-1.49924e-09
1037.270434141159,-1.499139e-09
1037.3651640415192,-1.499218e-09
1037.4593143463135,-1.499599e-09
1037.5532257556915,-1.500365e-09
1037.6473503112793,-1.500418e-09
1037.7411715984344,-1.500221e-09
1037.8358700275421,-1.499939e-09
1037.9294981956482,-1.499542e-09
1038.0233027935028,-1.499455e-09
1038.1172354221344,-1.499711e-09
1038.2102327346802,-1.500616e-09
1038.3032386302948,-1.500578e-09
1038.396586894989,-1.502693e-09
1038.4900619983673,-1.50081e-09
1038.5834777355194,-1.500436e-09
1038.6789910793304,-1.500362e-09
1038.7739655971527,-1.501428e-09
1038.867779970169,-1.499296e-09
1038.9618844985962,-1.499673e-09
1039.0671632289886,-1.500593e-09
1039.1603918075562,-1.499662e-09
1039.2551712989807,-1.498842e-09
1039.3499886989594,-1.498239e-09
1039.4438359737396,-1.498681e-09
1039.539056777954,-1.498694e-09
1039.6326694488525,-1.498381e-09
1039.7264189720154,-1.498187e-09
1039.8204433918,-1.497777e-09
1039.9151165485382,-1.497842e-09
1040.009039402008,-1.497965e-09
1040.1028587818146,-1.498323e-09
1040.1968955993652,-1.498933e-09
1040.292119026184,-1.498978e-09
1040.3854339122772,-1.498771e-09
1040.4806003570557,-1.498453e-09
1040.5738039016724,-1.497874e-09
1040.667789697647,-1.497688e-09
1040.7619750499725,-1.497832e-09
1040.856257200241,-1.498073e-09
1040.9500348567963,-1.498573e-09
1041.044043302536,-1.498749e-09
1041.1383905410767,-1.498544e-09
1041.2321639060974,-1.4984e-09
1041.3268356323242,-1.498204e-09
1041.4199373722076,-1.497914e-09
1041.5136647224426,-1.498117e-09
1041.6078100204468,-1.498659e-09
1041.7024672031403,-1.499124e-09
1041.7960925102234,-1.49887e-09
1041.8902928829193,-1.49887e-09
1041.9840898513794,-1.498753e-09
1042.078600883484,-1.498711e-09
1042.1722865104675,-1.49868e-09
1042.2870013713837,-1.499047e-09
1042.3805680274963,-1.498659e-09
1042.4755914211273,-1.498414e-09
1042.570438861847,-1.498535e-09
1042.665250301361,-1.497999e-09
1042.7588982582092,-1.497815e-09
1042.8529393672943,-1.498028e-09
1042.946380853653,-1.497958e-09
1043.0404798984528,-1.497847e-09
1043.1343202590942,-1.497589e-09
1043.2289006710052,-1.497628e-09
1043.3224375247955,-1.497594e-09
1043.4166989326477,-1.497594e-09
1043.5103578567505,-1.498002e-09
1043.604968070984,-1.498071e-09
1043.6988911628723,-1.497845e-09
1043.7940990924835,-1.496905e-09
1043.8949174880981,-1.496183e-09
1043.9893579483032,-1.496784e-09
1044.083204984665,-1.497124e-09
1044.1774854660034,-1.497094e-09
1044.271118402481,-1.496986e-09
1044.365121126175,-1.496771e-09
1044.4589891433716,-1.496431e-09
1044.5529556274414,-1.496717e-09
1044.6476175785065,-1.49728e-09
1044.7412045001984,-1.498036e-09
1044.8348579406738,-1.498182e-09
1044.9283366203308,-1.498117e-09
1045.02197098732,-1.498013e-09
1045.1156976222992,-1.497908e-09
1045.2093269824982,-1.498082e-09
1045.3043780326843,-1.498399e-09
1045.399114370346,-1.49874e-09
1045.4929428100586,-1.498771e-09
1045.5869483947754,-1.498683e-09
1045.6808109283447,-1.498586e-09
1045.7769255638123,-1.498779e-09
1045.871028661728,-1.498523e-09
1045.9645955562592,-1.498451e-09
1046.0590810775757,-1.498909e-09
1046.1550352573395,-1.498874e-09
1046.2495746612549,-1.499284e-09
1046.3439321517944,-1.499437e-09
1046.4375870227814,-1.499214e-09
1046.531732082367,-1.498958e-09
1046.6287987232208,-1.498939e-09
1046.7221908569336,-1.498439e-09
1046.816398382187,-1.498168e-09
1046.9105248451233,-1.498125e-09
1047.0044889450073,-1.498666e-09
1047.098524570465,-1.499157e-09
1047.1923480033875,-1.499151e-09
1047.2862224578857,-1.498951e-09
1047.3800661563873,-1.498869e-09
1047.4741113185883,-1.498904e-09
1047.5674738883972,-1.498845e-09
1047.6609001159668,-1.499249e-09
1047.7546319961548,-1.499731e-09
1047.8485355377197,-1.499523e-09
1047.942200422287,-1.499179e-09
1048.0361099243164,-1.499101e-09
1048.1295940876007,-1.498996e-09
1048.2241694927216,-1.499023e-09
1048.3178658485413,-1.499616e-09
1048.41219496727,-1.499908e-09
1048.5060200691223,-1.499605e-09
1048.599781513214,-1.499299e-09
1048.6936631202698,-1.499059e-09
1048.78750538826,-1.498929e-09
1048.8815007209778,-1.499029e-09
1048.9755342006683,-1.499551e-09
1049.0693068504333,-1.500164e-09
1049.1629371643066,-1.50014e-09
1049.2568471431732,-1.499944e-09
1049.3540081977844,-1.500223e-09
1049.4479386806488,-1.499994e-09
1049.5419309139252,-1.499783e-09
1049.6359243392944,-1.499686e-09
1049.729795217514,-1.499885e-09
1049.8240087032318,-1.500393e-09
1049.917750120163,-1.500629e-09
1050.0115208625793,-1.500356e-09
1050.1047630310059,-1.500001e-09
1050.1984136104584,-1.499841e-09
1050.2920451164246,-1.499732e-09
1050.3858013153076,-1.500201e-09
1050.4803993701935,-1.50053e-09
1050.5738730430603,-1.500554e-09
1050.6681458950043,-1.500343e-09
1050.7631223201752,-1.500187e-09
1050.856452703476,-1.49986e-09
1050.9513528347015,-1.499839e-09
1051.0448586940765,-1.499801e-09
1051.1403844356537,-1.499865e-09
1051.234309911728,-1.500258e-09
1051.3283751010895,-1.500708e-09
1051.423523902893,-1.500811e-09
1051.5169622898102,-1.500626e-09
1051.6110906600952,-1.500329e-09
1051.7049779891968,-1.500141e-09
1051.7991552352905,-1.500068e-09
1051.8929796218872,-1.500103e-09
1051.9866988658905,-1.500643e-09
1052.0804727077484,-1.500983e-09
1052.1748785972595,-1.500925e-09
1052.2685885429382,-1.500658e-09
1052.3630585670471,-1.500426e-09
1052.4566814899445,-1.500281e-09
1052.5510108470917,-1.500162e-09
1052.6453325748444,-1.50017e-09
1052.7394661903381,-1.500702e-09
1052.8330092430115,-1.501185e-09
1052.9274427890778,-1.501046e-09
1053.0224797725677,-1.501103e-09
1053.1172404289246,-1.503463e-09
1053.212131023407,-1.502968e-09
1053.3061392307281,-1.502075e-09
1053.4009094238281,-1.501714e-09
1053.4954028129578,-1.501773e-09
1053.5896174907684,-1.50211e-09
1053.6840553283691,-1.502288e-09
1053.777892112732,-1.502288e-09
1053.872041463852,-1.502077e-09
1053.966213464737,-1.501958e-09
1054.060762643814,-1.501756e-09
1054.1552748680115,-1.501583e-09
1054.2586143016815,-1.502203e-09
1054.3523676395416,-1.502202e-09
1054.4467980861664,-1.502056e-09
1054.5406560897827,-1.501783e-09
1054.6345002651215,-1.501543e-09
1054.7284662723541,-1.501474e-09
1054.8243162631989,-1.501512e-09
1054.9180390834808,-1.501739e-09
1055.0120770931244,-1.50222e-09
1055.1074883937836,-1.502316e-09
1055.2013247013092,-1.502456e-09
1055.294646024704,-1.502163e-09
1055.3888716697693,-1.501869e-09
1055.4834020137787,-1.501768e-09
1055.5770082473755,-1.501716e-09
1055.6716961860657,-1.501702e-09
1055.7666091918945,-1.501753e-09
1055.8602514266968,-1.502254e-09
1055.954357624054,-1.502664e-09
1056.048800945282,-1.502678e-09
1056.144076347351,-1.502563e-09
1056.237684726715,-1.502262e-09
1056.3325233459473,-1.502138e-09
1056.425990819931,-1.501957e-09
1056.5195622444153,-1.501931e-09
1056.613382101059,-1.502476e-09
1056.709058046341,-1.50246e-09
1056.802264213562,-1.502866e-09
1056.8963079452515,-1.502728e-09
1056.989765882492,-1.502188e-09
1057.0845968723297,-1.501592e-09
1057.1782622337341,-1.501508e-09
1057.2716417312622,-1.501521e-09
1057.3652861118317,-1.502035e-09
1057.4592208862305,-1.502017e-09
1057.5528771877289,-1.501855e-09
1057.647316455841,-1.501412e-09
1057.7417058944702,-1.501121e-09
1057.8351855278015,-1.500993e-09
1057.92879652977,-1.501295e-09
1058.0229125022888,-1.501761e-09
1058.1164474487305,-1.501858e-09
1058.211135149002,-1.501752e-09
1058.3051180839539,-1.501449e-09
1058.3987526893616,-1.5012e-09
1058.4928395748138,-1.501137e-09
1058.5863709449768,-1.50119e-09
1058.6817293167114,-1.501295e-09
1058.7765319347382,-1.501579e-09
1058.870439529419,-1.501964e-09
1058.9643833637238,-1.50185e-09
1059.0593664646149,-1.501756e-09
1059.1530575752258,-1.501423e-09
1059.247224330902,-1.501312e-09
1059.340975522995,-1.501197e-09
1059.4358077049255,-1.501282e-09
1059.5291719436646,-1.501919e-09
1059.6240572929382,-1.502166e-09
1059.7172813415527,-1.502068e-09
1059.811930656433,-1.501893e-09
1059.9058287143707,-1.501557e-09
1060.000962972641,-1.501486e-09
1060.0955369472504,-1.501459e-09
1060.1890404224396,-1.501571e-09
1060.2829678058624,-1.50209e-09
1060.3768968582153,-1.5024e-09
1060.4700474739075,-1.502128e-09
1060.564647436142,-1.501964e-09
1060.6596558094025,-1.501836e-09
1060.7536144256592,-1.50175e-09
1060.8474678993225,-1.501628e-09
1060.941324710846,-1.50201e-09
1061.0347847938538,-1.502608e-09
1061.1284203529358,-1.502503e-09
1061.2220478057861,-1.502251e-09
1061.315823316574,-1.501995e-09
1061.4090287685394,-1.501724e-09
1061.5022203922272,-1.502196e-09
1061.5957367420197,-1.502703e-09
1061.6903972625732,-1.502734e-09
1061.7839617729187,-1.502397e-09
1061.8780105113983,-1.502116e-09
1061.9719212055206,-1.501938e-09
1062.0654125213623,-1.501881e-09
1062.158789396286,-1.502383e-09
1062.2528140544891,-1.502808e-09
1062.346806526184,-1.502969e-09
1062.4412281513214,-1.502706e-09
1062.5343160629272,-1.502276e-09
1062.6282587051392,-1.50217e-09
1062.7225277423859,-1.502164e-09
1062.8168597221375,-1.502362e-09
1062.910436630249,-1.503044e-09
1063.0058388710022,-1.503119e-09
1063.1011826992035,-1.503193e-09
1063.1951086521149,-1.503075e-09
1063.2895517349243,-1.502931e-09
1063.3830771446228,-1.50254e-09
1063.477784872055,-1.502526e-09
1063.5712940692902,-1.50241e-09
1063.6777081489563,-1.50346e-09
1063.7709429264069,-1.503294e-09
1063.8651394844055,-1.503067e-09
1063.9588346481323,-1.502599e-09
1064.0529294013977,-1.502405e-09
1064.1471681594849,-1.502236e-09
1064.2410798072815,-1.502199e-09
1064.3461673259735,-1.503373e-09
1064.4399485588074,-1.502963e-09
1064.5339994430542,-1.502645e-09
1064.6287212371826,-1.502413e-09
1064.7222032546997,-1.502103e-09
1064.816430091858,-1.501653e-09
1064.9100363254547,-1.50192e-09
1065.0063009262085,-1.501818e-09
1065.100991010666,-1.502217e-09
1065.1948144435883,-1.502509e-09
1065.2892081737518,-1.502369e-09
1065.3828406333923,-1.501981e-09
1065.4774708747864,-1.501846e-09
1065.5708003044128,-1.501602e-09
1065.6645963191986,-1.501557e-09
1065.758749961853,-1.502054e-09
1065.8531618118286,-1.502377e-09
1065.9471888542175,-1.502426e-09
1066.040382385254,-1.502079e-09
1066.1340651512146,-1.501847e-09
1066.2275793552399,-1.501703e-09
1066.321867465973,-1.501882e-09
1066.4159495830536,-1.502286e-09
1066.5096054077148,-1.502617e-09
1066.603265762329,-1.50241e-09
1066.697924375534,-1.50218e-09
1066.7920093536377,-1.501969e-09
1066.885934829712,-1.501847e-09
1066.9798595905304,-1.501895e-09
1067.0732576847076,-1.50251e-09
1067.167596578598,-1.502739e-09
1067.2617359161377,-1.502638e-09
1067.356026172638,-1.502384e-09
1067.4494037628174,-1.502107e-09
1067.5437276363373,-1.502008e-09
1067.637282371521,-1.502047e-09
1067.731177330017,-1.50243e-09
1067.8253419399261,-1.502758e-09
1067.919361114502,-1.502767e-09
1068.0132296085358,-1.502462e-09
1068.1074335575104,-1.502233e-09
1068.2010245323181,-1.50209e-09
1068.295403957367,-1.50205e-09
1068.3895347118378,-1.502064e-09
1068.4841191768646,-1.502339e-09
1068.5772993564606,-1.502899e-09
1068.6713602542877,-1.502794e-09
1068.7654292583466,-1.502466e-09
1068.859968662262,-1.502286e-09
1068.9530789852142,-1.502091e-09
1069.0473272800446,-1.502156e-09
1069.1409840583801,-1.502853e-09
1069.2342627048492,-1.502948e-09
1069.3275094032288,-1.50252e-09
1069.4216983318329,-1.502452e-09
1069.5162146091461,-1.502315e-09
1069.6105003356934,-1.502259e-09
1069.7038507461548,-1.502644e-09
1069.7982263565063,-1.503124e-09
1069.8917791843414,-1.503101e-09
1069.9859249591827,-1.50296e-09
1070.0798473358154,-1.502691e-09
1070.174530506134,-1.502526e-09
1070.2685301303864,-1.502465e-09
1070.3622596263885,-1.502637e-09
1070.4554994106293,-1.503261e-09
1070.5495865345001,-1.503401e-09
1070.643557548523,-1.503179e-09
1070.7377786636353,-1.502916e-09
1070.8316802978516,-1.502725e-09
1070.9252326488495,-1.502609e-09
1071.0190815925598,-1.502828e-09
1071.1135022640228,-1.503241e-09
1071.2070484161377,-1.503542e-09
1071.3018589019775,-1.505006e-09
1071.3952589035034,-1.504098e-09
1071.4904580116272,-1.503743e-09
1071.5833733081818,-1.503258e-09
1071.6781749725342,-1.503116e-09
1071.7718188762665,-1.503276e-09
1071.8669774532318,-1.503483e-09
1071.960562467575,-1.504037e-09
1072.0546169281006,-1.504007e-09
1072.1480934619904,-1.503566e-09
1072.2416594028473,-1.503386e-09
1072.3355536460876,-1.503259e-09
1072.4294259548187,-1.503344e-09
1072.5224516391754,-1.504171e-09
1072.6158018112183,-1.50411e-09
1072.7095701694489,-1.503698e-09
1072.803492307663,-1.503479e-09
1072.8962843418121,-1.503334e-09
1072.9894251823425,-1.503968e-09
1073.0829305648804,-1.504274e-09
1073.1757245063782,-1.503835e-09
1073.2695350646973,-1.503647e-09
1073.3630015850067,-1.503455e-09
1073.455881357193,-1.503832e-09
1073.548989534378,-1.504343e-09
1073.642480134964,-1.504059e-09
1073.7351067066193,-1.50372e-09
1073.8285319805145,-1.503573e-09
1073.9222869873047,-1.503715e-09
1074.015814781189,-1.504429e-09
1074.1094026565552,-1.504443e-09
1074.2027294635773,-1.504001e-09
1074.2957437038422,-1.503844e-09
1074.3887202739716,-1.503741e-09
1074.481687784195,-1.504793e-09
1074.5752234458923,-1.504697e-09
1074.6681604385376,-1.504185e-09
1074.761370420456,-1.503911e-09
1074.857653617859,-1.503963e-09
1074.9506890773773,-1.503882e-09
1075.0437083244324,-1.504693e-09
1075.1369926929474,-1.504633e-09
1075.2300624847412,-1.504171e-09
1075.3233540058136,-1.504025e-09
1075.4166097640991,-1.504128e-09
1075.5100269317627,-1.504678e-09
1075.60307097435,-1.504796e-09
1075.6967766284943,-1.504492e-09
1075.7900485992432,-1.504162e-09
1075.8834962844849,-1.504047e-09
1075.9764864444733,-1.504622e-09
1076.069305896759,-1.504975e-09
1076.1624178886414,-1.504578e-09
1076.2561094760895,-1.504294e-09
1076.3490717411041,-1.504156e-09
1076.4431698322296,-1.504466e-09
1076.5361876487732,-1.505072e-09
1076.6299686431885,-1.504896e-09
1076.7231328487396,-1.504519e-09
1076.8171424865723,-1.504447e-09
1076.9109075069427,-1.504287e-09
1077.004163980484,-1.504741e-09
1077.0976202487946,-1.505234e-09
1077.1909210681915,-1.504951e-09
1077.2840149402618,-1.504569e-09
1077.3773136138916,-1.50442e-09
1077.4706845283508,-1.504491e-09
1077.5640425682068,-1.505252e-09
1077.6573190689087,-1.505268e-09
1077.7506985664368,-1.504909e-09
1077.8442475795746,-1.504661e-09
1077.9378201961517,-1.504497e-09
1078.0317220687866,-1.504793e-09
1078.1250050067902,-1.505431e-09
1078.218833208084,-1.505414e-09
1078.31223487854,-1.505029e-09
1078.4066941738129,-1.504901e-09
1078.5000793933868,-1.504678e-09
1078.5932641029358,-1.504945e-09
1078.6869299411774,-1.505527e-09
1078.7806432247162,-1.505524e-09
1078.8738486766815,-1.505106e-09
1078.9671590328217,-1.504856e-09
1079.0607028007507,-1.504808e-09
1079.1543362140656,-1.505402e-09
1079.2480533123016,-1.505792e-09
1079.341616153717,-1.505467e-09
1079.434412240982,-1.505096e-09
1079.5274653434753,-1.50499e-09
1079.6215705871582,-1.505288e-09
1079.7146031856537,-1.505886e-09
1079.8077890872955,-1.505655e-09
1079.9012279510498,-1.505312e-09
1079.9950997829437,-1.505137e-09
1080.0884895324707,-1.505101e-09
1080.1820557117462,-1.505631e-09
1080.2754485607147,-1.506038e-09
1080.3686525821686,-1.505728e-09
1080.4616792201996,-1.505321e-09
1080.5546262264252,-1.507183e-09
1080.6479353904724,-1.507257e-09
1080.7413828372955,-1.507066e-09
1080.8346383571625,-1.506774e-09
1080.9277594089508,-1.506331e-09
1081.0212593078613,-1.506165e-09
1081.1145794391632,-1.506315e-09
1081.2076375484467,-1.506709e-09
1081.3012087345123,-1.506648e-09
1081.3945684432983,-1.506296e-09
1081.4877269268036,-1.506017e-09
1081.5810956954956,-1.506011e-09
1081.6749789714813,-1.506594e-09
1081.76842045784,-1.506971e-09
1081.8615641593933,-1.50658e-09
1081.9549388885498,-1.506181e-09
1082.0590372085571,-1.506559e-09
1082.1523830890656,-1.506977e-09
1082.2458341121674,-1.50666e-09
1082.3392322063446,-1.506325e-09
1082.4319367408752,-1.506174e-09
1082.525085926056,-1.506642e-09
1082.6184906959534,-1.50708e-09
1082.7119665145874,-1.506987e-09
1082.8055212497711,-1.506641e-09
1082.89949965477,-1.506372e-09
1082.9924895763397,-1.506309e-09
1083.0857214927673,-1.506838e-09
1083.1794681549072,-1.507231e-09
1083.273442029953,-1.507089e-09
1083.3666651248932,-1.506675e-09
1083.4597709178925,-1.506486e-09
1083.553174495697,-1.506734e-09
1083.6459097862244,-1.50721e-09
1083.7394466400146,-1.507421e-09
1083.8330428600311,-1.507209e-09
1083.9261949062347,-1.506815e-09
1084.0192000865936,-1.506661e-09
1084.112762928009,-1.506937e-09
1084.2058367729187,-1.507576e-09
1084.2997314929962,-1.507546e-09
1084.395096063614,-1.507516e-09
1084.4884095191956,-1.507201e-09
1084.5819826126099,-1.506924e-09
1084.675273180008,-1.506778e-09
1084.7682013511658,-1.507429e-09
1084.8619589805603,-1.507764e-09
1084.955161333084,-1.507463e-09
1085.0485558509827,-1.50718e-09
1085.1420376300812,-1.507013e-09
1085.2357094287872,-1.506953e-09
1085.330828666687,-1.507021e-09
1085.424462556839,-1.507645e-09
1085.51801943779,-1.507885e-09
1085.6115837097168,-1.507588e-09
1085.7054777145386,-1.507296e-09
1085.7990009784698,-1.507058e-09
1085.8929586410522,-1.506982e-09
1085.98659324646,-1.507293e-09
1086.0800445079803,-1.507896e-09
1086.1735441684723,-1.507788e-09
1086.2673625946045,-1.507412e-09
1086.36061668396,-1.507197e-09
1086.4560344219208,-1.507172e-09
1086.5492029190063,-1.507095e-09
1086.6425592899323,-1.507686e-09
1086.7357058525085,-1.507969e-09
1086.8293888568878,-1.507653e-09
1086.922512769699,-1.507293e-09
1087.015573501587,-1.507163e-09
1087.1092565059662,-1.507439e-09
1087.2028167247772,-1.508048e-09
1087.2964494228363,-1.508019e-09
1087.3910403251648,-1.507881e-09
1087.4845190048218,-1.50751e-09
1087.5788807868958,-1.507401e-09
1087.6725976467133,-1.50733e-09
1087.7662107944489,-1.507829e-09
1087.8595762252808,-1.508257e-09
1087.9527819156647,-1.508039e-09
1088.0459234714508,-1.507689e-09
1088.1393465995789,-1.507495e-09
1088.2324843406677,-1.507524e-09
1088.3258504867554,-1.508159e-09
1088.4194343090057,-1.508332e-09
1088.513146162033,-1.508077e-09
1088.6061599254608,-1.507662e-09
1088.699422121048,-1.507588e-09
1088.7928020954132,-1.50776e-09
1088.8860676288605,-1.508442e-09
1088.9794285297394,-1.508423e-09
1089.0725231170654,-1.508016e-09
1089.1658096313477,-1.507809e-09
1089.25900888443,-1.507652e-09
1089.3522987365723,-1.50822e-09
1089.445387840271,-1.508665e-09
1089.5391907691956,-1.508485e-09
1089.6329894065857,-1.508059e-09
1089.7260475158691,-1.507874e-09
1089.8192172050476,-1.507994e-09
1089.9128131866455,-1.508681e-09
1090.0076467990875,-1.508814e-09
1090.100660085678,-1.508372e-09
1090.1950957775116,-1.508002e-09
1090.2883360385895,-1.507661e-09
1090.3820164203644,-1.507514e-09
1090.4753448963165,-1.508083e-09
1090.5682306289673,-1.508531e-09
1090.6615629196167,-1.508183e-09
1090.7547147274017,-1.507629e-09
1090.848554134369,-1.507578e-09
1090.9423248767853,-1.507632e-09
1091.035775899887,-1.508331e-09
1091.1289455890656,-1.508393e-09
1091.2226586341858,-1.507928e-09
1091.3162105083466,-1.507137e-09
1091.4095618724823,-1.506814e-09
1091.503392457962,-1.507281e-09
1091.596194267273,-1.508016e-09
1091.6896166801453,-1.507678e-09
1091.783162355423,-1.507415e-09
1091.8767349720001,-1.507054e-09
1091.970062971115,-1.506439e-09
1092.0645670890808,-1.506906e-09
1092.1599225997925,-1.506982e-09
1092.2534928321838,-1.506296e-09
1092.347094297409,-1.506924e-09
1092.4427285194397,-1.50663e-09
1092.5359914302826,-1.504433e-09
1092.6299753189087,-1.504476e-09
1092.723274230957,-1.505184e-09
1092.8179001808167,-1.505738e-09
1092.9108881950378,-1.506432e-09
1093.004676103592,-1.506462e-09
1093.0981922149658,-1.50582e-09
1093.1928615570068,-1.504672e-09
1093.2861483097076,-1.505374e-09
1093.379108428955,-1.506716e-09
1093.47261428833,-1.507129e-09
1093.5655081272125,-1.507096e-09
1093.6587941646576,-1.507376e-09
1093.7529773712158,-1.507511e-09
1093.8461866378784,-1.507695e-09
1093.9396221637726,-1.507339e-09
1094.0333797931671,-1.507416e-09
1094.1268961429596,-1.50758e-09
1094.2202906608582,-1.50782e-09
1094.3139326572418,-1.50799e-09
1094.4071679115295,-1.508799e-09
1094.5006120204926,-1.508982e-09
1094.5947909355164,-1.50894e-09
1094.6883001327515,-1.508643e-09
1094.7819893360138,-1.508431e-09
1094.8760125637054,-1.508372e-09
1094.969638824463,-1.508839e-09
1095.0635051727295,-1.509351e-09
1095.1563997268677,-1.50908e-09
1095.2496619224548,-1.508713e-09
1095.3430860042572,-1.508549e-09
1095.436759710312,-1.50857e-09
1095.5299208164215,-1.509259e-09
1095.6236128807068,-1.509409e-09
1095.7170338630676,-1.509194e-09
1095.817875623703,-1.50956e-09
1095.910602092743,-1.509705e-09
1096.003981590271,-1.509396e-09
1096.0974469184875,-1.508996e-09
1096.1903581619263,-1.508863e-09
1096.2844574451447,-1.509202e-09
1096.378675699234,-1.509654e-09
1096.4723625183105,-1.510095e-09
1096.566067457199,-1.510161e-09
1096.6603298187256,-1.509833e-09
1096.7550508975983,-1.509791e-09
1096.849190235138,-1.509259e-09
1096.9445178508759,-1.509448e-09
1097.0380268096924,-1.510117e-09
1097.1311542987823,-1.511282e-09
1097.2464730739594,-1.509181e-09
1097.3397345542908,-1.508591e-09
1097.4330670833588,-1.508951e-09
1097.5265529155731,-1.509063e-09
1097.6199426651,-1.509427e-09
1097.7135055065155,-1.509569e-09
1097.806875705719,-1.510138e-09
1097.9004311561584,-1.510689e-09
1097.9941744804382,-1.511071e-09
1098.0886027812958,-1.510204e-09
1098.1821722984314,-1.509539e-09
1098.2766201496124,-1.509626e-09
1098.3703093528748,-1.509387e-09
1098.4641590118408,-1.509041e-09
1098.5580205917358,-1.510302e-09
1098.6529550552368,-1.510633e-09
1098.7463138103485,-1.510866e-09
1098.8399686813354,-1.51066e-09
1098.9339065551758,-1.510827e-09
1099.0277066230774,-1.511292e-09
1099.1211853027344,-1.512321e-09
1099.2150928974152,-1.513627e-09
1099.3098180294037,-1.514108e-09
1099.4039821624756,-1.513045e-09
1099.4981758594513,-1.512715e-09
1099.5922555923462,-1.513915e-09
1099.6934897899628,-1.515834e-09
1099.7866735458374,-1.515968e-09
1099.880788564682,-1.515776e-09
1099.9751496315002,-1.515603e-09
1100.069725036621,-1.51582e-09
1100.1650683879852,-1.515938e-09
1100.2591607570648,-1.515332e-09
1100.354427099228,-1.516141e-09
1100.4483997821808,-1.516669e-09
1100.5440032482147,-1.516823e-09
1100.638629436493,-1.517181e-09
1100.7327964305878,-1.517164e-09
1100.827018737793,-1.517571e-09
1100.9213602542877,-1.516423e-09
1101.0154914855957,-1.515493e-09
1101.1095514297485,-1.513212e-09
1101.2033016681671,-1.513254e-09
1101.2975497245789,-1.51467e-09
1101.3916492462158,-1.514993e-09
1101.4852211475372,-1.514411e-09
1101.5785202980042,-1.513381e-09
1101.6729078292847,-1.512661e-09
1101.766747713089,-1.513263e-09
1101.8611311912537,-1.515179e-09
1101.9553010463715,-1.513234e-09
1102.0490777492523,-1.513044e-09
1102.1429300308228,-1.512446e-09
1102.2368214130402,-1.512235e-09
1102.33079123497,-1.511458e-09
1102.425101518631,-1.511883e-09
1102.5187709331512,-1.511669e-09
1102.6121895313263,-1.511212e-09
1102.7055032253265,-1.511132e-09
1102.8012385368347,-1.511202e-09
1102.8957674503326,-1.509711e-09
1102.9895057678223,-1.508885e-09
1103.0836808681488,-1.507786e-09
1103.178100347519,-1.507858e-09
1103.2724339962006,-1.507468e-09
1103.3672406673431,-1.507432e-09
1103.4607436656952,-1.505565e-09
1103.556044101715,-1.505242e-09
1103.6502203941345,-1.505005e-09
1103.7450604438782,-1.505527e-09
1103.8390698432922,-1.503708e-09
1103.9337735176086,-1.502631e-09
1104.0270736217499,-1.503773e-09
1104.1223347187042,-1.504913e-09
1104.2163767814636,-1.505698e-09
1104.310481786728,-1.505987e-09
1104.407119512558,-1.50678e-09
1104.5018737316132,-1.505193e-09
1104.5955560207367,-1.502221e-09
1104.6897587776184,-1.493149e-09
1104.7840502262115,-1.491686e-09
1104.8785741329193,-1.494126e-09
1104.9720079898834,-1.496798e-09
1105.0664880275726,-1.499164e-09
1105.1601049900055,-1.502664e-09
1105.254348039627,-1.505085e-09
1105.3488829135895,-1.508027e-09
1105.4430027008057,-1.509152e-09
1105.5376651287079,-1.507953e-09
1105.6313059329987,-1.508921e-09
1105.7262885570526,-1.51086e-09
1105.8206453323364,-1.515818e-09
1105.9151411056519,-1.51685e-09
1106.0090336799622,-1.514238e-09
1106.103446483612,-1.513917e-09
1106.1975417137146,-1.51366e-09
1106.2911410331726,-1.513344e-09
1106.3851826190948,-1.513179e-09
1106.4782605171204,-1.513642e-09
1106.571831703186,-1.513272e-09
1106.6652264595032,-1.512685e-09
1106.7586078643799,-1.512353e-09
1106.8554737567902,-1.512452e-09
1106.9538621902466,-1.512976e-09
1107.0467925071716,-1.512579e-09
1107.1403810977936,-1.513064e-09
1107.2339770793915,-1.513843e-09
1107.327776670456,-1.515298e-09
1107.4221556186676,-1.516852e-09
1107.5157451629639,-1.517096e-09
1107.6103250980377,-1.516161e-09
1107.7040462493896,-1.515151e-09
1107.7980408668518,-1.513396e-09
1107.89164853096,-1.513397e-09
1107.98557138443,-1.514072e-09
1108.0793943405151,-1.51482e-09
1108.1730976104736,-1.515047e-09
1108.2669031620026,-1.515044e-09
1108.3599903583527,-1.516519e-09
1108.4544777870178,-1.518672e-09
1108.5489854812622,-1.518923e-09
1108.6428644657135,-1.518867e-09
1108.7371504306793,-1.519005e-09
1108.8304996490479,-1.519014e-09
1108.924335718155,-1.518541e-09
1109.0184614658356,-1.518027e-09
1109.113550901413,-1.517913e-09
1109.2074782848358,-1.517708e-09
1109.3028283119202,-1.517759e-09
1109.3970646858215,-1.517683e-09
1109.4913861751556,-1.517835e-09
1109.5856726169586,-1.518009e-09
1109.6796419620514,-1.517906e-09
1109.7742183208466,-1.51765e-09
1109.8674719333649,-1.517347e-09
1109.9612262248993,-1.517116e-09
1110.0550122261047,-1.517214e-09
1110.1492257118225,-1.517618e-09
1110.2428267002106,-1.517919e-09
1110.3404502868652,-1.517832e-09
1110.434496164322,-1.51809e-09
1110.528645992279,-1.518044e-09
1110.624188899994,-1.518029e-09
1110.7177729606628,-1.517681e-09
1110.811405658722,-1.517402e-09
1110.905368566513,-1.517145e-09
1111.0000474452972,-1.516817e-09
1111.0945751667023,-1.516345e-09
1111.1877844333649,-1.516348e-09
1111.2815821170807,-1.516358e-09
1111.3755340576172,-1.516614e-09
1111.4696533679962,-1.517713e-09
1111.5638644695282,-1.517596e-09
1111.6578052043915,-1.516071e-09
1111.7517895698547,-1.515742e-09
1111.8463735580444,-1.516509e-09
1111.939628124237,-1.517208e-09
1112.0332698822021,-1.515666e-09
1112.1273064613342,-1.515116e-09
1112.2216770648956,-1.51524e-09
1112.3154706954956,-1.515267e-09
1112.409351825714,-1.515662e-09
1112.5030326843262,-1.51609e-09
1112.5968596935272,-1.51699e-09
1112.6908373832703,-1.519476e-09
1112.7839782238007,-1.520363e-09
1112.8781595230103,-1.519838e-09
1112.971798658371,-1.517845e-09
1113.0666255950928,-1.516422e-09
1113.1610283851624,-1.516193e-09
1113.2549414634705,-1.513987e-09
1113.3489451408386,-1.514695e-09
1113.442057132721,-1.513462e-09
1113.5363638401031,-1.513457e-09
1113.629985332489,-1.512437e-09
1113.723895072937,-1.512317e-09
1113.8173921108246,-1.513614e-09
1113.9114804267883,-1.513954e-09
1114.0062470436096,-1.514028e-09
1114.1002521514893,-1.513403e-09
1114.1944267749786,-1.511159e-09
1114.28928399086,-1.510177e-09
1114.3830242156982,-1.510047e-09
1114.4776449203491,-1.510594e-09
1114.5711138248444,-1.510705e-09
1114.665411233902,-1.511427e-09
1114.7594480514526,-1.511385e-09
1114.8543236255646,-1.510932e-09
1114.948076725006,-1.511421e-09
1115.0426752567291,-1.512064e-09
1115.1362836360931,-1.51265e-09
1115.230281829834,-1.51093e-09
1115.3235492706299,-1.511129e-09
1115.4184699058533,-1.511805e-09
1115.5120511054993,-1.512796e-09
1115.6064193248749,-1.512932e-09
1115.700988292694,-1.51288e-09
1115.7946727275848,-1.512933e-09
1115.8884980678558,-1.512987e-09
1115.982157945633,-1.513422e-09
1116.0764074325562,-1.513922e-09
1116.170235157013,-1.514205e-09
1116.2640674114227,-1.514224e-09
1116.368330001831,-1.513762e-09
1116.4615471363068,-1.514053e-09
1116.5552487373352,-1.514662e-09
1116.6486690044403,-1.514755e-09
1116.7424285411835,-1.520534e-09
1116.8361847400665,-1.527867e-09
1116.9304733276367,-1.523905e-09
1117.0244386196136,-1.522532e-09
1117.1181461811066,-1.522481e-09
1117.2119765281677,-1.522813e-09
1117.3055341243744,-1.522712e-09
1117.3996443748474,-1.522435e-09
1117.4935326576233,-1.522255e-09
1117.5877315998077,-1.522225e-09
1117.6811516284943,-1.522262e-09
1117.775586605072,-1.522676e-09
1117.8699402809143,-1.523128e-09
1117.9636626243591,-1.523086e-09
1118.0585806369781,-1.523087e-09
1118.1523241996765,-1.52282e-09
1118.2464880943298,-1.522634e-09
1118.3400251865387,-1.522536e-09
1118.4337813854218,-1.522901e-09
1118.5271880626678,-1.523463e-09
1118.6207506656647,-1.523195e-09
1118.7147681713104,-1.522923e-09
1118.8085536956787,-1.522636e-09
1118.9019577503204,-1.522687e-09
1118.9954297542572,-1.523375e-09
1119.0897405147552,-1.523586e-09
1119.1866466999054,-1.523636e-09
1119.280152797699,-1.523542e-09
1119.374430179596,-1.523317e-09
1119.4677612781525,-1.523024e-09
1119.5630679130554,-1.52301e-09
1119.657675743103,-1.522962e-09
1119.7511644363403,-1.522868e-09
1119.8453590869904,-1.523165e-09
1119.9395849704742,-1.523579e-09
1120.0336878299713,-1.523985e-09
1120.127302646637,-1.525074e-09
1120.222588300705,-1.525164e-09
1120.3162546157837,-1.524588e-09
1120.4098014831543,-1.524203e-09
1120.50377368927,-1.524169e-09
1120.5981185436249,-1.524844e-09
1120.6915965080261,-1.527133e-09
1120.790028810501,-1.527116e-09
1120.8835563659668,-1.526842e-09
1120.9776406288147,-1.526601e-09
1121.0725977420807,-1.526713e-09
1121.1675536632538,-1.527349e-09
1121.2615847587585,-1.527343e-09
1121.3574233055115,-1.527604e-09
1121.4519078731537,-1.527436e-09
1121.5456626415253,-1.527014e-09
1121.6395304203033,-1.526101e-09
1121.7332701683044,-1.526003e-09
1121.8279678821564,-1.526269e-09
1121.921364068985,-1.526688e-09
1122.0149142742157,-1.526496e-09
1122.1163952350616,-1.526891e-09
1122.2108917236328,-1.525902e-09
1122.3065612316132,-1.525626e-09
1122.4002940654755,-1.525254e-09
1122.4939234256744,-1.524936e-09
1122.5874781608582,-1.524721e-09
1122.6815066337585,-1.524898e-09
1122.7757050991058,-1.525386e-09
1122.8695359230042,-1.525515e-09
1122.963366985321,-1.525313e-09
1123.0573663711548,-1.524999e-09
1123.1512832641602,-1.524817e-09
1123.2450947761536,-1.524757e-09
1123.3391399383545,-1.52514e-09
1123.432787179947,-1.525827e-09
1123.5264546871185,-1.52585e-09
1123.6199905872345,-1.525584e-09
1123.7142596244812,-1.525362e-09
1123.807876110077,-1.525197e-09
1123.9021353721619,-1.525172e-09
1123.9955987930298,-1.5256e-09
1124.0900962352753,-1.525787e-09
1124.1843733787537,-1.526101e-09
1124.278909444809,-1.526082e-09
1124.3728806972504,-1.525856e-09
1124.4670732021332,-1.525569e-09
1124.5612959861755,-1.525476e-09
1124.6699254512787,-1.525469e-09
1124.7635769844055,-1.525595e-09
1124.8583171367645,-1.525884e-09
1124.9518251419067,-1.526385e-09
1125.0490741729736,-1.526286e-09
1125.1434741020203,-1.526411e-09
1125.237498998642,-1.526194e-09
1125.33105802536,-1.525859e-09
1125.4244174957275,-1.525656e-09
1125.5185582637787,-1.525667e-09
1125.612300157547,-1.526168e-09
1125.7063562870026,-1.526593e-09
1125.8000659942627,-1.526486e-09
1125.8941223621368,-1.526278e-09
1125.9884071350098,-1.526045e-09
1126.0822021961212,-1.525862e-09
1126.175845861435,-1.525867e-09
1126.269778251648,-1.526269e-09
1126.3638401031494,-1.526727e-09
1126.4575276374817,-1.526646e-09
1126.5514957904816,-1.526354e-09
1126.6456725597382,-1.526178e-09
1126.7400057315826,-1.526044e-09
1126.8339211940765,-1.525971e-09
1126.927942276001,-1.526195e-09
1127.0213055610657,-1.526824e-09
1127.1151745319366,-1.526824e-09
1127.2088057994843,-1.526477e-09
1127.3034498691559,-1.526374e-09
1127.3974392414093,-1.526208e-09
1127.4912848472595,-1.526059e-09
1127.5854971408844,-1.526263e-09
1127.6790900230408,-1.52694e-09
1127.772700548172,-1.526936e-09
1127.8667221069336,-1.526768e-09
1127.9605753421783,-1.526428e-09
1128.0546107292175,-1.526301e-09
1128.1483557224274,-1.526279e-09
1128.242265701294,-1.526606e-09
1128.3362934589386,-1.527146e-09
1128.4299638271332,-1.527087e-09
1128.5240907669067,-1.52681e-09
1128.6182091236115,-1.52655e-09
1128.7125630378723,-1.526445e-09
1128.8060569763184,-1.526409e-09
1128.899463891983,-1.527007e-09
1128.99325633049,-1.52728e-09
1129.0865902900696,-1.527015e-09
1129.1812734603882,-1.526819e-09
1129.27543759346,-1.526621e-09
1129.3690996170044,-1.526489e-09
1129.4731006622314,-1.527407e-09
1129.5665957927704,-1.527154e-09
1129.6604549884796,-1.526747e-09
1129.7554860115051,-1.526783e-09
1129.8492901325226,-1.526611e-09
1129.9434397220612,-1.52669e-09
1130.0370545387268,-1.52732e-09
1130.1306297779083,-1.52747e-09
1130.2238855361938,-1.526999e-09
1130.3178453445435,-1.526785e-09
1130.4120121002197,-1.526722e-09
1130.5061469078064,-1.526731e-09
1130.5998678207397,-1.52723e-09
1130.6940689086914,-1.527634e-09
1130.787804365158,-1.527451e-09
1130.8817381858826,-1.527158e-09
1130.9757351875305,-1.526966e-09
1131.0693817138672,-1.526853e-09
1131.1636068820953,-1.526954e-09
1131.2580699920654,-1.527204e-09
1131.351595401764,-1.527778e-09
1131.4460184574127,-1.52766e-09
1131.5398960113525,-1.527397e-09
1131.633782863617,-1.527073e-09
1131.727322101593,-1.52696e-09
1131.8219225406647,-1.526928e-09
1131.9152586460114,-1.527422e-09
1132.009355545044,-1.527799e-09
1132.1030533313751,-1.527662e-09
1132.1970827579498,-1.52739e-09
1132.290982723236,-1.527086e-09
1132.3847897052765,-1.527014e-09
1132.4787034988403,-1.527007e-09
1132.5728368759155,-1.527311e-09
1132.6666741371155,-1.527875e-09
1132.7606723308563,-1.527858e-09
1132.854801416397,-1.527666e-09
1132.949211359024,-1.527456e-09
1133.0426678657532,-1.527197e-09
1133.1421751976013,-1.527632e-09
1133.2357635498047,-1.527332e-09
1133.3326630592346,-1.527468e-09
1133.4274399280548,-1.527278e-09
1133.5224392414093,-1.527187e-09
1133.615990638733,-1.527261e-09
1133.7096707820892,-1.52767e-09
1133.8036880493164,-1.528493e-09
1133.8973317146301,-1.528965e-09
1133.9913365840912,-1.529415e-09
1134.0854263305664,-1.528676e-09
1134.1788182258606,-1.528664e-09
1134.2729225158691,-1.528727e-09
1134.3669559955597,-1.529031e-09
1134.4607281684875,-1.529648e-09
1134.5548491477966,-1.52997e-09
1134.6483767032623,-1.52985e-09
1134.7428255081177,-1.529755e-09
1134.8364129066467,-1.529635e-09
1134.9298996925354,-1.52958e-09
1135.0238008499146,-1.52993e-09
1135.1176619529724,-1.5303e-09
1135.2116634845734,-1.530137e-09
1135.305626630783,-1.528963e-09
1135.3998882770538,-1.52786e-09
1135.494446516037,-1.527333e-09
1135.5880281925201,-1.527031e-09
1135.6822760105133,-1.526908e-09
1135.7832610607147,-1.527185e-09
1135.8778860569,-1.52694e-09
1135.97127866745,-1.526453e-09
1136.0655241012573,-1.526179e-09
1136.1598892211914,-1.526014e-09
1136.2544839382172,-1.525319e-09
1136.3482558727264,-1.524549e-09
1136.4425137043,-1.52495e-09
1136.537333726883,-1.52546e-09
1136.6308126449585,-1.525522e-09
1136.7251541614532,-1.52552e-09
1136.8191306591034,-1.525723e-09
1136.914805173874,-1.525857e-09
1137.0113162994385,-1.525198e-09
1137.1052508354187,-1.525513e-09
1137.1995475292206,-1.526287e-09
1137.294578552246,-1.526829e-09
1137.3886451721191,-1.526511e-09
1137.483055114746,-1.526524e-09
1137.576759338379,-1.526391e-09
1137.6703045368195,-1.526399e-09
1137.7638301849365,-1.526252e-09
1137.8577408790588,-1.526569e-09
1137.9512796401978,-1.527185e-09
1138.0449347496033,-1.527095e-09
1138.1389167308807,-1.526789e-09
1138.2335381507874,-1.526654e-09
1138.3273015022278,-1.526579e-09
1138.421721458435,-1.526676e-09
1138.5149025917053,-1.52729e-09
1138.609004497528,-1.527596e-09
1138.7026267051697,-1.527558e-09
1138.7969336509705,-1.527408e-09
1138.890766620636,-1.527168e-09
1138.9847030639648,-1.527073e-09
1139.0781044960022,-1.526966e-09
1139.1720840930939,-1.527307e-09
1139.2660512924194,-1.527771e-09
1139.359684228897,-1.527858e-09
1139.4538297653198,-1.527626e-09
1139.5470097064972,-1.527285e-09
1139.6412389278412,-1.527214e-09
1139.7350397109985,-1.527114e-09
1139.8291866779327,-1.527278e-09
1139.923327445984,-1.527882e-09
1140.017813205719,-1.528016e-09
1140.1114146709442,-1.527847e-09
1140.2053258419037,-1.52757e-09
1140.2994928359985,-1.527308e-09
1140.3930168151855,-1.52719e-09
1140.4867157936096,-1.527399e-09
1140.5804646015167,-1.527891e-09
1140.674446105957,-1.528045e-09
1140.768939256668,-1.52791e-09
1140.8627824783325,-1.527527e-09
1140.9563376903534,-1.527332e-09
1141.0612616539001,-1.527577e-09
1141.1550152301788,-1.52813e-09
1141.2499549388885,-1.528149e-09
1141.3437285423279,-1.527947e-09
1141.4374105930328,-1.527584e-09
1141.5313136577606,-1.527424e-09
1141.6254925727844,-1.527329e-09
1141.718766450882,-1.527651e-09
1141.8125689029694,-1.528229e-09
1141.9054095745087,-1.52806e-09
1141.9991929531097,-1.527773e-09
1142.0927336215973,-1.527541e-09
1142.1866919994354,-1.527432e-09
1142.279735326767,-1.527906e-09
1142.3741388320923,-1.528342e-09
1142.4679915904999,-1.528268e-09
1142.5613460540771,-1.527896e-09
1142.6546070575714,-1.527651e-09
1142.7486791610718,-1.527517e-09
1142.8423764705658,-1.527815e-09
1142.9366970062256,-1.528117e-09
1143.0302228927612,-1.528482e-09
1143.1248834133148,-1.528378e-09
1143.219203710556,-1.528142e-09
1143.313327074051,-1.527935e-09
1143.406655073166,-1.52769e-09
1143.4999957084656,-1.527822e-09
1143.5934562683105,-1.528421e-09
1143.6870806217194,-1.528521e-09
1143.7815399169922,-1.528359e-09
1143.8769459724426,-1.528362e-09
1143.9707534313202,-1.527956e-09
1144.064816236496,-1.527847e-09
1144.1581785678864,-1.527819e-09
1144.2531006336212,-1.527959e-09
1144.3474481105804,-1.528445e-09
1144.4423542022705,-1.528556e-09
1144.5362145900726,-1.528691e-09
1144.6303696632385,-1.5285e-09
1144.7251315116882,-1.528355e-09
1144.8187448978424,-1.528079e-09
1144.9132719039917,-1.527964e-09
1145.006490945816,-1.528111e-09
1145.1008791923523,-1.528383e-09
1145.1947131156921,-1.528848e-09
1145.2890615463257,-1.528861e-09
1145.382865190506,-1.528548e-09
1145.4769093990326,-1.52829e-09
1145.570657491684,-1.528209e-09
1145.664274930954,-1.528096e-09
1145.7575266361237,-1.528597e-09
1145.8517053127289,-1.52898e-09
1145.9452140331268,-1.528907e-09
1146.0411458015442,-1.528911e-09
1146.134970664978,-1.528696e-09
1146.2341158390045,-1.529044e-09
1146.327706336975,-1.528893e-09
1146.4217331409454,-1.52867e-09
1146.521092414856,-1.529099e-09
1146.6149594783783,-1.528952e-09
1146.7086420059204,-1.528606e-09
1146.8026494979858,-1.528421e-09
1146.896734237671,-1.528293e-09
1146.9914622306824,-1.528332e-09
1147.0851430892944,-1.528732e-09
1147.1792216300964,-1.529217e-09
1147.272965669632,-1.529145e-09
1147.367821931839,-1.529007e-09
1147.4614231586456,-1.528627e-09
1147.555428981781,-1.528507e-09
1147.6489748954773,-1.528464e-09
1147.7424063682556,-1.529017e-09
1147.8358187675476,-1.529373e-09
1147.9296352863312,-1.529049e-09
1148.0240864753723,-1.52884e-09
1148.118418455124,-1.528685e-09
1148.2122790813446,-1.528563e-09
1148.3060204982758,-1.528674e-09
1148.3999426364899,-1.529286e-09
1148.494029045105,-1.529509e-09
1148.5873520374298,-1.529275e-09
1148.681280374527,-1.528944e-09
1148.7753019332886,-1.528792e-09
1148.8693017959595,-1.528683e-09
1148.963701248169,-1.52869e-09
1149.0575783252716,-1.529331e-09
1149.1513533592224,-1.532292e-09
1149.245462179184,-1.530967e-09
1149.3393800258636,-1.530439e-09
1149.4337446689606,-1.530064e-09
1149.527024269104,-1.529785e-09
1149.6203231811523,-1.530014e-09
1149.714759349823,-1.530346e-09
1149.8086717128754,-1.530695e-09
1149.9030532836914,-1.530639e-09
1149.9978079795837,-1.530502e-09
1150.0913126468658,-1.530206e-09
1150.1848998069763,-1.529995e-09
1150.2786622047424,-1.529967e-09
1150.3727691173553,-1.530219e-09
1150.4664244651794,-1.530828e-09
1150.5608685016632,-1.530827e-09
1150.6545159816742,-1.53058e-09
1150.7486431598663,-1.530377e-09
1150.8422515392303,-1.530184e-09
1150.9365553855896,-1.53011e-09
1151.030767440796,-1.530263e-09
1151.1243710517883,-1.530835e-09
1151.2178990840912,-1.531008e-09
1151.311569929123,-1.530711e-09
1151.4056732654572,-1.530512e-09
1151.4993333816528,-1.530263e-09
1151.593520641327,-1.530212e-09
1151.6875894069672,-1.530361e-09
1151.7814383506775,-1.530859e-09
1151.87517952919,-1.531105e-09
1151.969351053238,-1.531011e-09
1152.06361079216,-1.530706e-09
1152.1575920581818,-1.530475e-09
1152.2512447834015,-1.530358e-09
1152.34494972229,-1.53025e-09
1152.4402005672455,-1.530347e-09
1152.5334463119507,-1.531097e-09
1152.6270377635956,-1.53116e-09
1152.7207112312317,-1.530878e-09
1152.8138661384583,-1.530536e-09
1152.90829539299,-1.53044e-09
1153.0019779205322,-1.530393e-09
1153.096527338028,-1.530522e-09
1153.190197467804,-1.53109e-09
1153.2915482521057,-1.530555e-09
1153.3850717544556,-1.530439e-09
1153.4790732860565,-1.530543e-09
1153.5734567642212,-1.53093e-09
1153.6674065589905,-1.531301e-09
1153.7615866661072,-1.531446e-09
1153.8552684783936,-1.531238e-09
1153.9498219490051,-1.531059e-09
1154.0440242290497,-1.530828e-09
1154.1381680965424,-1.53072e-09
1154.232025384903,-1.530583e-09
1154.3264608383179,-1.53065e-09
1154.4203217029572,-1.531123e-09
1154.5146713256836,-1.53151e-09
1154.6094090938568,-1.531565e-09
1154.7028663158417,-1.531349e-09
1154.7968621253967,-1.531107e-09
1154.8909749984741,-1.53088e-09
1154.9854638576508,-1.530811e-09
1155.0788371562958,-1.530857e-09
1155.1727056503296,-1.531438e-09
1155.2658381462097,-1.531643e-09
1155.359927892685,-1.531417e-09
1155.4537146091461,-1.531113e-09
1155.5478084087372,-1.530917e-09
1155.6414158344269,-1.530873e-09
1155.7361438274384,-1.5311e-09
1155.8298456668854,-1.531648e-09
1155.9238820075989,-1.531763e-09
1156.0180623531342,-1.531525e-09
1156.1119616031647,-1.531241e-09
1156.2059905529022,-1.531085e-09
1156.3001430034637,-1.531019e-09
1156.3935673236847,-1.531449e-09
1156.4874105453491,-1.53189e-09
1156.58136677742,-1.531814e-09
1156.6756191253662,-1.531602e-09
1156.7689759731293,-1.531333e-09
1156.8650970458984,-1.531361e-09
1156.9592785835266,-1.53122e-09
1157.0536913871765,-1.531189e-09
1157.1477551460266,-1.531286e-09
1157.2418274879456,-1.531663e-09
1157.3358981609344,-1.532064e-09
1157.4297759532928,-1.532001e-09
1157.5235056877136,-1.531783e-09
1157.619600534439,-1.531839e-09
1157.7143471240997,-1.531706e-09
1157.8103404045105,-1.531794e-09
1157.903746843338,-1.531528e-09
1157.998681306839,-1.531457e-09
1158.0932171344757,-1.531414e-09
1158.1874151229858,-1.531417e-09
1158.283643245697,-1.531419e-09
1158.3769183158875,-1.532025e-09
1158.4716839790344,-1.532271e-09
1158.5660905838013,-1.532324e-09
1158.6601719856262,-1.532098e-09
1158.7547347545624,-1.531942e-09
1158.8482496738434,-1.53166e-09
1158.9508130550385,-1.532454e-09
1159.0443272590637,-1.532249e-09
1159.137644290924,-1.531856e-09
1159.2313587665558,-1.531695e-09
1159.3247380256653,-1.531637e-09
1159.4180278778076,-1.532276e-09
1159.5120730400085,-1.532574e-09
1159.6057403087616,-1.532306e-09
1159.701253414154,-1.532195e-09
1159.7946555614471,-1.53188e-09
1159.8891983032227,-1.531821e-09
1159.983318567276,-1.531724e-09
1160.0777101516724,-1.531874e-09
1160.1730225086212,-1.532127e-09
1160.2661967277527,-1.532718e-09
1160.3596756458282,-1.532521e-09
1160.4692227840424,-1.532628e-09
1160.56249666214,-1.532151e-09
1160.655968427658,-1.531949e-09
1160.750108242035,-1.531895e-09
1160.845416545868,-1.531856e-09
1160.93883228302,-1.532233e-09
1161.0331025123596,-1.532617e-09
1161.1266894340515,-1.532612e-09
1161.2217011451721,-1.532549e-09
1161.315681695938,-1.532197e-09
1161.4100613594055,-1.532027e-09
1161.5038602352142,-1.5319e-09
1161.5981860160828,-1.532053e-09
1161.6939704418182,-1.532061e-09
1161.7884232997894,-1.532499e-09
1161.8825294971466,-1.532831e-09
1161.975922346115,-1.532587e-09
1162.070639848709,-1.532512e-09
1162.1641495227814,-1.532083e-09
1162.2590243816376,-1.532007e-09
1162.3536508083344,-1.531967e-09
1162.4475634098053,-1.53193e-09
1162.5426449775696,-1.531964e-09
1162.6358852386475,-1.532398e-09
1162.7311255931854,-1.532556e-09
1162.8250272274017,-1.532951e-09
1162.9187550544739,-1.532837e-09
1163.0122802257538,-1.532543e-09
1163.106342792511,-1.532332e-09
1163.1995561122894,-1.532231e-09
1163.2934882640839,-1.532415e-09
1163.3870134353638,-1.533057e-09
1163.4820671081543,-1.533166e-09
1163.5752456188202,-1.532984e-09
1163.669422864914,-1.532721e-09
1163.7633781433105,-1.532458e-09
1163.8581297397614,-1.532459e-09
1163.9535405635834,-1.532443e-09
1164.0467147827148,-1.532534e-09
1164.1403257846832,-1.533168e-09
1164.2347569465637,-1.53335e-09
1164.3290133476257,-1.533328e-09
1164.4247801303864,-1.533369e-09
1164.5187435150146,-1.533223e-09
1164.613252878189,-1.53305e-09
1164.7076349258423,-1.532784e-09
1164.8027300834656,-1.532788e-09
1164.8966979980469,-1.532678e-09
1164.991003036499,-1.532585e-09
1165.084421634674,-1.533124e-09
1165.1785290241241,-1.53347e-09
1165.2722902297974,-1.533519e-09
1165.3660492897034,-1.53328e-09
1165.4596316814423,-1.532963e-09
1165.5542385578156,-1.532883e-09
1165.6475048065186,-1.532775e-09
1165.7417314052582,-1.532943e-09
1165.8353872299194,-1.533542e-09
1165.9301617145538,-1.533696e-09
1166.0233938694,-1.533573e-09
1166.1171598434448,-1.533234e-09
1166.210866689682,-1.533082e-09
1166.3051407337189,-1.532996e-09
1166.399412870407,-1.532995e-09
1166.4934678077698,-1.533435e-09
1166.5872576236725,-1.533907e-09
1166.6810801029205,-1.533809e-09
1166.7751595973969,-1.533568e-09
1166.8702657222748,-1.53345e-09
1166.9635591506958,-1.533233e-09
1167.0589909553528,-1.533194e-09
1167.1530196666718,-1.533106e-09
1167.2475364208221,-1.533278e-09
1167.3412222862244,-1.533893e-09
1167.4347245693207,-1.534072e-09
1167.5292358398438,-1.533876e-09
1167.626116991043,-1.533976e-09
1167.7206466197968,-1.533806e-09
1167.8147985935211,-1.533573e-09
1167.9083924293518,-1.533357e-09
1168.0035395622253,-1.533316e-09
1168.0992329120636,-1.533318e-09
1168.193140745163,-1.533567e-09
1168.287150144577,-1.5341e-09
1168.3810675144196,-1.534207e-09
1168.4791357517242,-1.534052e-09
1168.5739691257477,-1.534281e-09
1168.668330192566,-1.534183e-09
1168.763070344925,-1.534061e-09
1168.8566265106201,-1.533756e-09
1168.9503736495972,-1.536517e-09
1169.0507555007935,-1.535675e-09
1169.144240617752,-1.534908e-09
1169.23956823349,-1.534753e-09
1169.3326888084412,-1.534539e-09
1169.4272973537445,-1.534462e-09
1169.5206396579742,-1.534663e-09
1169.614872455597,-1.53515e-09
1169.708515405655,-1.535419e-09
1169.802444934845,-1.53519e-09
1169.8990092277527,-1.535362e-09
1169.9932992458344,-1.535122e-09
1170.08758020401,-1.534909e-09
1170.1808421611786,-1.534719e-09
1170.2758285999298,-1.534685e-09
1170.3694412708282,-1.534747e-09
1170.4636797904968,-1.535092e-09
1170.5590677261353,-1.535327e-09
1170.653725862503,-1.535518e-09
1170.748236656189,-1.535685e-09
1170.8419482707977,-1.535536e-09
1170.9365298748016,-1.535376e-09
1171.0302057266235,-1.535076e-09
1171.1246404647827,-1.534957e-09
1171.2181360721588,-1.534887e-09
1171.3119995594025,-1.535182e-09
1171.4053688049316,-1.535755e-09
1171.4990005493164,-1.535631e-09
1171.5927097797394,-1.535287e-09
1171.6858649253845,-1.535037e-09
1171.782723903656,-1.535133e-09
1171.877941608429,-1.535116e-09
1171.9718234539032,-1.535007e-09
1172.066185951233,-1.535077e-09
1172.161077260971,-1.535405e-09
1172.2544453144073,-1.535925e-09
1172.3489546775818,-1.535736e-09
1172.4421727657318,-1.535289e-09
1172.536469221115,-1.535226e-09
1172.630093574524,-1.535066e-09
1172.72492313385,-1.535118e-09
1172.8202266693115,-1.535201e-09
1172.9143209457397,-1.535611e-09
1173.008835554123,-1.535984e-09
1173.1024203300476,-1.535969e-09
1173.196557044983,-1.535749e-09
1173.2905271053314,-1.535412e-09
1173.385906457901,-1.535437e-09
1173.4789679050446,-1.535287e-09
1173.5732493400574,-1.535285e-09
1173.6681158542633,-1.535481e-09
1173.7619416713715,-1.53602e-09
1173.855678319931,-1.536135e-09
1173.9499666690826,-1.535959e-09
1174.0436432361603,-1.535659e-09
1174.1374237537384,-1.535404e-09
1174.2313051223755,-1.535216e-09
1174.3262560367584,-1.535289e-09
1174.4201231002808,-1.535484e-09
1174.514377117157,-1.535878e-09
1174.6091809272766,-1.536663e-09
1174.702996969223,-1.536329e-09
1174.7973449230194,-1.535868e-09
1174.8905470371246,-1.535534e-09
1174.9849300384521,-1.535463e-09
1175.0782024860382,-1.535391e-09
1175.1736857891083,-1.535433e-09
1175.2685186862946,-1.535747e-09
1175.3625085353851,-1.536178e-09
1175.4567494392395,-1.536505e-09
1175.5503091812134,-1.53655e-09
1175.6442413330078,-1.536304e-09
1175.7379894256592,-1.535988e-09
1175.8319623470306,-1.535895e-09
1175.9260642528534,-1.535831e-09
1176.019829750061,-1.535905e-09
1176.1137113571167,-1.536376e-09
1176.2070965766907,-1.536794e-09
1176.3021221160889,-1.536774e-09
1176.395961523056,-1.536521e-09
1176.4898281097412,-1.536353e-09
1176.584625005722,-1.536186e-09
1176.67830991745,-1.536051e-09
1176.7722699642181,-1.536066e-09
1176.865660905838,-1.536712e-09
1176.9604256153107,-1.536866e-09
1177.0540797710419,-1.536912e-09
1177.148041009903,-1.536769e-09
1177.242201089859,-1.536448e-09
1177.3363835811615,-1.536251e-09
1177.4302217960358,-1.536191e-09
1177.5239124298096,-1.536109e-09
1177.6171174049377,-1.536707e-09
1177.7112431526184,-1.537047e-09
1177.8052201271057,-1.537055e-09
1177.8992071151733,-1.536805e-09
1177.9930350780487,-1.536573e-09
1178.0876162052155,-1.536372e-09
1178.1809825897217,-1.536283e-09
1178.2751216888428,-1.53635e-09
1178.3688249588013,-1.536875e-09
1178.4638335704803,-1.537116e-09
1178.5601074695587,-1.537071e-09
1178.6532928943634,-1.537157e-09
1178.7472615242004,-1.536894e-09
1178.8414006233215,-1.536688e-09
1178.9382810592651,-1.536894e-09
1179.0328867435455,-1.536708e-09
1179.1269800662994,-1.536529e-09
1179.221125125885,-1.536444e-09
1179.3148488998413,-1.536666e-09
1179.4092919826508,-1.536932e-09
1179.5033361911774,-1.537386e-09
1179.596762895584,-1.537275e-09
1179.6908662319183,-1.536957e-09
1179.7845408916473,-1.536771e-09
1179.8782291412354,-1.536607e-09
1179.9723353385925,-1.536561e-09
1180.0660963058472,-1.537116e-09
1180.159560918808,-1.53771e-09
1180.2530999183655,-1.537453e-09
1180.347014427185,-1.537243e-09
1180.4417202472687,-1.536994e-09
1180.5356826782227,-1.536881e-09
1180.629510641098,-1.536858e-09
1180.723902463913,-1.537041e-09
1180.8176596164703,-1.537594e-09
1180.9119656085968,-1.537749e-09
1181.0054557323456,-1.537525e-09
1181.099815607071,-1.537218e-09
1181.1938378810883,-1.537078e-09
1181.2882897853851,-1.536975e-09
1181.3814792633057,-1.536987e-09
1181.4763417243958,-1.537277e-09
1181.570378780365,-1.537801e-09
1181.6646571159363,-1.537836e-09
1181.7586090564728,-1.537618e-09
1181.8527302742004,-1.537386e-09
1181.9463777542114,-1.537139e-09
1182.040780544281,-1.537092e-09
1182.1346156597137,-1.537082e-09
1182.229161977768,-1.537317e-09
1182.323823928833,-1.537749e-09
1182.4193346500397,-1.53781e-09
1182.5127408504486,-1.537963e-09
1182.607343673706,-1.537747e-09
1182.7014000415802,-1.537497e-09
1182.7957091331482,-1.537299e-09
1182.8896641731262,-1.537195e-09
1182.9846880435944,-1.537172e-09
1183.0777959823608,-1.537674e-09
1183.1727230548859,-1.537994e-09
1183.267925977707,-1.538067e-09
1183.362226009369,-1.538043e-09
1183.4563648700714,-1.537824e-09
1183.5502362251282,-1.53751e-09
1183.6451666355133,-1.537436e-09
1183.7385668754578,-1.537312e-09
1183.832885980606,-1.537463e-09
1183.9261791706085,-1.53811e-09
1184.0202741622925,-1.538249e-09
1184.1138932704926,-1.537951e-09
1184.2089309692383,-1.537875e-09
1184.302440404892,-1.537591e-09
1184.3975417613983,-1.537511e-09
1184.4908390045166,-1.537463e-09
1184.5853188037872,-1.537679e-09
1184.6794972419739,-1.538183e-09
1184.7733237743378,-1.53835e-09
1184.8668150901794,-1.538147e-09
1184.9602892398834,-1.537756e-09
1185.0542449951172,-1.53762e-09
1185.1483895778656,-1.537572e-09
1185.2423076629639,-1.53774e-09
1185.3366467952728,-1.537956e-09
1185.4322006702423,-1.538042e-09
1185.525152206421,-1.538509e-09
1185.618887424469,-1.538319e-09
1185.7131037712097,-1.538098e-09
1185.8063807487488,-1.537803e-09
1185.900002002716,-1.537663e-09
1185.9933650493622,-1.537761e-09
1186.0877556800842,-1.538206e-09
1186.181633234024,-1.538581e-09
1186.2757833003998,-1.53853e-09
1186.3695487976074,-1.538234e-09
1186.4637529850006,-1.537985e-09
1186.5569941997528,-1.53784e-09
1186.651470899582,-1.537788e-09
1186.7450613975525,-1.538166e-09
1186.839831352234,-1.538523e-09
1186.933657169342,-1.538688e-09
1187.027860879898,-1.538485e-09
1187.1209547519684,-1.538109e-09
1187.214637517929,-1.537955e-09
1187.3080837726593,-1.537924e-09
1187.4036436080933,-1.538048e-09
1187.4972596168518,-1.538673e-09
1187.590635061264,-1.538813e-09
1187.6841893196106,-1.538463e-09
1187.7778189182281,-1.538162e-09
1187.8713533878326,-1.538005e-09
1187.9653182029724,-1.538142e-09
1188.0597095489502,-1.538474e-09
1188.1532490253448,-1.538931e-09
1188.2471804618835,-1.538713e-09
1188.340636730194,-1.538374e-09
1188.4350275993347,-1.538253e-09
1188.5292851924896,-1.538149e-09
1188.623211145401,-1.53813e-09
1188.7171885967255,-1.538625e-09
1188.8111371994019,-1.538994e-09
1188.9073054790497,-1.539026e-09
1189.0015904903412,-1.539018e-09
1189.0957026481628,-1.538833e-09
1189.1891152858734,-1.53844e-09
1189.2839443683624,-1.538368e-09
1189.377949476242,-1.538268e-09
1189.471979379654,-1.538321e-09
1189.5660116672516,-1.538928e-09
1189.659758090973,-1.539211e-09
1189.7534589767456,-1.538945e-09
1189.8472588062286,-1.538636e-09
1189.9409561157227,-1.538473e-09
1190.0353944301605,-1.538345e-09
1190.1299946308136,-1.538413e-09
1190.2261357307434,-1.538381e-09
1190.3202469348907,-1.53871e-09
1190.4146444797516,-1.539216e-09
1190.5081009864807,-1.539244e-09
1190.6025755405426,-1.539115e-09
1190.6966392993927,-1.538724e-09
1190.7902846336365,-1.538588e-09
1190.883636713028,-1.538591e-09
1190.9779098033905,-1.539012e-09
1191.071607351303,-1.539451e-09
1191.165126800537,-1.539166e-09
1191.2592515945435,-1.53891e-09
1191.3536882400513,-1.538747e-09
1191.4474511146545,-1.538631e-09
1191.5412967205048,-1.538705e-09
1191.6353080272675,-1.53923e-09
1191.7291951179504,-1.539575e-09
1191.823145866394,-1.53937e-09
1191.917816400528,-1.539251e-09
1192.0114603042603,-1.538902e-09
1192.1056277751923,-1.538778e-09
1192.1989345550537,-1.538894e-09
1192.2919056415558,-1.539625e-09
1192.3858811855316,-1.539585e-09
1192.4796299934387,-1.539269e-09
1192.5741312503815,-1.539145e-09
1192.6683237552643,-1.538962e-09
1192.7624084949493,-1.538828e-09
1192.8590564727783,-1.538917e-09
1192.953203678131,-1.538852e-09
1193.0475749969482,-1.539061e-09
1193.1413128376007,-1.539612e-09
1193.2349717617035,-1.539715e-09
1193.328313112259,-1.539275e-09
1193.421658039093,-1.53903e-09
1193.5152537822723,-1.538921e-09
1193.6097087860107,-1.538991e-09
1193.703583240509,-1.53955e-09
1193.7972629070282,-1.539862e-09
1193.8903880119324,-1.539628e-09
1193.9845926761627,-1.539424e-09
1194.0798823833466,-1.539347e-09
1194.1807742118835,-1.539812e-09
1194.2745261192322,-1.539901e-09
1194.368796825409,-1.539783e-09
1194.4630975723267,-1.539614e-09
1194.556702375412,-1.539298e-09
1194.6508855819702,-1.539174e-09
1194.7448179721832,-1.539094e-09
1194.8387537002563,-1.539177e-09
1194.93274974823,-1.539557e-09
1195.0271456241608,-1.540021e-09
1195.1207897663116,-1.539962e-09
1195.215103149414,-1.539737e-09
1195.3096158504486,-1.539616e-09
1195.4038088321686,-1.539403e-09
1195.4978923797607,-1.53926e-09
1195.5917088985443,-1.539298e-09
1195.685744524002,-1.539681e-09
1195.7791526317596,-1.540166e-09
1195.8736708164215,-1.540143e-09
1195.9682323932648,-1.540033e-09
1196.065423965454,-1.54026e-09
1196.1600694656372,-1.540092e-09
1196.2535271644592,-1.539768e-09
1196.3465168476105,-1.539488e-09
1196.4395759105682,-1.539348e-09
1196.5331523418427,-1.539715e-09
1196.626690864563,-1.540258e-09
1196.7205798625946,-1.540298e-09
1196.814637184143,-1.540067e-09
1196.9079134464264,-1.539783e-09
1197.0027170181274,-1.539666e-09
1197.0966193675995,-1.539551e-09
1197.1906206607819,-1.539506e-09
1197.2841079235077,-1.539885e-09
1197.3777022361755,-1.540467e-09
1197.471326828003,-1.540414e-09
1197.5649445056915,-1.540047e-09
1197.6592631340027,-1.539874e-09
1197.752763748169,-1.539793e-09
1197.846708536148,-1.53967e-09
1197.9402811527252,-1.53984e-09
1198.0348143577576,-1.539963e-09
1198.1335468292236,-1.539497e-09
1198.2276575565338,-1.539758e-09
1198.3220987319946,-1.542105e-09
1198.4161577224731,-1.542479e-09
1198.5105550289154,-1.542963e-09
1198.6047129631042,-1.542861e-09
1198.699478149414,-1.5426e-09
1198.7929604053497,-1.542147e-09
1198.8884644508362,-1.542191e-09
1198.9827134609222,-1.542144e-09
1199.0775113105774,-1.542178e-09
1199.171038389206,-1.542145e-09
1199.2654423713684,-1.542352e-09
1199.3593451976776,-1.542996e-09
1199.4532940387726,-1.543265e-09
1199.5471286773682,-1.543301e-09
1199.6411101818085,-1.543127e-09
1199.7349288463593,-1.542842e-09
1199.8290865421295,-1.542749e-09
1199.9235591888428,-1.542744e-09
1200.0172464847565,-1.54286e-09
1200.1109628677368,-1.543521e-09
1200.2044506072998,-1.543693e-09
1200.2984354496002,-1.543501e-09
1200.3926327228546,-1.543306e-09
1200.486796617508,-1.543113e-09
1200.5808112621307,-1.543113e-09
1200.6746230125427,-1.54315e-09
1200.7683708667755,-1.5437e-09
1200.8622825145721,-1.54405e-09
1200.956130027771,-1.543833e-09
1201.0500657558441,-1.543433e-09
1201.1441724300385,-1.542462e-09
1201.237589597702,-1.541876e-09
1201.3319647312164,-1.542215e-09
1201.4262146949768,-1.54158e-09
1201.5197474956512,-1.541028e-09
1201.6137177944183,-1.540909e-09
1201.7071120738983,-1.541591e-09
1201.8010849952698,-1.542182e-09
1201.8956332206726,-1.541526e-09
1201.9895114898682,-1.539875e-09
1202.0869002342224,-1.539039e-09
1202.1804828643799,-1.538389e-09
1202.275202512741,-1.537779e-09
1202.3686318397522,-1.538722e-09
1202.4623465538025,-1.539582e-09
1202.5576708316803,-1.540009e-09
1202.6531677246094,-1.540744e-09
1202.7468838691711,-1.541141e-09
1202.8408346176147,-1.541556e-09
1202.9352533817291,-1.542046e-09
1203.0292675495148,-1.54215e-09
1203.1232707500458,-1.541051e-09
1203.217247724533,-1.541737e-09
1203.3115475177765,-1.542491e-09
1203.405421257019,-1.542704e-09
1203.5000486373901,-1.542842e-09
1203.5933125019073,-1.542718e-09
1203.6876850128174,-1.542541e-09
1203.7815971374512,-1.542514e-09
1203.8759577274323,-1.542928e-09
1203.9697456359863,-1.543451e-09
1204.0635805130005,-1.542808e-09
1204.1573028564453,-1.542744e-09
1204.2511966228485,-1.542884e-09
1204.3450520038605,-1.543068e-09
1204.4396018981934,-1.543147e-09
1204.5335369110107,-1.54351e-09
1204.6290335655212,-1.543723e-09
1204.7228829860687,-1.54395e-09
1204.816695690155,-1.544137e-09
1204.9106409549713,-1.544091e-09
1205.0068893432617,-1.544266e-09
1205.1011002063751,-1.543933e-09
1205.1946387290955,-1.543646e-09
1205.2988710403442,-1.544097e-09
1205.3925604820251,-1.544571e-09
1205.4866952896118,-1.544444e-09
1205.5798943042755,-1.544123e-09
1205.6743462085724,-1.543941e-09
1205.7680394649506,-1.543784e-09
1205.8617095947266,-1.543965e-09
1205.9559473991394,-1.544432e-09
1206.0496830940247,-1.54476e-09
1206.1438343524933,-1.544701e-09
1206.283844947815,-1.544758e-09
1206.3769900798798,-1.544791e-09
1206.4709446430206,-1.544538e-09
1206.5647494792938,-1.544273e-09
1206.6688680648804,-1.544184e-09
1206.762538909912,-1.544848e-09
1206.8566055297852,-1.545012e-09
1206.9500486850739,-1.544704e-09
1207.0442986488342,-1.544438e-09
1207.1377959251404,-1.544267e-09
1207.2346484661102,-1.544335e-09
1207.32856798172,-1.544215e-09
1207.423038482666,-1.544227e-09
1207.5171358585358,-1.544499e-09
1207.6109097003937,-1.545109e-09
1207.7046570777893,-1.545198e-09
1207.7982008457184,-1.544757e-09
1207.8918833732605,-1.544439e-09
1207.9853060245514,-1.544348e-09
1208.0790004730225,-1.544637e-09
1208.1732609272003,-1.545065e-09
1208.2668039798737,-1.545218e-09
1208.3605251312256,-1.544931e-09
1208.45423579216,-1.544628e-09
1208.5487406253815,-1.544562e-09
1208.6425442695618,-1.544409e-09
1208.7371039390564,-1.544366e-09
1208.8310058116913,-1.544873e-09
1208.924738407135,-1.545308e-09
1209.0189538002014,-1.545254e-09
1209.113757610321,-1.545222e-09
1209.2078223228455,-1.545004e-09
1209.30166554451,-1.544713e-09
1209.3954465389252,-1.544568e-09
1209.489030122757,-1.544681e-09
1209.5835735797882,-1.545035e-09
1209.676994562149,-1.545497e-09
1209.771108865738,-1.545362e-09
1209.8645040988922,-1.544956e-09
1209.9591100215912,-1.544835e-09
1210.0530581474304,-1.544751e-09
1210.1476078033447,-1.544725e-09
1210.241093635559,-1.545117e-09
1210.3352689743042,-1.545503e-09
1210.4292478561401,-1.545536e-09
1210.529625415802,-1.544958e-09
1210.6232421398163,-1.54556e-09
1210.716715335846,-1.545605e-09
1210.8109126091003,-1.545379e-09
1210.9051342010498,-1.545053e-09
1210.998773097992,-1.544906e-09
1211.0929200649261,-1.544861e-09
1211.1871433258057,-1.544969e-09
1211.280774116516,-1.545637e-09
1211.3742604255676,-1.545704e-09
1211.4679508209229,-1.545356e-09
1211.5615556240082,-1.545109e-09
1211.6558175086975,-1.545018e-09
1211.7500381469727,-1.544947e-09
1211.8438816070557,-1.545342e-09
1211.937608242035,-1.545876e-09
1212.030927181244,-1.5457e-09
1212.1255269050598,-1.545549e-09
1212.2192080020905,-1.545221e-09
1212.312795639038,-1.545078e-09
1212.4080953598022,-1.545034e-09
1212.501801252365,-1.545406e-09
1212.598140001297,-1.54524e-09
1212.692325592041,-1.545763e-09
1212.7864346504211,-1.545953e-09
1212.8804953098297,-1.54578e-09
1212.9755198955536,-1.545689e-09
1213.0691640377045,-1.545324e-09
1213.1629152297974,-1.545202e-09
1213.2563524246216,-1.545249e-09
1213.3497951030731,-1.545916e-09
1213.4439554214478,-1.546113e-09
1213.5373232364655,-1.54579e-09
1213.6310966014862,-1.545434e-09
1213.7251365184784,-1.545332e-09
1213.8191323280334,-1.545279e-09
1213.9125781059265,-1.545709e-09
1214.006558418274,-1.546165e-09
1214.101173877716,-1.546183e-09
1214.1949753761292,-1.545893e-09
1214.2892653942108,-1.545665e-09
1214.3834388256073,-1.545514e-09
1214.477247953415,-1.545373e-09
1214.5714926719666,-1.545395e-09
1214.6656124591827,-1.545785e-09
1214.7596199512482,-1.54618e-09
1214.8533737659454,-1.54614e-09
1214.9474546909332,-1.545998e-09
1215.0407094955444,-1.545586e-09
1215.1343171596527,-1.545504e-09
1215.2288227081299,-1.545482e-09
1215.3230979442596,-1.545637e-09
1215.4170122146606,-1.546252e-09
1215.5105018615723,-1.546354e-09
1215.6040933132172,-1.546072e-09
1215.6980097293854,-1.54587e-09
1215.7923645973206,-1.545708e-09
1215.8863973617554,-1.545827e-09
1215.9802632331848,-1.545898e-09
1216.0742511749268,-1.546385e-09
1216.167961359024,-1.54666e-09
1216.2616519927979,-1.54637e-09
1216.355924129486,-1.546105e-09
1216.4490888118744,-1.545844e-09
1216.5434136390686,-1.545801e-09
1216.6366147994995,-1.546344e-09
1216.730390071869,-1.546738e-09
1216.8235802650452,-1.546552e-09
1216.917563676834,-1.546273e-09
1217.0116293430328,-1.545993e-09
1217.1048831939697,-1.545876e-09
1217.1978571414948,-1.546527e-09
1217.29150390625,-1.546813e-09
1217.3851947784424,-1.546554e-09
1217.4790034294128,-1.54628e-09
1217.57226228714,-1.546038e-09
1217.6655247211456,-1.546041e-09
1217.7607114315033,-1.54615e-09
1217.8539555072784,-1.54684e-09
1217.9471242427826,-1.5468e-09
1218.0403702259064,-1.546391e-09
1218.1338040828705,-1.546102e-09
1218.227387189865,-1.546065e-09
1218.3214049339294,-1.546502e-09
1218.4144411087036,-1.54696e-09
1218.5074000358582,-1.546657e-09
1218.6005957126617,-1.546326e-09
1218.6937325000763,-1.546117e-09
1218.7875225543976,-1.546326e-09
1218.8811581134796,-1.546849e-09
1218.9823281764984,-1.54624e-09
1219.0753934383392,-1.54619e-09
1219.1698565483093,-1.546595e-09
1219.2641751766205,-1.54703e-09
1219.3586831092834,-1.547098e-09
1219.4527852535248,-1.546978e-09
1219.5470809936523,-1.546779e-09
1219.6408829689026,-1.546479e-09
1219.7347493171692,-1.546333e-09
1219.8290848731995,-1.546333e-09
1219.9229369163513,-1.546578e-09
1220.0165104866028,-1.547205e-09
1220.110163450241,-1.547222e-09
1220.2042655944824,-1.547033e-09
1220.2982444763184,-1.546645e-09
1220.392353773117,-1.54658e-09
1220.4869647026062,-1.546486e-09
1220.5804998874664,-1.546585e-09
1220.6749005317688,-1.547041e-09
1220.7683029174805,-1.547272e-09
1220.8621587753296,-1.547023e-09
1220.9563777446747,-1.546769e-09
1221.0500848293304,-1.546462e-09
1221.1435770988464,-1.545954e-09
1221.2381670475006,-1.546274e-09
1221.3318462371826,-1.546863e-09
1221.4261617660522,-1.546943e-09
1221.519849061966,-1.546618e-09
1221.6146762371063,-1.546567e-09
1221.7083449363708,-1.546051e-09
1221.8018035888672,-1.544581e-09
1221.89506316185,-1.545267e-09
1221.9890308380127,-1.545939e-09
1222.08309340477,-1.54528e-09
1222.176875114441,-1.545446e-09
1222.2708446979523,-1.546152e-09
1222.3649551868439,-1.546052e-09
1222.4597175121307,-1.545802e-09
1222.5576748847961,-1.54642e-09
1222.652932882309,-1.546983e-09
1222.7467138767242,-1.546832e-09
1222.8406100273132,-1.54704e-09
1222.9358172416687,-1.547418e-09
1223.0290830135345,-1.547865e-09
1223.1233670711517,-1.547754e-09
1223.2167963981628,-1.547416e-09
1223.311338186264,-1.546856e-09
1223.4063820838928,-1.54678e-09
1223.5003266334534,-1.546485e-09
1223.5940115451813,-1.546928e-09
1223.6883659362793,-1.547485e-09
1223.7820737361908,-1.548012e-09
1223.8762307167053,-1.548146e-09
1223.9703664779663,-1.548074e-09
1224.063866853714,-1.54801e-09
1224.1590013504028,-1.547889e-09
1224.25283741951,-1.54763e-09
1224.3470125198364,-1.547132e-09
1224.4406852722168,-1.547713e-09
1224.5349130630493,-1.547957e-09
1224.6287178993225,-1.547617e-09
1224.7227115631104,-1.547176e-09
1224.8161761760712,-1.546761e-09
1224.910737991333,-1.546328e-09
1225.0042843818665,-1.546564e-09
1225.0986590385437,-1.547187e-09
1225.1925399303436,-1.547674e-09
1225.2896025180817,-1.547643e-09
1225.3838849067688,-1.547282e-09
1225.4774146080017,-1.546316e-09
1225.5712850093842,-1.546053e-09
1225.6648478507996,-1.546155e-09
1225.7599642276764,-1.546374e-09
1225.855562210083,-1.546618e-09
1225.9497621059418,-1.546677e-09
1226.0589706897736,-1.546806e-09
1226.1521644592285,-1.547313e-09
1226.248604297638,-1.547263e-09
1226.341831445694,-1.547883e-09
1226.4356446266174,-1.547888e-09
1226.529310464859,-1.547589e-09
1226.6230909824371,-1.547416e-09
1226.7172873020172,-1.54733e-09
1226.811196565628,-1.547249e-09
1226.9051403999329,-1.547471e-09
1226.998864889145,-1.548085e-09
1227.0931720733643,-1.54825e-09
1227.1867001056671,-1.548021e-09
1227.2808425426483,-1.54773e-09
1227.3745002746582,-1.547515e-09
1227.468219280243,-1.547438e-09
1227.562143087387,-1.547815e-09
1227.6564111709595,-1.548177e-09
1227.7501225471497,-1.548329e-09
1227.8441355228424,-1.548117e-09
1227.9380679130554,-1.547704e-09
1228.0320286750793,-1.547452e-09
1228.1260232925415,-1.547443e-09
1228.2199358940125,-1.547652e-09
1228.3133029937744,-1.548272e-09
1228.4080121517181,-1.548685e-09
1228.5017669200897,-1.549141e-09
1228.596738576889,-1.54909e-09
1228.6900210380554,-1.547968e-09
1228.783316373825,-1.547862e-09
1228.877161026001,-1.547992e-09
1228.9711740016937,-1.547864e-09
1229.0647506713867,-1.548378e-09
1229.1584599018097,-1.548401e-09
1229.2524871826172,-1.548217e-09
1229.345691204071,-1.547765e-09
1229.438648700714,-1.547702e-09
1229.532352924347,-1.547794e-09
1229.6271336078644,-1.548175e-09
1229.721117258072,-1.548501e-09
1229.8159596920013,-1.548535e-09
1229.9108028411865,-1.548439e-09
1230.0044920444489,-1.548046e-09
1230.0983951091766,-1.547648e-09
1230.1921255588531,-1.54731e-09
1230.2864782810211,-1.54564e-09
1230.3798825740814,-1.546442e-09
1230.4741084575653,-1.547411e-09
1230.5678997039795,-1.547799e-09
1230.6612884998322,-1.547582e-09
1230.7557907104492,-1.547577e-09
1230.850420475006,-1.547403e-09
1230.9445776939392,-1.546987e-09
1231.0381350517273,-1.547381e-09
1231.1316738128662,-1.548267e-09
1231.2258250713348,-1.548578e-09
1231.3198351860046,-1.54844e-09
1231.414026260376,-1.548263e-09
1231.5077822208405,-1.548045e-09
1231.6011536121368,-1.547788e-09
1231.6949548721313,-1.548283e-09
1231.7889549732208,-1.548842e-09
1231.88711643219,-1.548324e-09
1231.980402469635,-1.548907e-09
1232.0741174221039,-1.549019e-09
1232.1679129600525,-1.548761e-09
1232.2618844509125,-1.548457e-09
1232.3557658195496,-1.548342e-09
1232.4498510360718,-1.548266e-09
1232.5438754558563,-1.548183e-09
1232.638687133789,-1.548288e-09
1232.7327864170074,-1.548697e-09
1232.827318429947,-1.549064e-09
1232.9204709529877,-1.54913e-09
1233.0149993896484,-1.549007e-09
1233.1083307266235,-1.5486e-09
1233.2020206451416,-1.548427e-09
1233.2957174777985,-1.548367e-09
1233.3901598453522,-1.548487e-09
1233.4835546016693,-1.549123e-09
1233.5787224769592,-1.549244e-09
1233.6729273796082,-1.549279e-09
1233.7673645019531,-1.549077e-09
1233.8609404563904,-1.548752e-09
1233.9555518627167,-1.548688e-09
1234.0493369102478,-1.548523e-09
1234.143046617508,-1.548714e-09
1234.2371063232422,-1.549244e-09
1234.331307888031,-1.549444e-09
1234.4261448383331,-1.549352e-09
1234.5196828842163,-1.54908e-09
1234.6143398284912,-1.548839e-09
1234.7080240249634,-1.548689e-09
1234.8023784160614,-1.548626e-09
1234.8959665298462,-1.549044e-09
1234.990523815155,-1.549371e-09
1235.0853199958801,-1.549578e-09
1235.1794991493225,-1.549473e-09
1235.2737419605255,-1.54918e-09
1235.3676328659058,-1.548901e-09
1235.462229013443,-1.548837e-09
1235.5554871559143,-1.548714e-09
1235.6507303714752,-1.548849e-09
1235.7441136837006,-1.549515e-09
1235.8386085033417,-1.549625e-09
1235.931799173355,-1.549392e-09
1236.0263757705688,-1.549129e-09
1236.119960784912,-1.548931e-09
1236.214959859848,-1.548861e-09
1236.3091416358948,-1.548835e-09
1236.4041175842285,-1.548938e-09
1236.4976906776428,-1.549544e-09
1236.5917003154755,-1.549779e-09
1236.686362504959,-1.549675e-09
1236.7801141738892,-1.549347e-09
1236.874585390091,-1.549126e-09
1236.9681572914124,-1.548977e-09
1237.0624804496765,-1.548924e-09
1237.1558940410614,-1.549329e-09
1237.2507820129395,-1.54966e-09
1237.3450019359589,-1.549918e-09
1237.4388794898987,-1.549757e-09
1237.5327816009521,-1.549426e-09
1237.6274292469025,-1.549285e-09
1237.722399711609,-1.549213e-09
1237.8161644935608,-1.549076e-09
1237.9114108085632,-1.549028e-09
1238.0141816139221,-1.549829e-09
1238.1080379486084,-1.549513e-09
1238.202168226242,-1.549271e-09
1238.2960810661316,-1.549095e-09
1238.3899402618408,-1.549104e-09
1238.4837255477905,-1.549609e-09
1238.5780053138733,-1.54995e-09
1238.6715168952942,-1.549769e-09
1238.76509308815,-1.54946e-09
1238.86319065094,-1.549798e-09
1238.9578671455383,-1.549593e-09
1239.0710544586182,-1.550027e-09
1239.1655888557434,-1.549876e-09
1239.2592885494232,-1.549524e-09
1239.3538603782654,-1.549368e-09
1239.4474818706512,-1.549258e-09
1239.5414869785309,-1.549465e-09
1239.6347398757935,-1.550064e-09
1239.7282238006592,-1.550044e-09
1239.8220210075378,-1.549694e-09
1239.916015625,-1.549452e-09
1240.010151386261,-1.549364e-09
1240.104011774063,-1.549305e-09
1240.1980302333832,-1.549614e-09
1240.2925350666046,-1.550082e-09
1240.3862442970276,-1.550213e-09
1240.4806764125824,-1.55007e-09
1240.5741441249847,-1.549709e-09
1240.668308019638,-1.549577e-09
1240.7619149684906,-1.549423e-09
1240.85630941391,-1.549411e-09
1240.9501008987427,-1.549912e-09
1241.0446014404297,-1.55028e-09
1241.1380081176758,-1.550255e-09
1241.2322790622711,-1.550049e-09
1241.326212644577,-1.549748e-09
1241.4201254844666,-1.549584e-09
1241.5139138698578,-1.549529e-09
1241.6080207824707,-1.549696e-09
1241.70188164711,-1.550273e-09
1241.797122001648,-1.550364e-09
1241.8910162448883,-1.550397e-09
1241.9855637550354,-1.550292e-09
1242.080593585968,-1.550125e-09
1242.1741976737976,-1.54982e-09
1242.2813630104065,-1.549688e-09
1242.3751258850098,-1.549715e-09
1242.4693219661713,-1.550139e-09
1242.5626277923584,-1.550572e-09
1242.656956911087,-1.550438e-09
1242.7515740394592,-1.550312e-09
1242.8454599380493,-1.550001e-09
1242.9399914741516,-1.54993e-09
1243.034301996231,-1.549801e-09
1243.13161611557,-1.549914e-09
1243.226271867752,-1.549858e-09
1243.319671869278,-1.549807e-09
1243.4135727882385,-1.550123e-09
1243.5074846744537,-1.550624e-09
1243.6017565727234,-1.550754e-09
1243.6951582431793,-1.550417e-09
1243.7893569469452,-1.550239e-09
1243.8827500343323,-1.55006e-09
1243.9782457351685,-1.550016e-09
1244.072828054428,-1.549951e-09
1244.1674540042877,-1.550019e-09
1244.270218372345,-1.550662e-09
1244.364441871643,-1.550455e-09
1244.4580254554749,-1.550167e-09
1244.5520460605621,-1.550058e-09
1244.6482367515564,-1.550115e-09
1244.7418162822723,-1.55009e-09
1244.8355104923248,-1.550542e-09
1244.930315732956,-1.550834e-09
1245.0240757465363,-1.550939e-09
1245.1186575889587,-1.550984e-09
1245.212938785553,-1.550716e-09
1245.3071126937866,-1.550685e-09
1245.4016704559326,-1.550456e-09
1245.5025577545166,-1.551125e-09
1245.5957343578339,-1.550707e-09
1245.6895678043365,-1.550482e-09
1245.7841737270355,-1.550419e-09
1245.8778932094574,-1.550387e-09
1245.971506357193,-1.550932e-09
1246.0652532577515,-1.551284e-09
1246.1593205928802,-1.551071e-09
1246.2526361942291,-1.550738e-09
1246.3468217849731,-1.550552e-09
1246.4404003620148,-1.550404e-09
1246.534699678421,-1.550478e-09
1246.6284685134888,-1.551089e-09
1246.7227811813354,-1.551345e-09
1246.8168711662292,-1.551222e-09
1246.9105803966522,-1.550898e-09
1247.0045444965363,-1.55066e-09
1247.0982851982117,-1.550512e-09
1247.1921830177307,-1.550608e-09
1247.2861878871918,-1.551031e-09
1247.3795669078827,-1.551415e-09
1247.4800972938538,-1.550541e-09
1247.5735487937927,-1.551172e-09
1247.6674644947052,-1.55148e-09
1247.7615082263947,-1.551303e-09
1247.8557312488556,-1.551164e-09
1247.9494533538818,-1.550876e-09
1248.0444495677948,-1.550734e-09
1248.138261795044,-1.550666e-09
1248.2330741882324,-1.550615e-09
1248.3279144763947,-1.550718e-09
1248.422170162201,-1.551048e-09
1248.5169031620026,-1.551342e-09
1248.6108798980713,-1.551582e-09
1248.7047989368439,-1.551357e-09
1248.7984528541565,-1.551058e-09
1248.8933234214783,-1.550979e-09
1248.9874398708344,-1.550814e-09
1249.0825550556183,-1.550809e-09
1249.176696062088,-1.550765e-09
1249.2713191509247,-1.550969e-09
1249.3648476600647,-1.551472e-09
1249.4590578079224,-1.551729e-09
1249.553692817688,-1.551595e-09
1249.649938583374,-1.551632e-09
1249.743219614029,-1.551297e-09
1249.8490505218506,-1.550936e-09
1249.9430603981018,-1.550812e-09
1250.0372385978699,-1.550977e-09
1250.131083726883,-1.551558e-09
1250.2256376743317,-1.551735e-09
1250.3190445899963,-1.551572e-09
1250.4132912158966,-1.551345e-09
1250.507286310196,-1.551077e-09
1250.602168560028,-1.551019e-09
1250.6957936286926,-1.550919e-09
1250.7902224063873,-1.551023e-09
1250.8836770057678,-1.551617e-09
1250.9783358573914,-1.551752e-09
1251.071849346161,-1.551719e-09
1251.1660027503967,-1.551527e-09
1251.2598485946655,-1.551217e-09
1251.3537557125092,-1.551079e-09
1251.4473433494568,-1.550965e-09
1251.5406515598297,-1.551408e-09
1251.6469373703003,-1.551883e-09
1251.7422103881836,-1.551847e-09
1251.8364522457123,-1.551672e-09
1251.9303345680237,-1.551352e-09
1252.023909330368,-1.551143e-09
1252.1188950538635,-1.551117e-09
1252.2138452529907,-1.551085e-09
1252.3070454597473,-1.55128e-09
1252.4022681713104,-1.551747e-09
1252.495505809784,-1.551984e-09
1252.5899856090546,-1.551842e-09
1252.683746099472,-1.551493e-09
1252.7776684761047,-1.551331e-09
1252.8712532520294,-1.551156e-09
1252.9650430679321,-1.551376e-09
1253.0630764961243,-1.551213e-09
1253.1676547527313,-1.552054e-09
1253.261046409607,-1.551995e-09
1253.3554384708405,-1.551797e-09
1253.449268579483,-1.551522e-09
1253.5432918071747,-1.551445e-09
1253.637140750885,-1.551297e-09
1253.731376171112,-1.551318e-09
1253.825587272644,-1.5516e-09
1253.919499874115,-1.552026e-09
1254.013908624649,-1.552283e-09
1254.1082553863525,-1.552197e-09
1254.2020263671875,-1.5519e-09
1254.296317100525,-1.551704e-09
1254.390157699585,-1.551508e-09
1254.483520269394,-1.551443e-09
1254.577718257904,-1.551621e-09
1254.6731173992157,-1.55172e-09
1254.767507314682,-1.552104e-09
1254.8610088825226,-1.552366e-09
1254.9548795223236,-1.552123e-09
1255.0482692718506,-1.551813e-09
1255.1421089172363,-1.551608e-09
1255.235431432724,-1.551507e-09
1255.3294875621796,-1.55185e-09
1255.4230334758759,-1.552456e-09
1255.5224959850311,-1.551649e-09
1255.6159181594849,-1.552276e-09
1255.7110023498535,-1.552394e-09
1255.8052153587341,-1.552527e-09
1255.9002394676208,-1.552488e-09
1255.9952104091644,-1.552359e-09
1256.0893783569336,-1.552162e-09
1256.1837797164917,-1.551967e-09
1256.279539823532,-1.551981e-09
1256.373543024063,-1.551828e-09
1256.4672923088074,-1.551879e-09
1256.561126947403,-1.55201e-09
1256.6553740501404,-1.55234e-09
1256.7486007213593,-1.552733e-09
1256.84246301651,-1.55256e-09
1256.9554681777954,-1.552661e-09
1257.049415588379,-1.552787e-09
1257.1456723213196,-1.552783e-09
1257.2403101921082,-1.55272e-09
1257.3340413570404,-1.552472e-09
1257.4282431602478,-1.552189e-09
1257.5220339298248,-1.552025e-09
1257.6155993938446,-1.552013e-09
1257.7093465328217,-1.552556e-09
1257.8033299446106,-1.552899e-09
1257.8966038227081,-1.55273e-09
1257.9910852909088,-1.552445e-09
1258.0848519802094,-1.552205e-09
1258.1783156394958,-1.552051e-09
1258.2715051174164,-1.552365e-09
1258.3653163909912,-1.55291e-09
1258.4687674045563,-1.552258e-09
1258.5618250370026,-1.55212e-09
1258.6569938659668,-1.552112e-09
1258.751725435257,-1.552182e-09
1258.8462228775024,-1.552413e-09
1258.9411132335663,-1.552706e-09
1259.034820318222,-1.553044e-09
1259.1284203529358,-1.552789e-09
1259.2219381332397,-1.552438e-09
1259.3189222812653,-1.552724e-09
1259.4136996269226,-1.55257e-09
1259.5071625709534,-1.55237e-09
1259.6020250320435,-1.552367e-09
1259.6969339847565,-1.552282e-09
1259.7914173603058,-1.5523e-09
1259.884938955307,-1.552846e-09
1259.9793136119843,-1.553131e-09
1260.073734998703,-1.553237e-09
1260.1675162315369,-1.552987e-09
1260.2616438865662,-1.552759e-09
1260.3555798530579,-1.552539e-09
1260.4494585990906,-1.552423e-09
1260.5430805683136,-1.552446e-09
1260.6373698711395,-1.552859e-09
1260.730857849121,-1.553315e-09
1260.824425458908,-1.553134e-09
1260.9184973239899,-1.552892e-09
1261.0126996040344,-1.552678e-09
1261.106701374054,-1.552533e-09
1261.2000532150269,-1.552602e-09
1261.2936766147614,-1.553309e-09
1261.3876905441284,-1.553788e-09
1261.4825644493103,-1.553837e-09
1261.5764842033386,-1.553863e-09
1261.6782896518707,-1.553302e-09
1261.7728309631348,-1.553544e-09
1261.8663132190704,-1.554075e-09
1261.9610188007355,-1.554039e-09
1262.0548613071442,-1.553887e-09
1262.1528942584991,-1.554155e-09
1262.246099472046,-1.553867e-09
1262.3401551246643,-1.553573e-09
1262.4339621067047,-1.553483e-09
1262.528281211853,-1.553407e-09
1262.6215476989746,-1.553684e-09
1262.7157425880432,-1.554166e-09
1262.8093709945679,-1.554349e-09
1262.9029138088226,-1.554096e-09
1262.9965178966522,-1.553765e-09
1263.0902307033539,-1.55358e-09
1263.1839780807495,-1.553572e-09
1263.2783498764038,-1.553746e-09
1263.3723294734955,-1.554245e-09
1263.466064453125,-1.554475e-09
1263.5598328113556,-1.554219e-09
1263.655303478241,-1.554357e-09
1263.749014377594,-1.553931e-09
1263.843258857727,-1.553761e-09
1263.9366965293884,-1.553669e-09
1264.0311224460602,-1.553893e-09
1264.1243348121643,-1.554542e-09
1264.218605518341,-1.554632e-09
1264.3119428157806,-1.554327e-09
1264.405641078949,-1.553974e-09
1264.5002846717834,-1.553936e-09
1264.5947005748749,-1.553852e-09
1264.6881589889526,-1.554046e-09
1264.782256603241,-1.554556e-09
1264.876094341278,-1.554771e-09
1264.9713907241821,-1.554698e-09
1265.0648860931396,-1.554378e-09
1265.1596529483795,-1.554265e-09
1265.2538154125214,-1.554083e-09
1265.3481526374817,-1.554017e-09
1265.4423899650574,-1.554003e-09
1265.5366473197937,-1.554221e-09
1265.6306467056274,-1.554684e-09
1265.7245445251465,-1.554878e-09
1265.8180902004242,-1.55464e-09
1265.9125838279724,-1.554498e-09
1266.0072786808014,-1.554313e-09
1266.101113319397,-1.554154e-09
1266.195208787918,-1.55408e-09
1266.296220779419,-1.554657e-09
1266.3900945186615,-1.554314e-09
1266.4839997291565,-1.554203e-09
1266.5794203281403,-1.554164e-09
1266.6730172634125,-1.554149e-09
1266.7666630744934,-1.554552e-09
1266.8608844280243,-1.554832e-09
1266.9551711082458,-1.555075e-09
1267.049423456192,-1.554981e-09
1267.1430485248566,-1.554687e-09
1267.236982345581,-1.554525e-09
1267.331064939499,-1.554364e-09
1267.4253089427948,-1.554296e-09
1267.5194427967072,-1.554338e-09
1267.6133780479431,-1.554689e-09
1267.7072486877441,-1.555184e-09
1267.8005430698395,-1.55497e-09
1267.8938038349152,-1.554607e-09
1267.9972162246704,-1.554697e-09
1268.0914533138275,-1.555009e-09
1268.1856789588928,-1.555263e-09
1268.2798409461975,-1.555159e-09
1268.3736486434937,-1.554872e-09
1268.4670507907867,-1.554563e-09
1268.5606718063354,-1.554458e-09
1268.6536033153534,-1.554776e-09
1268.7469770908356,-1.555355e-09
1268.8407554626465,-1.555288e-09
1268.9339804649353,-1.554886e-09
1269.0268845558167,-1.554605e-09
1269.1203129291534,-1.554508e-09
1269.2139222621918,-1.55487e-09
1269.3089401721954,-1.555118e-09
1269.4023435115814,-1.555452e-09
1269.4972712993622,-1.555336e-09
1269.591429233551,-1.555155e-09
1269.6852669715881,-1.554832e-09
1269.779214143753,-1.554663e-09
1269.8730204105377,-1.554626e-09
1269.9667630195618,-1.554935e-09
1270.0610978603363,-1.555237e-09
1270.1551411151886,-1.555545e-09
1270.2489411830902,-1.555344e-09
1270.3426337242126,-1.554944e-09
1270.4370892047882,-1.554821e-09
1270.5306332111359,-1.554696e-09
1270.6248354911804,-1.554742e-09
1270.7280778884888,-1.555422e-09
1270.8217732906342,-1.55506e-09
1270.9151740074158,-1.554861e-09
1271.009356021881,-1.554755e-09
1271.1024510860443,-1.555125e-09
1271.1963901519775,-1.555621e-09
1271.2900695800781,-1.555583e-09
1271.3835890293121,-1.555208e-09
1271.477064371109,-1.554968e-09
1271.5705978870392,-1.554846e-09
1271.6641492843628,-1.555227e-09
1271.7755386829376,-1.554834e-09
1271.870593070984,-1.554922e-09
1271.9659399986267,-1.555084e-09
1272.0596477985382,-1.55568e-09
1272.1537356376648,-1.555758e-09
1272.2467412948608,-1.555376e-09
1272.3402547836304,-1.555038e-09
1272.433965921402,-1.554972e-09
1272.528004169464,-1.554982e-09
1272.6216509342194,-1.555561e-09
1272.7158029079437,-1.555936e-09
1272.8099069595337,-1.555747e-09
1272.9064762592316,-1.555857e-09
1273.0013372898102,-1.555704e-09
1273.094821691513,-1.55538e-09
1273.1884191036224,-1.555156e-09
1273.2825396060944,-1.555031e-09
1273.3765025138855,-1.555078e-09
1273.470199584961,-1.555534e-09
1273.5640420913696,-1.555923e-09
1273.6579303741455,-1.555892e-09
1273.7519071102142,-1.555647e-09
1273.8456554412842,-1.555342e-09
1273.9395005702972,-1.555168e-09
1274.0336153507233,-1.555132e-09
1274.1280465126038,-1.555153e-09
1274.2216393947601,-1.555826e-09
1274.3164196014404,-1.556032e-09
1274.4100589752197,-1.555952e-09
1274.5053565502167,-1.555935e-09
1274.5990059375763,-1.555585e-09
1274.6930050849915,-1.555401e-09
1274.787867307663,-1.555322e-09
1274.88183426857,-1.555238e-09
1274.9760563373566,-1.555359e-09
1275.0698010921478,-1.555948e-09
1275.1630229949951,-1.556099e-09
1275.2568373680115,-1.555897e-09
1275.3512456417084,-1.55564e-09
1275.4455881118774,-1.555485e-09
1275.539553642273,-1.555366e-09
1275.633263349533,-1.555453e-09
1275.7271678447723,-1.555903e-09
1275.8214836120605,-1.556268e-09
1275.9159965515137,-1.556262e-09
1276.009377002716,-1.555945e-09
1276.1034297943115,-1.555646e-09
1276.1964864730835,-1.555462e-09
1276.290116071701,-1.555557e-09
1276.38379240036,-1.555941e-09
1276.4779167175293,-1.556267e-09
1276.5719718933105,-1.556174e-09
1276.6665923595428,-1.556065e-09
1276.7603080272675,-1.555702e-09
1276.8546104431152,-1.555613e-09
1276.948493719101,-1.55548e-09
1277.0432407855988,-1.555464e-09
1277.1372547149658,-1.55591e-09
1277.2307126522064,-1.556419e-09
1277.3245804309845,-1.55621e-09
1277.419188261032,-1.556083e-09
1277.513162612915,-1.555789e-09
1277.607943058014,-1.555701e-09
1277.7014455795288,-1.555532e-09
1277.7959432601929,-1.555759e-09
1277.890375137329,-1.556106e-09
1277.985151052475,-1.556417e-09
1278.0786967277527,-1.556302e-09
1278.17254281044,-1.55606e-09
1278.2665553092957,-1.555807e-09
1278.3605177402496,-1.555638e-09
1278.4545588493347,-1.555631e-09
1278.5487122535706,-1.556094e-09
1278.6457915306091,-1.555768e-09
1278.7403395175934,-1.556114e-09
1278.8350160121918,-1.556456e-09
1278.9287848472595,-1.556567e-09
1279.0227446556091,-1.556263e-09
1279.1175394058228,-1.556143e-09
1279.211594581604,-1.555949e-09
1279.3119022846222,-1.556611e-09
1279.4069995880127,-1.556543e-09
1279.500810623169,-1.556236e-09
1279.5950772762299,-1.556022e-09
1279.6888964176178,-1.555861e-09
1279.7832539081573,-1.555787e-09
1279.8766992092133,-1.556173e-09
1279.972118139267,-1.558302e-09
1280.0661492347717,-1.557716e-09
1280.160127878189,-1.557656e-09
1280.2541451454163,-1.557291e-09
1280.3485524654388,-1.557027e-09
1280.4423096179962,-1.556775e-09
1280.5364198684692,-1.556731e-09
1280.631974697113,-1.556742e-09
1280.725311756134,-1.556886e-09
1280.8201620578766,-1.557114e-09
1280.915117263794,-1.557452e-09
1281.009153842926,-1.557618e-09
1281.1035294532776,-1.557433e-09
1281.1974380016327,-1.55719e-09
1281.2911612987518,-1.556949e-09
1281.3848872184753,-1.556814e-09
1281.478856086731,-1.55693e-09
1281.572835445404,-1.55752e-09
1281.666501045227,-1.557708e-09
1281.7612075805664,-1.55762e-09
1281.8545744419098,-1.557241e-09
1281.9486093521118,-1.557022e-09
1282.04185795784,-1.556957e-09
1282.1360566616058,-1.557174e-09
1282.2321245670319,-1.557068e-09
1282.325621843338,-1.557746e-09
1282.4197607040405,-1.557894e-09
1282.5132818222046,-1.557577e-09
1282.6074709892273,-1.557467e-09
1282.7382414340973,-1.557149e-09
1282.8321578502655,-1.557651e-09
1282.926729440689,-1.557978e-09
1283.0211055278778,-1.557909e-09
1283.115182876587,-1.557751e-09
1283.2088174819946,-1.557453e-09
1283.3031334877014,-1.557255e-09
1283.3971092700958,-1.557182e-09
1283.490826845169,-1.557297e-09
1283.5846433639526,-1.557725e-09
1283.6791665554047,-1.558071e-09
1283.7726736068726,-1.558101e-09
1283.8671734333038,-1.557958e-09
1283.960794210434,-1.557596e-09
1284.05509018898,-1.557436e-09
1284.1484405994415,-1.557307e-09
1284.2426998615265,-1.557361e-09
1284.3361341953278,-1.557953e-09
1284.4306256771088,-1.558226e-09
1284.5248491764069,-1.558131e-09
1284.6196682453156,-1.55812e-09
1284.7132296562195,-1.557846e-09
1284.8082773685455,-1.557657e-09
1284.902220249176,-1.557596e-09
1284.9969460964203,-1.557668e-09
1285.0911448001862,-1.557679e-09
1285.184965133667,-1.558197e-09
1285.2788136005402,-1.558541e-09
1285.3730945587158,-1.558447e-09
1285.4677393436432,-1.558272e-09
1285.5618877410889,-1.557954e-09
1285.6555280685425,-1.557778e-09
1285.7494604587555,-1.55766e-09
1285.8430936336517,-1.558009e-09
1285.936828136444,-1.558516e-09
1286.0316100120544,-1.558621e-09
1286.1249332427979,-1.558319e-09
1286.2201416492462,-1.558279e-09
1286.3139922618866,-1.557963e-09
1286.4079849720001,-1.557836e-09
1286.5016345977783,-1.557794e-09
1286.5947751998901,-1.558285e-09
1286.6881685256958,-1.558693e-09
1286.7819833755493,-1.558554e-09
1286.8776268959045,-1.558603e-09
1286.9721219539642,-1.558358e-09
1287.0653824806213,-1.55806e-09
1287.1598453521729,-1.557946e-09
1287.2542672157288,-1.557895e-09
1287.3482503890991,-1.558094e-09
1287.442700624466,-1.558357e-09
1287.5366508960724,-1.558851e-09
1287.6309456825256,-1.55881e-09
1287.7249598503113,-1.558512e-09
1287.8188648223877,-1.558276e-09
1287.912610054016,-1.558056e-09
1288.0094985961914,-1.558157e-09
1288.103014945984,-1.558007e-09
1288.197201013565,-1.558189e-09
1288.2913479804993,-1.558691e-09
1288.385285615921,-1.558944e-09
1288.479336977005,-1.558766e-09
1288.5732111930847,-1.558374e-09
1288.66743683815,-1.558195e-09
1288.7608275413513,-1.558079e-09
1288.854206085205,-1.558336e-09
1288.9478554725647,-1.558958e-09
1289.0415561199188,-1.558923e-09
1289.1370809078217,-1.558798e-09
1289.231053352356,-1.558539e-09
1289.324541091919,-1.558257e-09
1289.4180710315704,-1.558108e-09
1289.5120341777802,-1.558305e-09
1289.6057612895966,-1.558811e-09
1289.6997303962708,-1.559024e-09
1289.7934992313385,-1.558825e-09
1289.8877131938934,-1.558586e-09
1289.9820754528046,-1.558365e-09
1290.0756142139435,-1.558234e-09
1290.169374704361,-1.558241e-09
1290.2637572288513,-1.558523e-09
1290.3572216033936,-1.559076e-09
1290.4514510631561,-1.559135e-09
1290.5448246002197,-1.55887e-09
1290.639189004898,-1.558652e-09
1290.7330071926117,-1.558478e-09
1290.8266847133636,-1.558373e-09
1290.9208080768585,-1.558309e-09
1291.0148694515228,-1.558509e-09
1291.1099059581757,-1.558717e-09
1291.2035310268402,-1.55922e-09
1291.2976570129395,-1.559291e-09
1291.3915162086487,-1.559068e-09
1291.4855060577393,-1.55884e-09
1291.5799145698547,-1.558705e-09
1291.6958961486816,-1.559026e-09
1291.7894959449768,-1.559386e-09
1291.883281469345,-1.55918e-09
1291.9780666828156,-1.559046e-09
1292.071212530136,-1.558741e-09
1292.1676449775696,-1.55879e-09
1292.2610058784485,-1.558644e-09
1292.3546223640442,-1.558615e-09
1292.4483637809753,-1.558957e-09
1292.5423982143402,-1.55943e-09
1292.6359415054321,-1.559394e-09
1292.729630947113,-1.559179e-09
1292.8238589763641,-1.558892e-09
1292.917738199234,-1.558766e-09
1293.0129430294037,-1.55869e-09
1293.1064829826355,-1.558797e-09
1293.2010946273804,-1.559005e-09
1293.2948858737946,-1.559599e-09
1293.3880579471588,-1.559402e-09
1293.4818761348724,-1.559128e-09
1293.5763194561005,-1.558933e-09
1293.6698911190033,-1.55878e-09
1293.764182806015,-1.55874e-09
1293.8579468727112,-1.559301e-09
1293.9528496265411,-1.559563e-09
1294.0464625358582,-1.559551e-09
1294.1423361301422,-1.559599e-09
1294.2359099388123,-1.5593e-09
1294.3304255008698,-1.559052e-09
1294.4243052005768,-1.558928e-09
1294.5181922912598,-1.558867e-09
1294.6122479438782,-1.559136e-09
1294.7061910629272,-1.559641e-09
1294.8006119728088,-1.559781e-09
1294.8940529823303,-1.559506e-09
1294.9877181053162,-1.559198e-09
1295.0818853378296,-1.559066e-09
1295.1758739948273,-1.558978e-09
1295.2691247463226,-1.559343e-09
1295.3630294799805,-1.559818e-09
1295.457707643509,-1.559906e-09
1295.5518157482147,-1.559776e-09
1295.6459791660309,-1.559588e-09
1295.740648508072,-1.559386e-09
1295.834505558014,-1.559144e-09
1295.9283344745636,-1.559034e-09
1296.0228536128998,-1.5592e-09
1296.1167178153992,-1.559788e-09
1296.2099645137787,-1.559964e-09
1296.3046293258667,-1.55985e-09
1296.3996531963348,-1.559729e-09
1296.4932777881622,-1.559345e-09
1296.5884835720062,-1.559292e-09
1296.6832213401794,-1.559276e-09
1296.7771236896515,-1.559168e-09
1296.8730113506317,-1.559175e-09
1296.9673097133636,-1.559325e-09
1297.06289935112,-1.5594e-09
1297.1562881469727,-1.560016e-09
1297.2496955394745,-1.560074e-09
1297.3435306549072,-1.559818e-09
1297.4434192180634,-1.560049e-09
1297.5369482040405,-1.560136e-09
1297.6311302185059,-1.560027e-09
1297.7244849205017,-1.559656e-09
1297.818969488144,-1.559504e-09
1297.9121952056885,-1.559342e-09
1298.0075240135193,-1.559348e-09
1298.1011090278625,-1.559479e-09
1298.1953818798065,-1.559888e-09
1298.2892727851868,-1.560267e-09
1298.3836300373077,-1.560246e-09
1298.4774959087372,-1.560017e-09
1298.5725893974304,-1.55993e-09
1298.6667318344116,-1.559747e-09
1298.7602498531342,-1.559532e-09
1298.8542113304138,-1.559421e-09
1298.9482271671295,-1.559739e-09
1299.0421226024628,-1.560243e-09
1299.1356256008148,-1.560304e-09
1299.229254245758,-1.559998e-09
1299.3231492042542,-1.559703e-09
1299.4167234897614,-1.559528e-09
1299.5109198093414,-1.559567e-09
1299.6044931411743,-1.560088e-09
1299.698822259903,-1.560417e-09
1299.7919328212738,-1.560304e-09
1299.8862493038177,-1.560026e-09
1299.980177640915,-1.559779e-09
1300.0741031169891,-1.559658e-09
1300.168995141983,-1.559611e-09
1300.263620853424,-1.559703e-09
1300.357408285141,-1.560124e-09
1300.4519634246826,-1.560528e-09
1300.545377254486,-1.560436e-09
1300.6392290592194,-1.560132e-09
1300.734214067459,-1.559991e-09
1300.8277740478516,-1.55979e-09
1300.9227049350739,-1.559729e-09
1301.01624584198,-1.559689e-09
1301.111011505127,-1.55984e-09
1301.205567598343,-1.560181e-09
1301.299765586853,-1.560558e-09
1301.3947291374207,-1.560636e-09
1301.4883093833923,-1.560362e-09
1301.5833594799042,-1.560256e-09
1301.677856206894,-1.559974e-09
1301.7716336250305,-1.55987e-09
1301.865364074707,-1.559851e-09
1301.9593200683594,-1.560184e-09
1302.0534875392914,-1.560762e-09
1302.1479759216309,-1.560728e-09
1302.2416458129883,-1.560339e-09
1302.3358631134033,-1.560161e-09
1302.4296262264252,-1.560006e-09
1302.5238375663757,-1.559917e-09
1302.617650270462,-1.560367e-09
1302.7117011547089,-1.560823e-09
1302.8053090572357,-1.560696e-09
1302.8993735313416,-1.56046e-09
1302.9932143688202,-1.560215e-09
1303.0869615077972,-1.560045e-09
1303.180462360382,-1.560157e-09
1303.2748711109161,-1.560542e-09
1303.3685681819916,-1.560937e-09
1303.4634289741516,-1.560905e-09
1303.5579600334167,-1.560716e-09
1303.6514899730682,-1.560386e-09
1303.7459008693695,-1.560227e-09
1303.8396079540253,-1.560125e-09
1303.9330036640167,-1.560465e-09
1304.0269238948822,-1.560923e-09
1304.122059583664,-1.561104e-09
1304.2153329849243,-1.560832e-09
1304.3093383312225,-1.560534e-09
1304.4029533863068,-1.560311e-09
1304.4961895942688,-1.560231e-09
1304.590354681015,-1.560511e-09
1304.6838417053223,-1.561108e-09
1304.7785398960114,-1.561143e-09
1304.8727869987488,-1.560995e-09
1304.96674990654,-1.560802e-09
1305.0616776943207,-1.560614e-09
1305.1550002098083,-1.560359e-09
1305.2493352890015,-1.560303e-09
1305.3430287837982,-1.560557e-09
1305.437622308731,-1.560777e-09
1305.5315299034119,-1.561214e-09
1305.6271994113922,-1.561237e-09
1305.724395275116,-1.561136e-09
1305.8180406093597,-1.561229e-09
1305.9118249416351,-1.561005e-09
1306.005740404129,-1.560712e-09
1306.0992722511292,-1.560523e-09
1306.1932837963104,-1.560437e-09
1306.287516117096,-1.560459e-09
1306.382220029831,-1.560729e-09
1306.4760553836823,-1.561331e-09
1306.5696890354156,-1.561245e-09
1306.6636061668396,-1.56102e-09
1306.758061170578,-1.560764e-09
1306.8516812324524,-1.56065e-09
1306.9459352493286,-1.560568e-09
1307.0390598773956,-1.560857e-09
1307.1328876018524,-1.561404e-09
1307.2269072532654,-1.561405e-09
1307.3213896751404,-1.561243e-09
1307.414879322052,-1.560873e-09
1307.5095643997192,-1.560749e-09
1307.6037476062775,-1.560643e-09
1307.6978652477264,-1.560646e-09
1307.792031288147,-1.561244e-09
1307.885997056961,-1.561523e-09
1307.97967171669,-1.561305e-09
1308.0734820365906,-1.561047e-09
1308.167239665985,-1.560789e-09
1308.2609376907349,-1.560683e-09
1308.3544354438782,-1.561013e-09
1308.4482023715973,-1.561548e-09
1308.5422377586365,-1.561603e-09
1308.6360125541687,-1.561345e-09
1308.7301890850067,-1.561111e-09
1308.8238337039948,-1.560864e-09
1308.917904138565,-1.560789e-09
1309.012582063675,-1.560813e-09
1309.1061038970947,-1.561211e-09
1309.200095653534,-1.561671e-09
1309.2945318222046,-1.561719e-09
1309.3884906768799,-1.561417e-09
1309.482149362564,-1.56119e-09
1309.5761444568634,-1.561027e-09
1309.6701424121857,-1.560855e-09
1309.7643175125122,-1.56109e-09
1309.8579287528992,-1.561624e-09
1309.9518795013428,-1.561937e-09
1310.0456459522247,-1.561776e-09
1310.1396775245667,-1.561495e-09
1310.2337007522583,-1.561273e-09
1310.3279211521149,-1.561156e-09
1310.4216289520264,-1.561102e-09
1310.5155537128448,-1.56137e-09
1310.6094069480896,-1.561933e-09
1310.703426361084,-1.562009e-09
1310.7971422672272,-1.561642e-09
1310.891727924347,-1.561451e-09
1310.9854955673218,-1.561264e-09
1311.0792758464813,-1.561165e-09
1311.17298412323,-1.561466e-09
1311.2673892974854,-1.561896e-09
1311.3608469963074,-1.562062e-09
1311.455816745758,-1.561895e-09
1311.5493533611298,-1.561548e-09
1311.6430172920227,-1.561353e-09
1311.736620426178,-1.561272e-09
1311.830444574356,-1.561715e-09
1311.9243605136871,-1.562175e-09
1312.0187447071075,-1.562082e-09
1312.1120522022247,-1.56179e-09
1312.2060902118683,-1.561546e-09
1312.2998967170715,-1.56139e-09
1312.3939611911774,-1.561341e-09
1312.4881417751312,-1.561579e-09
1312.5820968151093,-1.562043e-09
1312.6757991313934,-1.562267e-09
1312.7698721885681,-1.562103e-09
1312.8639025688171,-1.561738e-09
1312.9582617282867,-1.561586e-09
1313.0517466068268,-1.561441e-09
1313.1460375785828,-1.56148e-09
1313.2399184703827,-1.562016e-09
1313.3342509269714,-1.562333e-09
1313.4274852275848,-1.562245e-09
1313.5246183872223,-1.562369e-09
1313.6185429096222,-1.562169e-09
1313.7126548290253,-1.561924e-09
1313.8069076538086,-1.561702e-09
1313.9009759426117,-1.561593e-09
1313.9949202537537,-1.561548e-09
1314.0883252620697,-1.562047e-09
1314.1821970939636,-1.562461e-09
1314.2753875255585,-1.562175e-09
1314.3688733577728,-1.561847e-09
1314.4627640247345,-1.561695e-09
1314.5568852424622,-1.561629e-09
1314.6513528823853,-1.56172e-09
1314.74489736557,-1.56228e-09
1314.8389236927032,-1.562573e-09
1314.9325740337372,-1.562338e-09
1315.0270829200745,-1.562179e-09
1315.1206452846527,-1.561896e-09
1315.2142925262451,-1.561753e-09
1315.3086242675781,-1.561737e-09
1315.4021570682526,-1.562227e-09
1315.4957540035248,-1.562619e-09
1315.6088120937347,-1.561956e-09
1315.70818567276,-1.561859e-09
1315.802546262741,-1.561808e-09
1315.8977098464966,-1.561852e-09
1315.9914379119873,-1.562235e-09
1316.0852673053741,-1.562686e-09
1316.1786787509918,-1.562623e-09
1316.2727625370026,-1.562412e-09
1316.3664150238037,-1.562094e-09
1316.461406469345,-1.562022e-09
1316.5550978183746,-1.561912e-09
1316.649162054062,-1.561981e-09
1316.742657661438,-1.562562e-09
1316.8362803459167,-1.562845e-09
1316.930154800415,-1.562616e-09
1317.0247647762299,-1.562485e-09
1317.118397951126,-1.562174e-09
1317.2124750614166,-1.562056e-09
1317.3061175346375,-1.562048e-09
1317.400413274765,-1.56233e-09
1317.494733095169,-1.562648e-09
1317.5894312858582,-1.562907e-09
1317.683743238449,-1.562929e-09
1317.7774097919464,-1.562603e-09
1317.8712470531464,-1.56235e-09
1317.9663770198822,-1.562237e-09
1318.059289932251,-1.562077e-09
1318.1535274982452,-1.562293e-09
1318.2464499473572,-1.563028e-09
1318.340802192688,-1.56293e-09
1318.440906047821,-1.562439e-09
1318.5349950790405,-1.562954e-09
1318.6282243728638,-1.562947e-09
1318.721919298172,-1.562682e-09
1318.8153488636017,-1.562341e-09
1318.9132182598114,-1.562621e-09
1319.0066742897034,-1.562313e-09
1319.0998740196228,-1.562218e-09
1319.194133758545,-1.562563e-09
1319.2877843379974,-1.563148e-09
1319.3816661834717,-1.563065e-09
1319.4789772033691,-1.563177e-09
1319.5799760818481,-1.562299e-09
1319.6741032600403,-1.562472e-09
1319.7688403129578,-1.562902e-09
1319.8627860546112,-1.563232e-09
1319.9568026065826,-1.563123e-09
1320.0507154464722,-1.562859e-09
1320.1438138484955,-1.562579e-09
1320.2386357784271,-1.562493e-09
1320.3326258659363,-1.562453e-09
1320.4266448020935,-1.562767e-09
1320.5207722187042,-1.563227e-09
1320.6143100261688,-1.563334e-09
1320.7078866958618,-1.562977e-09
1320.80837059021,-1.563167e-09
1320.9020247459412,-1.563348e-09
1320.9961941242218,-1.563153e-09
1321.0904748439789,-1.562906e-09
1321.1844820976257,-1.562698e-09
1321.2787499427795,-1.562617e-09
1321.3723118305206,-1.562683e-09
1321.4668447971344,-1.562984e-09
1321.5607686042786,-1.563462e-09
1321.654477596283,-1.563395e-09
1321.747896194458,-1.563028e-09
1321.8411343097687,-1.562771e-09
1321.935513973236,-1.562691e-09
1322.0298991203308,-1.562676e-09
1322.1238431930542,-1.563069e-09
1322.2188622951508,-1.563365e-09
1322.3121030330658,-1.563561e-09
1322.4068994522095,-1.563444e-09
1322.5006091594696,-1.563298e-09
1322.5954768657684,-1.563386e-09
1322.6896061897278,-1.563123e-09
1322.783934354782,-1.562935e-09
1322.8797237873077,-1.562965e-09
1322.9728162288666,-1.563383e-09
1323.0780565738678,-1.563685e-09
1323.1719405651093,-1.56345e-09
1323.2664535045624,-1.563255e-09
1323.3603489398956,-1.563112e-09
1323.454219341278,-1.563013e-09
1323.5475113391876,-1.563254e-09
1323.6413276195526,-1.56378e-09
1323.7358725070953,-1.563799e-09
1323.8304889202118,-1.563655e-09
1323.9242150783539,-1.563291e-09
1324.018307685852,-1.563478e-09
1324.1116063594818,-1.563372e-09
1324.205739736557,-1.563497e-09
1324.2998769283295,-1.563949e-09
1324.394227027893,-1.564176e-09
1324.487683057785,-1.563939e-09
1324.581182718277,-1.563621e-09
1324.6750526428223,-1.563398e-09
1324.7696945667267,-1.563314e-09
1324.8629512786865,-1.5634e-09
1324.9578778743744,-1.563606e-09
1325.0513563156128,-1.564169e-09
1325.1459691524506,-1.564264e-09
1325.2393975257874,-1.56404e-09
1325.3345863819122,-1.563909e-09
1325.4281024932861,-1.563611e-09
1325.521952867508,-1.563499e-09
1325.6154742240906,-1.563472e-09
1325.7091295719147,-1.564082e-09
1325.802521944046,-1.56438e-09
1325.8969695568085,-1.564148e-09
1325.9907774925232,-1.56384e-09
1326.084862947464,-1.563669e-09
1326.178723335266,-1.563549e-09
1326.273551940918,-1.56361e-09
1326.3697338104248,-1.563593e-09
1326.4874773025513,-1.564268e-09
1326.5807752609253,-1.563896e-09
1326.674955368042,-1.563733e-09
1326.7693350315094,-1.563634e-09
1326.8630471229553,-1.563756e-09
1326.9574553966522,-1.564118e-09
1327.050761938095,-1.56452e-09
1327.1456987857819,-1.564473e-09
1327.2420842647552,-1.56453e-09
1327.3359043598175,-1.564347e-09
1327.4295907020569,-1.56401e-09
1327.5233187675476,-1.563818e-09
1327.617173910141,-1.563751e-09
1327.711153268814,-1.563845e-09
1327.8063099384308,-1.563961e-09
1327.9005951881409,-1.564466e-09
1327.9943153858185,-1.564597e-09
1328.0879220962524,-1.564315e-09
1328.1815993785858,-1.563966e-09
1328.2749481201172,-1.563762e-09
1328.369013786316,-1.563789e-09
1328.463427066803,-1.564113e-09
1328.5569052696228,-1.564681e-09
1328.6505959033966,-1.564527e-09
1328.7451899051666,-1.564317e-09
1328.8389775753021,-1.564062e-09
1328.932766675949,-1.563833e-09
1329.0261821746826,-1.563983e-09
1329.119994878769,-1.564519e-09
1329.2141168117523,-1.56469e-09
1329.308188199997,-1.564557e-09
1329.4020953178406,-1.564229e-09
1329.496208190918,-1.564022e-09
1329.5899639129639,-1.563898e-09
1329.684279203415,-1.563994e-09
1329.7783720493317,-1.564491e-09
1329.8733611106873,-1.564784e-09
1329.9666604995728,-1.564652e-09
1330.0609426498413,-1.5644e-09
1330.154756784439,-1.564105e-09
1330.2482643127441,-1.563976e-09
1330.3417336940765,-1.564174e-09
1330.4356245994568,-1.564638e-09
1330.529436826706,-1.564873e-09
1330.6230607032776,-1.564673e-09
1330.7164642810822,-1.564246e-09
1330.8110656738281,-1.564181e-09
1330.905021429062,-1.564038e-09
1330.9991240501404,-1.564023e-09
1331.092852115631,-1.56462e-09
1331.187287569046,-1.564941e-09
1331.2812490463257,-1.564838e-09
1331.3752918243408,-1.564679e-09
1331.4692032337189,-1.564343e-09
1331.5640590190887,-1.564303e-09
1331.6580460071564,-1.564145e-09
1331.7520287036896,-1.564139e-09
1331.845533132553,-1.56465e-09
1331.9393520355225,-1.565097e-09
1332.0326223373413,-1.564848e-09
1332.1268815994263,-1.564597e-09
1332.2208995819092,-1.564366e-09
1332.315264225006,-1.564323e-09
1332.4085109233856,-1.56433e-09
1332.502963066101,-1.564745e-09
1332.5964031219482,-1.565181e-09
1332.6908431053162,-1.565082e-09
1332.7842330932617,-1.564757e-09
1332.8775117397308,-1.564446e-09
1332.9718780517578,-1.564364e-09
1333.0659484863281,-1.564305e-09
1333.1597363948822,-1.564675e-09
1333.2549176216125,-1.564966e-09
1333.3481040000916,-1.565242e-09
1333.4433104991913,-1.565199e-09
1333.5374748706818,-1.564976e-09
1333.6328268051147,-1.564899e-09
1333.726851940155,-1.564635e-09
1333.8204355239868,-1.564485e-09
1333.913902759552,-1.56458e-09
1334.0083379745483,-1.564779e-09
1334.102968454361,-1.565282e-09
1334.1962890625,-1.56534e-09
1334.2918980121613,-1.565242e-09
1334.3854639530182,-1.564918e-09
1334.479871749878,-1.564695e-09
1334.5737657546997,-1.56457e-09
1334.6677327156067,-1.564479e-09
1334.7613942623138,-1.564791e-09
1334.855281829834,-1.565254e-09
1334.949642419815,-1.565378e-09
1335.0434041023254,-1.565213e-09
1335.1370346546173,-1.564834e-09
1335.2304570674896,-1.56461e-09
1335.3242182731628,-1.564608e-09
1335.4182014465332,-1.564924e-09
1335.5124096870422,-1.565372e-09
1335.606778383255,-1.565543e-09
1335.7004690170288,-1.565266e-09
1335.7942147254944,-1.564924e-09
1335.888106584549,-1.564779e-09
1335.9818696975708,-1.564657e-09
1336.0757875442505,-1.564628e-09
1336.1699974536896,-1.564976e-09
1336.2640204429626,-1.565525e-09
1336.3585996627808,-1.565539e-09
1336.4517414569855,-1.565331e-09
1336.5456898212433,-1.565047e-09
1336.6395478248596,-1.564792e-09
1336.7331938743591,-1.564712e-09
1336.8278069496155,-1.56482e-09
1336.9221861362457,-1.565114e-09
1337.016037940979,-1.565623e-09
1337.1106233596802,-1.56561e-09
1337.20463347435,-1.565318e-09
1337.2989633083344,-1.565161e-09
1337.393166065216,-1.564945e-09
1337.4870524406433,-1.564802e-09
1337.5805292129517,-1.565158e-09
1337.674198627472,-1.565472e-09
1337.768618106842,-1.565784e-09
1337.8629667758942,-1.565644e-09
1337.9565887451172,-1.565397e-09
1338.050948858261,-1.565144e-09
1338.1446781158447,-1.564962e-09
1338.238163471222,-1.565062e-09
1338.3328957557678,-1.565361e-09
1338.4269707202911,-1.565795e-09
1338.5213098526,-1.565912e-09
1338.6147634983063,-1.56564e-09
1338.7090201377869,-1.565372e-09
1338.802767753601,-1.565176e-09
1338.8962347507477,-1.565052e-09
1338.9902050495148,-1.565254e-09
1339.0847198963165,-1.565583e-09
1339.1785082817078,-1.565985e-09
1339.2718918323517,-1.565763e-09
1339.3656694889069,-1.565487e-09
1339.4590442180634,-1.56524e-09
1339.5599310398102,-1.565921e-09
1339.6530175209045,-1.565528e-09
1339.7469415664673,-1.565366e-09
1339.8422791957855,-1.565325e-09
1339.9361939430237,-1.56519e-09
1340.0303523540497,-1.565256e-09
1340.1235556602478,-1.565936e-09
1340.2181642055511,-1.566152e-09
1340.3115575313568,-1.565943e-09
1340.405874967575,-1.565722e-09
1340.4993152618408,-1.565433e-09
1340.5931565761566,-1.565275e-09
1340.6876027584076,-1.565317e-09
1340.7812287807465,-1.566033e-09
1340.8749644756317,-1.566188e-09
1340.9685928821564,-1.565907e-09
1341.0618968009949,-1.565533e-09
1341.155196905136,-1.565355e-09
1341.2488543987274,-1.565505e-09
1341.3429741859436,-1.566049e-09
1341.4370839595795,-1.566285e-09
1341.5304987430573,-1.566059e-09
1341.6245963573456,-1.565771e-09
1341.7181429862976,-1.565506e-09
1341.8117849826813,-1.565462e-09
1341.9056026935577,-1.565745e-09
1341.9997124671936,-1.566194e-09
1342.0935535430908,-1.566312e-09
1342.1869072914124,-1.565991e-09
1342.2806804180145,-1.565663e-09
1342.3746421337128,-1.56561e-09
1342.4682912826538,-1.565573e-09
1342.562251329422,-1.565905e-09
1342.657155752182,-1.566073e-09
1342.7512352466583,-1.566451e-09
1342.8447041511536,-1.566225e-09
1342.9384329319,-1.565978e-09
1343.0326068401337,-1.565761e-09
1343.1263806819916,-1.565619e-09
1343.2202036380768,-1.565765e-09
1343.314836025238,-1.566159e-09
1343.4079678058624,-1.566496e-09
1343.50155043602,-1.566153e-09
1343.5954098701477,-1.56588e-09
1343.6893033981323,-1.565728e-09
1343.7842512130737,-1.565711e-09
1343.878068447113,-1.565686e-09
1343.971647977829,-1.566063e-09
1344.0656275749207,-1.566543e-09
1344.1595373153687,-1.56645e-09
1344.254721879959,-1.566366e-09
1344.348335981369,-1.566083e-09
1344.442820072174,-1.565921e-09
1344.536600112915,-1.565752e-09
1344.6314454078674,-1.565697e-09
1344.7252187728882,-1.565766e-09
1344.8198657035828,-1.565938e-09
1344.9138231277466,-1.566491e-09
1345.0080516338348,-1.566632e-09
1345.102522611618,-1.566566e-09
1345.1968958377838,-1.566286e-09
1345.2911806106567,-1.566036e-09
1345.3846626281738,-1.565818e-09
1345.4791269302368,-1.565768e-09
1345.5730412006378,-1.565727e-09
1345.6675291061401,-1.565853e-09
1345.7612454891205,-1.566481e-09
1345.8553349971771,-1.566594e-09
1345.9490587711334,-1.566366e-09
1346.0427796840668,-1.566126e-09
1346.136241197586,-1.56588e-09
1346.230388879776,-1.565816e-09
1346.3240308761597,-1.566052e-09
1346.4177632331848,-1.566665e-09
1346.5115659236908,-1.566687e-09
1346.606541633606,-1.566589e-09
1346.7002582550049,-1.566238e-09
1346.795080423355,-1.566143e-09
1346.8893373012543,-1.566021e-09
1346.9840579032898,-1.565957e-09
1347.07807970047,-1.565898e-09
1347.1719353199005,-1.566147e-09
1347.2661263942719,-1.566635e-09
1347.3599047660828,-1.566817e-09
1347.4578993320465,-1.566648e-09
1347.5511255264282,-1.566826e-09
1347.6450717449188,-1.566597e-09
1347.7395033836365,-1.566405e-09
1347.8333327770233,-1.566161e-09
1347.9270889759064,-1.566063e-09
1348.0206503868103,-1.566026e-09
1348.1246528625488,-1.566824e-09
1348.218153476715,-1.566433e-09
1348.3119235038757,-1.56621e-09
1348.4060733318329,-1.566146e-09
1348.4999532699585,-1.566053e-09
1348.5945973396301,-1.566254e-09
1348.7018077373505,-1.566935e-09
1348.7951974868774,-1.566871e-09
1348.889400959015,-1.566707e-09
1348.9838335514069,-1.566525e-09
1349.078926563263,-1.56641e-09
1349.1729185581207,-1.566227e-09
1349.2674667835236,-1.5662e-09
1349.3617250919342,-1.566272e-09
1349.4563975334167,-1.566499e-09
1349.5503380298615,-1.567097e-09
1349.6441400051117,-1.567035e-09
1349.7376940250397,-1.56667e-09
1349.8315522670746,-1.566408e-09
1349.9248974323273,-1.566251e-09
1350.0199835300446,-1.56622e-09
1350.1129698753357,-1.5669e-09
1350.2069489955902,-1.567194e-09
1350.3001427650452,-1.566813e-09
1350.3941297531128,-1.566559e-09
1350.487729549408,-1.566383e-09
1350.5824310779572,-1.566309e-09
1350.6759524345398,-1.566449e-09
1350.7700090408325,-1.566871e-09
1350.863397359848,-1.567222e-09
1350.9582304954529,-1.567174e-09
1351.0521955490112,-1.566937e-09
1351.1527767181396,-1.567023e-09
1351.2464017868042,-1.567236e-09
1351.3407440185547,-1.567044e-09
1351.4355249404907,-1.566902e-09
1351.529152393341,-1.566592e-09
1351.6232345104218,-1.566475e-09
1351.7170548439026,-1.566475e-09
1351.8140978813171,-1.566453e-09
1351.9076449871063,-1.566785e-09
1352.0011491775513,-1.567316e-09
1352.0952684879303,-1.567264e-09
1352.1883924007416,-1.566832e-09
1352.281997203827,-1.566579e-09
1352.3760030269623,-1.56647e-09
1352.4698593616486,-1.566699e-09
1352.5640819072723,-1.567194e-09
1352.658665895462,-1.567429e-09
1352.7536747455597,-1.567404e-09
1352.8477878570557,-1.567171e-09
1352.9411487579346,-1.566834e-09
1353.0349597930908,-1.566668e-09
1353.129077911377,-1.566553e-09
1353.2233526706696,-1.566728e-09
1353.3167736530304,-1.567355e-09
1353.4108691215515,-1.567475e-09
1353.5049498081207,-1.567278e-09
1353.599093914032,-1.567001e-09
1353.6927697658539,-1.566758e-09
1353.7863204479218,-1.566656e-09
1353.885264635086,-1.566839e-09
1353.9792695045471,-1.56672e-09
1354.073679447174,-1.566682e-09
1354.1677906513214,-1.56699e-09
1354.2617185115814,-1.567497e-09
1354.3556571006775,-1.567547e-09
1354.4504218101501,-1.567443e-09
1354.5444042682648,-1.567228e-09
1354.6384449005127,-1.566973e-09
1354.7332770824432,-1.566869e-09
1354.8270044326782,-1.566766e-09
1354.9209151268005,-1.566882e-09
1355.0147309303284,-1.567464e-09
1355.108232975006,-1.567659e-09
1355.2020466327667,-1.567409e-09
1355.2960393428802,-1.567119e-09
1355.3897891044617,-1.56694e-09
1355.4833765029907,-1.566852e-09
1355.5778560638428,-1.566958e-09
1355.6716542243958,-1.567461e-09
1355.7656626701355,-1.567754e-09
1355.8595833778381,-1.567531e-09
1355.9534389972687,-1.56715e-09
1356.0477094650269,-1.567106e-09
1356.1417536735535,-1.566967e-09
1356.235880613327,-1.566922e-09
1356.329843044281,-1.567076e-09
1356.424077987671,-1.567515e-09
1356.5177834033966,-1.567838e-09
1356.6115353107452,-1.567596e-09
1356.7051086425781,-1.567198e-09
1356.7989122867584,-1.567083e-09
1356.8920755386353,-1.567049e-09
1356.9861965179443,-1.567466e-09
1357.0803637504578,-1.567911e-09
1357.1742215156555,-1.567901e-09
1357.2685630321503,-1.567694e-09
1357.362551689148,-1.567359e-09
1357.4562933444977,-1.567196e-09
1357.5504021644592,-1.567149e-09
1357.6442894935608,-1.567386e-09
1357.7379624843597,-1.567998e-09
1357.8318955898285,-1.568024e-09
1357.9259717464447,-1.567807e-09
1358.0200996398926,-1.567567e-09
1358.1144664287567,-1.567414e-09
1358.2078869342804,-1.567225e-09
1358.301836490631,-1.567399e-09
1358.3960349559784,-1.567886e-09
1358.4898536205292,-1.568104e-09
1358.5838923454285,-1.567924e-09
1358.6778509616852,-1.567679e-09
1358.771714925766,-1.567992e-09
1358.8660073280334,-1.575485e-09
1358.959790945053,-1.572263e-09
1359.05397439003,-1.571715e-09
1359.1479842662811,-1.57188e-09
1359.2424387931824,-1.571714e-09
1359.3402726650238,-1.57158e-09
1359.435498714447,-1.571603e-09
1359.5292899608612,-1.571522e-09
1359.6241054534912,-1.571438e-09
1359.7174112796783,-1.571111e-09
1359.812457561493,-1.570975e-09
1359.9060661792755,-1.570878e-09
1359.9999492168427,-1.571114e-09
1360.0934429168701,-1.571714e-09
1360.187037229538,-1.571757e-09
1360.2807829380035,-1.571429e-09
1360.3739511966705,-1.571069e-09
1360.4677839279175,-1.57101e-09
1360.5609834194183,-1.571367e-09
1360.6541075706482,-1.571913e-09
1360.747139930725,-1.571595e-09
1360.8415865898132,-1.571501e-09
1360.9353849887848,-1.571272e-09
1361.02973818779,-1.571119e-09
1361.1237213611603,-1.571162e-09
1361.2178461551666,-1.571535e-09
1361.3114309310913,-1.572054e-09
1361.4054882526398,-1.571907e-09
1361.499338388443,-1.571603e-09
1361.592877149582,-1.57132e-09
1361.6868813037872,-1.571228e-09
1361.7811880111694,-1.571177e-09
1361.8748655319214,-1.571749e-09
1361.9687857627869,-1.572089e-09
1362.0625050067902,-1.571855e-09
1362.1562039852142,-1.571603e-09
1362.2504487037659,-1.571378e-09
1362.344351530075,-1.57122e-09
1362.4382946491241,-1.571361e-09
1362.5327785015106,-1.571719e-09
1362.626614332199,-1.572175e-09
1362.7204461097717,-1.572012e-09
1362.8140580654144,-1.571685e-09
1362.9082207679749,-1.571532e-09
1363.002114534378,-1.571371e-09
1363.096438884735,-1.571538e-09
1363.1901168823242,-1.572156e-09
1363.284420490265,-1.572306e-09
1363.3780925273895,-1.572073e-09
1363.4715869426727,-1.571706e-09
1363.5653998851776,-1.571531e-09
1363.6594705581665,-1.571507e-09
1363.7535107135773,-1.571973e-09
1363.8466324806213,-1.572355e-09
1363.9409885406494,-1.572215e-09
1364.0350165367126,-1.571944e-09
1364.1293625831604,-1.571704e-09
1364.2231647968292,-1.57161e-09
1364.3170471191406,-1.571593e-09
1364.4108259677887,-1.571999e-09
1364.5049934387207,-1.572438e-09
1364.5986287593842,-1.572375e-09
1364.6931760311127,-1.572215e-09
1364.7866864204407,-1.571849e-09
1364.8804414272308,-1.571694e-09
1364.974190235138,-1.571599e-09
1365.0688359737396,-1.571743e-09
1365.1626307964325,-1.572331e-09
1365.256620168686,-1.572531e-09
1365.3507714271545,-1.57244e-09
1365.4445815086365,-1.572185e-09
1365.538480758667,-1.57188e-09
1365.6323082447052,-1.571774e-09
1365.7261128425598,-1.571766e-09
1365.8196187019348,-1.572182e-09
1365.9146575927734,-1.572407e-09
1366.0436601638794,-1.571921e-09
1366.1375939846039,-1.571812e-09
1366.233078956604,-1.571804e-09
1366.327303647995,-1.571859e-09
1366.4211053848267,-1.572352e-09
1366.5157120227814,-1.572699e-09
1366.6091938018799,-1.572667e-09
1366.7033321857452,-1.57245e-09
1366.7975296974182,-1.572197e-09
1366.8915739059448,-1.572037e-09
1366.9855048656464,-1.571906e-09
1367.0799078941345,-1.57203e-09
1367.1745755672455,-1.572231e-09
1367.2683472633362,-1.572715e-09
1367.363226890564,-1.572802e-09
1367.4567604064941,-1.572587e-09
1367.5524506568909,-1.572607e-09
1367.646603345871,-1.572289e-09
1367.7409598827362,-1.572161e-09
1367.8346128463745,-1.572073e-09
1367.9280190467834,-1.572207e-09
1368.0220923423767,-1.572668e-09
1368.1170618534088,-1.572876e-09
1368.2111880779266,-1.572868e-09
1368.304707288742,-1.572515e-09
1368.3985295295715,-1.572228e-09
1368.492372751236,-1.572101e-09
1368.5865006446838,-1.57212e-09
1368.680433511734,-1.572648e-09
1368.7743906974792,-1.572994e-09
1368.871042728424,-1.572873e-09
1368.9657351970673,-1.573053e-09
1369.0597710609436,-1.572928e-09
1369.167584657669,-1.572628e-09
1369.260770559311,-1.572309e-09
1369.3545293807983,-1.572253e-09
1369.4482970237732,-1.572574e-09
1369.541749238968,-1.573139e-09
1369.636170387268,-1.573088e-09
1369.7296736240387,-1.572702e-09
1369.823972940445,-1.57255e-09
1369.9182648658752,-1.57242e-09
1370.0135946273804,-1.572395e-09
1370.130000114441,-1.573169e-09
1370.224027633667,-1.573027e-09
1370.3175690174103,-1.572618e-09
1370.411955356598,-1.572544e-09
1370.5056228637695,-1.572413e-09
1370.6001291275024,-1.57259e-09
1370.693768978119,-1.573243e-09
1370.7874193191528,-1.573196e-09
1370.880976676941,-1.57281e-09
1370.9746916294098,-1.572608e-09
1371.0688376426697,-1.572469e-09
1371.166169166565,-1.572564e-09
1371.2595837116241,-1.572522e-09
1371.3535070419312,-1.57296e-09
1371.4474215507507,-1.573371e-09
1371.541435956955,-1.573238e-09
1371.6351597309113,-1.572864e-09
1371.7291295528412,-1.572698e-09
1371.8230979442596,-1.572592e-09
1371.9170489311218,-1.572756e-09
1372.0114312171936,-1.573223e-09
1372.1054213047028,-1.573474e-09
1372.1995811462402,-1.573348e-09
1372.2937488555908,-1.573106e-09
1372.3881998062134,-1.572851e-09
1372.4813928604126,-1.572634e-09
1372.5755746364594,-1.572651e-09
1372.6694304943085,-1.57313e-09
1372.7634890079498,-1.573537e-09
1372.8570907115936,-1.573402e-09
1372.9511075019836,-1.573116e-09
1373.0448262691498,-1.572871e-09
1373.1394095420837,-1.572815e-09
1373.2332351207733,-1.572687e-09
1373.3272783756256,-1.572965e-09
1373.4220151901245,-1.573261e-09
1373.516613483429,-1.573559e-09
1373.6106519699097,-1.573571e-09
1373.7045199871063,-1.573255e-09
1373.799012184143,-1.573161e-09
1373.892822265625,-1.572887e-09
1373.986752986908,-1.572802e-09
1374.080305814743,-1.573169e-09
1374.1755900382996,-1.573364e-09
1374.269195318222,-1.573733e-09
1374.3640677928925,-1.573628e-09
1374.4571056365967,-1.573177e-09
1374.5500791072845,-1.572945e-09
1374.6434955596924,-1.573002e-09
1374.7382855415344,-1.573268e-09
1374.8315999507904,-1.573784e-09
1374.9262075424194,-1.573753e-09
1375.019727230072,-1.573399e-09
1375.1131892204285,-1.573091e-09
1375.2069454193115,-1.572952e-09
1375.300262928009,-1.573204e-09
1375.3947479724884,-1.573655e-09
1375.4897871017456,-1.573849e-09
1375.5837063789368,-1.573811e-09
1375.6784129142761,-1.573654e-09
1375.771996974945,-1.573299e-09
1375.8669261932373,-1.573183e-09
1375.9602856636047,-1.573033e-09
1376.0544078350067,-1.573124e-09
1376.1514389514923,-1.573107e-09
1376.244891166687,-1.573569e-09
1376.3385570049286,-1.574047e-09
1376.432358264923,-1.573882e-09
1376.5262196063995,-1.573625e-09
1376.6203217506409,-1.573356e-09
1376.7144796848297,-1.573246e-09
1376.8083791732788,-1.573268e-09
1376.9022550582886,-1.573864e-09
1376.9958941936493,-1.574087e-09
1377.0929560661316,-1.574118e-09
1377.1862995624542,-1.573903e-09
1377.2811851501465,-1.573731e-09
1377.3754074573517,-1.573494e-09
1377.4689157009125,-1.573311e-09
1377.5630478858948,-1.573282e-09
1377.6570496559143,-1.57376e-09
1377.7521004676819,-1.574046e-09
1377.8458564281464,-1.574163e-09
1377.9400198459625,-1.57401e-09
1378.034776210785,-1.573769e-09
1378.1286764144897,-1.573503e-09
1378.2229261398315,-1.573396e-09
1378.3167839050293,-1.573498e-09
1378.4167430400848,-1.573614e-09
1378.5104656219482,-1.573473e-09
1378.6042501926422,-1.573527e-09
1378.6978023052216,-1.574574e-09
1378.7908086776733,-1.578143e-09
1378.884709596634,-1.582291e-09
1378.978376865387,-1.582293e-09
1379.0727760791779,-1.580277e-09
1379.1662418842316,-1.579725e-09
1379.2601299285889,-1.579929e-09
1379.3536522388458,-1.580023e-09
1379.4477767944336,-1.579624e-09
1379.5412600040436,-1.579386e-09
1379.6354694366455,-1.579217e-09
1379.728793144226,-1.579111e-09
1379.82279753685,-1.580375e-09
1379.9169716835022,-1.58052e-09
1380.011436700821,-1.580873e-09
1380.1047921180725,-1.581169e-09
1380.1990013122559,-1.580663e-09
1380.2979862689972,-1.580928e-09
1380.39200258255,-1.580663e-09
1380.4865295886993,-1.580552e-09
1380.5809149742126,-1.580394e-09
1380.674810886383,-1.580271e-09
1380.7688345909119,-1.580616e-09
1380.8628706932068,-1.580972e-09
1380.9570760726929,-1.581333e-09
1381.050448179245,-1.581135e-09
1381.151290178299,-1.580789e-09
1381.244954586029,-1.581366e-09
1381.3392794132233,-1.581315e-09
1381.4326691627502,-1.580975e-09
1381.5270457267761,-1.580741e-09
1381.6203000545502,-1.580658e-09
1381.7157356739044,-1.580579e-09
1381.8099887371063,-1.580592e-09
1381.9041233062744,-1.580932e-09
1381.998265504837,-1.581396e-09
1382.0920922756195,-1.581335e-09
1382.1851320266724,-1.580998e-09
1382.279833316803,-1.580885e-09
1382.373342037201,-1.580846e-09
1382.466805934906,-1.580908e-09
1382.5615162849426,-1.581265e-09
1382.655804157257,-1.58169e-09
1382.749320268631,-1.581653e-09
1382.8438560962677,-1.581531e-09
1382.9384996891022,-1.581359e-09
1383.0325663089752,-1.581143e-09
1383.1263101100922,-1.581027e-09
1383.2198326587677,-1.580931e-09
1383.3132331371307,-1.581435e-09
1383.4073069095612,-1.581827e-09
1383.5014731884003,-1.581828e-09
1383.5947360992432,-1.58156e-09
1383.688473701477,-1.581331e-09
1383.7834205627441,-1.581188e-09
1383.8774166107178,-1.581127e-09
1383.9710993766785,-1.581186e-09
1384.06605219841,-1.581297e-09
1384.1597301959991,-1.581926e-09
1384.254028558731,-1.581988e-09
1384.347587108612,-1.581781e-09
1384.4417700767517,-1.581558e-09
1384.5380926132202,-1.581605e-09
1384.6317729949951,-1.581362e-09
1384.7264468669891,-1.581268e-09
1384.8232951164246,-1.581348e-09
1384.9169464111328,-1.581216e-09
1385.0113790035248,-1.581248e-09
1385.104872226715,-1.581698e-09
1385.1988949775696,-1.58215e-09
1385.2922086715698,-1.582052e-09
1385.3860523700714,-1.581853e-09
1385.4800271987915,-1.581648e-09
1385.574779033661,-1.581589e-09
1385.6683430671692,-1.581493e-09
1385.7631838321686,-1.581905e-09
1385.8576056957245,-1.582438e-09
1385.9522850513458,-1.582616e-09
1386.0462274551392,-1.582476e-09
1386.1409468650818,-1.582401e-09
1386.2354004383087,-1.582352e-09
1386.329267024994,-1.582777e-09
1386.4230606555939,-1.582489e-09
1386.5171456336975,-1.582712e-09
1386.611004114151,-1.582784e-09
1386.7050976753235,-1.583382e-09
1386.7994961738586,-1.58322e-09
1386.8927977085114,-1.582966e-09
1386.986426115036,-1.582789e-09
1387.0802946090698,-1.582694e-09
1387.1745665073395,-1.582854e-09
1387.2681879997253,-1.583489e-09
1387.3621599674225,-1.583544e-09
1387.4558584690094,-1.583161e-09
1387.5500099658966,-1.582926e-09
1387.643916130066,-1.582805e-09
1387.7382974624634,-1.582736e-09
1387.831650018692,-1.583043e-09
1387.9259128570557,-1.583552e-09
1388.019671678543,-1.58363e-09
1388.1132578849792,-1.583395e-09
1388.2075953483582,-1.583281e-09
1388.3016216754913,-1.583113e-09
1388.3954133987427,-1.582934e-09
1388.4891862869263,-1.582979e-09
1388.5832479000092,-1.583378e-09
1388.7105576992035,-1.583052e-09
1388.8039243221283,-1.583066e-09
1388.8984961509705,-1.583313e-09
1388.9962482452393,-1.582992e-09
1389.0908439159393,-1.583141e-09
1389.1845445632935,-1.583774e-09
1389.2788660526276,-1.583938e-09
1389.373622894287,-1.583843e-09
1389.4676744937897,-1.583586e-09
1389.5616331100464,-1.583271e-09
1389.6553151607513,-1.583152e-09
1389.7554111480713,-1.58357e-09
1389.8499484062195,-1.583404e-09
1389.9438335895538,-1.583259e-09
1390.0375123023987,-1.583191e-09
1390.1312816143036,-1.583391e-09
1390.2254083156586,-1.583903e-09
1390.3190829753876,-1.584138e-09
1390.4132506847382,-1.584219e-09
1390.5072519779205,-1.584347e-09
1390.6012969017029,-1.583989e-09
1390.6949181556702,-1.583849e-09
1390.789202451706,-1.584079e-09
1390.8839964866638,-1.584168e-09
1390.9772555828094,-1.584808e-09
1391.0717844963074,-1.584871e-09
1391.1780133247375,-1.584592e-09
1391.2720165252686,-1.584522e-09
1391.365719795227,-1.584609e-09
1391.4598307609558,-1.584728e-09
1391.5538611412048,-1.585072e-09
1391.652827501297,-1.58456e-09
1391.746844291687,-1.584645e-09
1391.840663909912,-1.585253e-09
1391.9341371059418,-1.585478e-09
1392.0353798866272,-1.584749e-09
1392.128952741623,-1.585078e-09
1392.2228994369507,-1.585534e-09
1392.3165600299835,-1.585487e-09
1392.4103944301605,-1.585187e-09
1392.5038886070251,-1.584968e-09
1392.5979464054108,-1.584879e-09
1392.6919333934784,-1.584812e-09
1392.7868695259094,-1.584978e-09
1392.880452156067,-1.585553e-09
1392.974202632904,-1.585378e-09
1393.0685551166534,-1.584723e-09
1393.1629812717438,-1.584448e-09
1393.2566933631897,-1.584169e-09
1393.3503229618073,-1.584559e-09
1393.443986415863,-1.584876e-09
1393.538593530655,-1.585559e-09
1393.6322612762451,-1.585133e-09
1393.72593998909,-1.585047e-09
1393.8201503753662,-1.585281e-09
1393.9145727157593,-1.585589e-09
1394.0087115764618,-1.585547e-09
1394.102989912033,-1.585662e-09
1394.196588754654,-1.585425e-09
1394.2909626960754,-1.585991e-09
1394.3864424228668,-1.586167e-09
1394.480076789856,-1.586822e-09
1394.574456691742,-1.587142e-09
1394.6763634681702,-1.586843e-09
1394.7769486904144,-1.587263e-09
1394.8706324100494,-1.587193e-09
1394.9642701148987,-1.587636e-09
1395.0576820373535,-1.588278e-09
1395.1513113975525,-1.589173e-09
1395.2446336746216,-1.58911e-09
1395.3384175300598,-1.589117e-09
1395.4320602416992,-1.589771e-09
1395.5258061885834,-1.589924e-09
1395.6198184490204,-1.590321e-09
1395.7147760391235,-1.590588e-09
1395.8084993362427,-1.591497e-09
1395.9030179977417,-1.591828e-09
1395.9965698719025,-1.592365e-09
1396.0906829833984,-1.592469e-09
1396.1849551200867,-1.592475e-09
1396.280080795288,-1.592514e-09
1396.3735909461975,-1.592859e-09
1396.467811346054,-1.593362e-09
1396.5629093647003,-1.59376e-09
1396.656818151474,-1.594835e-09
1396.7499902248383,-1.594772e-09
1396.8438770771027,-1.594651e-09
1396.9369895458221,-1.594915e-09
1397.030923128128,-1.595532e-09
1397.1247906684875,-1.596971e-09
1397.2184555530548,-1.597397e-09
1397.3118782043457,-1.597789e-09
1397.4061813354492,-1.598168e-09
1397.5085535049438,-1.598466e-09
1397.6017763614655,-1.599412e-09
1397.6950376033783,-1.599378e-09
1397.789549589157,-1.599641e-09
1397.883423089981,-1.600549e-09
1397.9772326946259,-1.600634e-09
1398.0711035728455,-1.600822e-09
1398.1647777557373,-1.601531e-09
1398.2597374916077,-1.602628e-09
1398.3536608219147,-1.603835e-09
1398.447719335556,-1.605132e-09
1398.5415432453156,-1.605526e-09
1398.6354670524597,-1.606053e-09
1398.7293236255646,-1.606565e-09
1398.8229122161865,-1.607088e-09
1398.9168503284454,-1.608479e-09
1399.0106012821198,-1.610528e-09
1399.1065700054169,-1.611229e-09
1399.2012102603912,-1.613614e-09
1399.2956082820892,-1.681287e-09
1399.3893947601318,-1.66798e-09
1399.4838225841522,-1.656712e-09
1399.5777597427368,-1.654599e-09
1399.6718850135803,-1.654247e-09
1399.765286207199,-1.653395e-09
1399.8597819805145,-1.654588e-09
1399.9534690380096,-1.656091e-09
1400.0476560592651,-1.65704e-09
1400.1414608955383,-1.656996e-09
1400.2357070446014,-1.657025e-09
1400.329485654831,-1.657476e-09
1400.4238111972809,-1.658448e-09
1400.5182812213898,-1.658992e-09
1400.6134407520294,-1.65923e-09
1400.707855463028,-1.660485e-09
1400.8014800548553,-1.661121e-09
1400.8952753543854,-1.661859e-09
1400.9889419078827,-1.662304e-09
1401.0838210582733,-1.662402e-09
1401.1773834228516,-1.663011e-09
1401.2724559307098,-1.664044e-09
1401.3682777881622,-1.664568e-09
1401.4626877307892,-1.664537e-09
1401.5570781230927,-1.664493e-09
1401.6514644622803,-1.664886e-09
1401.7469425201416,-1.665318e-09
1401.8420016765594,-1.665576e-09
1401.9361374378204,-1.666077e-09
1402.0315117835999,-1.666046e-09
1402.1259541511536,-1.666175e-09
1402.2195477485657,-1.665856e-09
1402.3139357566833,-1.665713e-09
1402.4080827236176,-1.665444e-09
1402.501883506775,-1.665338e-09
1402.5953042507172,-1.665509e-09
1402.688512802124,-1.666332e-09
1402.7822043895721,-1.666451e-09
1402.8766543865204,-1.666813e-09
1402.9699952602386,-1.666721e-09
1403.0636475086212,-1.666452e-09
1403.158260345459,-1.666436e-09
1403.2524635791779,-1.666437e-09
1403.3463718891144,-1.66682e-09
1403.4413998126984,-1.666942e-09
1403.5353653430939,-1.667266e-09
1403.6298522949219,-1.667308e-09
1403.7234599590302,-1.667003e-09
1403.8185255527496,-1.666982e-09
1403.9124495983124,-1.666781e-09
1404.007255077362,-1.666723e-09
1404.1008479595184,-1.666619e-09
1404.195413351059,-1.666778e-09
1404.289602279663,-1.667244e-09
1404.3835487365723,-1.667665e-09
1404.4778220653534,-1.667578e-09
1404.5717511177063,-1.667302e-09
1404.6662395000458,-1.66715e-09
1404.7603464126587,-1.66694e-09
1404.8570108413696,-1.667071e-09
1404.9518370628357,-1.667053e-09
1405.04620885849,-1.66693e-09
1405.1403770446777,-1.667026e-09
1405.23539686203,-1.667216e-09
1405.3290767669678,-1.667782e-09
1405.4235639572144,-1.667968e-09
1405.5191173553467,-1.668013e-09
1405.613107919693,-1.667871e-09
1405.7089114189148,-1.667891e-09
1405.8029310703278,-1.667666e-09
1405.8974709510803,-1.667489e-09
1405.9911353588104,-1.667347e-09
1406.0860285758972,-1.667366e-09
1406.180653333664,-1.667371e-09
1406.274703502655,-1.667876e-09
1406.36923289299,-1.668244e-09
1406.4727058410645,-1.667757e-09
1406.5663673877716,-1.667584e-09
1406.6612446308136,-1.667532e-09
1406.755338191986,-1.667614e-09
1406.8500406742096,-1.667943e-09
1406.9442903995514,-1.668334e-09
1407.0429792404175,-1.667684e-09
1407.136970281601,-1.668122e-09
1407.2315347194672,-1.66858e-09
1407.3265953063965,-1.668671e-09
1407.420250415802,-1.668516e-09
1407.5153748989105,-1.668445e-09
1407.609118938446,-1.66821e-09
1407.7033994197845,-1.668012e-09
1407.7971053123474,-1.667935e-09
1407.8909404277802,-1.668269e-09
1407.9848446846008,-1.668734e-09
1408.0786001682281,-1.668914e-09
1408.17360496521,-1.669285e-09
1408.2673451900482,-1.66882e-09
1408.3618381023407,-1.668606e-09
1408.455275297165,-1.668486e-09
1408.5503642559052,-1.668565e-09
1408.6440424919128,-1.668992e-09
1408.7383697032928,-1.66959e-09
1408.8319764137268,-1.670108e-09
1408.9260239601135,-1.670028e-09
1409.0196685791016,-1.669754e-09
1409.1143379211426,-1.670293e-09
1409.2074699401855,-1.670285e-09
1409.3021762371063,-1.670514e-09
1409.3954937458038,-1.671284e-09
1409.4896988868713,-1.671375e-09
1409.583203792572,-1.67204e-09
1409.6778831481934,-1.67232e-09
1409.771700143814,-1.671784e-09
1409.8665857315063,-1.671518e-09
1409.9607918262482,-1.671402e-09
1410.0556769371033,-1.671348e-09
1410.1495778560638,-1.671344e-09
1410.2438988685608,-1.671693e-09
1410.3383708000183,-1.672097e-09
1410.4320888519287,-1.672133e-09
1410.5266559123993,-1.671978e-09
1410.620357990265,-1.6717e-09
1410.7146668434143,-1.671571e-09
1410.8100202083588,-1.671521e-09
1410.9039239883423,-1.671445e-09
1410.9980409145355,-1.671536e-09
1411.0921654701233,-1.672043e-09
1411.1860716342926,-1.672394e-09
1411.2797195911407,-1.672226e-09
1411.3735647201538,-1.671916e-09
1411.4675953388214,-1.671701e-09
1411.562088251114,-1.671712e-09
1411.6559422016144,-1.671571e-09
1411.7503504753113,-1.671809e-09
1411.8437337875366,-1.672543e-09
1411.937594652176,-1.672501e-09
1412.0316019058228,-1.672204e-09
1412.1261277198792,-1.671969e-09
1412.2194411754608,-1.671801e-09
1412.313733100891,-1.671751e-09
1412.4088819026947,-1.671781e-09
1412.5025472640991,-1.672442e-09
1412.5975136756897,-1.672593e-09
1412.691383600235,-1.672619e-09
1412.7851016521454,-1.672263e-09
1412.8794906139374,-1.67203e-09
1412.9733498096466,-1.671897e-09
1413.0675826072693,-1.671854e-09
1413.1621329784393,-1.672152e-09
1413.2567932605743,-1.672483e-09
1413.3516960144043,-1.672784e-09
1413.4457960128784,-1.672837e-09
1413.5399639606476,-1.672614e-09
1413.6344323158264,-1.67242e-09
1413.7281210422516,-1.672186e-09
1413.8220381736755,-1.672049e-09
1413.9161214828491,-1.672167e-09
1414.0101881027222,-1.672658e-09
1414.1040065288544,-1.673013e-09
1414.1979105472565,-1.672879e-09
1414.2932455539703,-1.672833e-09
1414.3864386081696,-1.672444e-09
1414.48029255867,-1.672323e-09
1414.5746388435364,-1.672269e-09
1414.6686778068542,-1.672368e-09
1414.7633018493652,-1.67269e-09
1414.8575463294983,-1.673096e-09
1414.952044725418,-1.673237e-09
1415.0459568500519,-1.672951e-09
1415.1399297714233,-1.672696e-09
1415.2341585159302,-1.672589e-09
1415.3284389972687,-1.672439e-09
1415.4224545955658,-1.672416e-09
1415.5163447856903,-1.672921e-09
1415.6104519367218,-1.673352e-09
1415.7045595645905,-1.673322e-09
1415.7987241744995,-1.673139e-09
1415.8926448822021,-1.672831e-09
1415.9871950149536,-1.672712e-09
1416.0808436870575,-1.672671e-09
1416.1757652759552,-1.672745e-09
1416.2699348926544,-1.673144e-09
1416.3643441200256,-1.673521e-09
1416.458610534668,-1.67364e-09
1416.5525543689728,-1.673444e-09
1416.6465666294098,-1.673214e-09
1416.740396976471,-1.673005e-09
1416.834899187088,-1.672955e-09
1416.9285612106323,-1.672881e-09
1417.0234229564667,-1.672918e-09
1417.118087530136,-1.673252e-09
1417.212779045105,-1.673551e-09
1417.3071930408478,-1.67387e-09
1417.4046728610992,-1.673492e-09
1417.4983568191528,-1.673943e-09
1417.5923838615417,-1.673885e-09
1417.7197840213776,-1.673298e-09
1417.8132333755493,-1.673929e-09
1417.9074866771698,-1.674044e-09
1418.0008459091187,-1.673713e-09
1418.0947926044464,-1.673468e-09
1418.188808441162,-1.673313e-09
1418.2834405899048,-1.673265e-09
1418.377116203308,-1.673303e-09
1418.4716773033142,-1.673721e-09
1418.5686202049255,-1.673455e-09
1418.6624102592468,-1.674055e-09
1418.7570745944977,-1.674198e-09
1418.8517565727234,-1.674233e-09
1418.946328163147,-1.674134e-09
1419.0407464504242,-1.673927e-09
1419.134679555893,-1.673648e-09
1419.2296805381775,-1.673624e-09
1419.3233139514923,-1.673386e-09
1419.416999578476,-1.673625e-09
1419.511079788208,-1.674248e-09
1419.605037689209,-1.674334e-09
1419.6994018554688,-1.674189e-09
1419.7949137687683,-1.674126e-09
1419.8890075683594,-1.673862e-09
1419.9848201274872,-1.673899e-09
1420.0796930789948,-1.673745e-09
1420.1748487949371,-1.673686e-09
1420.2691509723663,-1.67363e-09
1420.3639585971832,-1.67365e-09
1420.4587745666504,-1.673679e-09
1420.556522846222,-1.673686e-09
1420.6507315635681,-1.673763e-09
1420.7448382377625,-1.674072e-09
1420.8403911590576,-1.674135e-09
1420.9342412948608,-1.674668e-09
1421.027935743332,-1.674548e-09
1421.1221811771393,-1.674336e-09
1421.2164623737335,-1.674096e-09
1421.310047864914,-1.673943e-09
1421.4193768501282,-1.673972e-09
1421.513585805893,-1.673884e-09
1421.6078753471375,-1.674073e-09
1421.7021424770355,-1.674566e-09
1421.7973282337189,-1.674816e-09
1421.8913633823395,-1.67486e-09
1421.9856102466583,-1.674581e-09
1422.0815415382385,-1.67464e-09
1422.176795721054,-1.674568e-09
1422.2715425491333,-1.674409e-09
1422.3675284385681,-1.674528e-09
1422.4614810943604,-1.674245e-09
1422.555661201477,-1.67416e-09
1422.6490466594696,-1.67423e-09
1422.7435700893402,-1.674577e-09
1422.8372025489807,-1.675061e-09
1422.9315874576569,-1.675051e-09
1423.0253942012787,-1.674794e-09
1423.1197381019592,-1.674538e-09
1423.2131097316742,-1.67433e-09
1423.3077425956726,-1.674307e-09
1423.4009835720062,-1.674617e-09
1423.4951565265656,-1.675079e-09
1423.5893197059631,-1.675216e-09
1423.6832489967346,-1.674989e-09
1423.776767730713,-1.674653e-09
1423.8715307712555,-1.674562e-09
1423.9651806354523,-1.674435e-09
1424.0596323013306,-1.674443e-09
1424.1532983779907,-1.674897e-09
1424.2477815151215,-1.675278e-09
1424.3420705795288,-1.675393e-09
1424.4353003501892,-1.675059e-09
1424.5290956497192,-1.674782e-09
1424.6242127418518,-1.674723e-09
1424.7188758850098,-1.674672e-09
1424.8131272792816,-1.674583e-09
1424.9076187610626,-1.674691e-09
1425.001172542572,-1.675163e-09
1425.0956304073334,-1.67547e-09
1425.1896045207977,-1.675555e-09
1425.2838969230652,-1.675407e-09
1425.3810493946075,-1.675614e-09
1425.4760715961456,-1.675465e-09
1425.570214509964,-1.675315e-09
1425.6646242141724,-1.675081e-09
1425.7585406303406,-1.674929e-09
1425.853991985321,-1.674959e-09
1425.948546886444,-1.674841e-09
1426.0429465770721,-1.674914e-09
1426.1382222175598,-1.675021e-09
1426.23219871521,-1.675463e-09
1426.326553106308,-1.675813e-09
1426.4212484359741,-1.67582e-09
1426.51549077034,-1.675688e-09
1426.6100432872772,-1.675446e-09
1426.7039144039154,-1.67524e-09
1426.7982730865479,-1.675134e-09
1426.8920269012451,-1.675103e-09
1426.985955953598,-1.675539e-09
1427.0831887722015,-1.675249e-09
1427.1765608787537,-1.67588e-09
1427.271062374115,-1.67609e-09
1427.3649590015411,-1.675886e-09
1427.460158109665,-1.675875e-09
1427.5540504455566,-1.675693e-09
1427.653927564621,-1.676215e-09
1427.749656677246,-1.676185e-09
1427.84339261055,-1.676021e-09
1427.9377489089966,-1.675777e-09
1428.0313093662262,-1.675529e-09
1428.125011920929,-1.675407e-09
1428.219254732132,-1.675385e-09
1428.3135838508606,-1.675678e-09
1428.4094710350037,-1.675527e-09
1428.503313779831,-1.676069e-09
1428.5971975326538,-1.676363e-09
1428.6914277076721,-1.676196e-09
1428.785863161087,-1.675973e-09
1428.8801465034485,-1.675731e-09
1428.9749114513397,-1.675712e-09
1429.0684089660645,-1.675568e-09
1429.1633324623108,-1.675593e-09
1429.257673740387,-1.675948e-09
1429.3513000011444,-1.676505e-09
1429.4465160369873,-1.67655e-09
1429.5401685237885,-1.676398e-09
1429.6355710029602,-1.676382e-09
1429.7298138141632,-1.676155e-09
1429.8245384693146,-1.67599e-09
1429.9192206859589,-1.675922e-09
1430.0130770206451,-1.675822e-09
1430.1071276664734,-1.675828e-09
1430.200966835022,-1.676376e-09
1430.2960729599,-1.67659e-09
1430.3919429779053,-1.676705e-09
1430.4856491088867,-1.676718e-09
1430.5801329612732,-1.676599e-09
1430.6740901470184,-1.676328e-09
1430.7686381340027,-1.676174e-09
1430.864562511444,-1.676242e-09
1430.9589989185333,-1.676093e-09
1431.0539112091064,-1.676061e-09
1431.1548869609833,-1.676732e-09
1431.249100446701,-1.67647e-09
1431.344223022461,-1.676312e-09
1431.4379448890686,-1.676129e-09
1431.5324552059174,-1.676093e-09
1431.6276814937592,-1.676072e-09
1431.7216393947601,-1.676261e-09
1431.8165938854218,-1.67651e-09
1431.9105758666992,-1.67701e-09
1432.004668712616,-1.676964e-09
1432.098534822464,-1.676683e-09
1432.1931929588318,-1.676474e-09
1432.2868616580963,-1.67627e-09
1432.3813815116882,-1.676238e-09
1432.4763355255127,-1.676279e-09
1432.5701169967651,-1.676653e-09
1432.6651899814606,-1.676852e-09
1432.75940990448,-1.677197e-09
1432.8542931079865,-1.677226e-09
1432.9487459659576,-1.677084e-09
1433.042599439621,-1.676803e-09
1433.1369540691376,-1.676552e-09
1433.2308039665222,-1.676426e-09
1433.3256509304047,-1.676411e-09
1433.4195806980133,-1.67657e-09
1433.5146050453186,-1.676821e-09
1433.6080553531647,-1.677319e-09
1433.7051992416382,-1.677112e-09
1433.7989647388458,-1.677438e-09
1433.8926208019257,-1.677154e-09
1433.9867858886719,-1.676926e-09
1434.0809643268585,-1.676709e-09
1434.1921484470367,-1.676972e-09
1434.2858018875122,-1.676774e-09
1434.380654335022,-1.676741e-09
1434.4745080471039,-1.676654e-09
1434.5831480026245,-1.676688e-09
1434.6771399974823,-1.676948e-09
1434.7707207202911,-1.677548e-09
1434.8655490875244,-1.677592e-09
1434.9591217041016,-1.677435e-09
1435.0555517673492,-1.677607e-09
1435.1498336791992,-1.677396e-09
1435.2433393001556,-1.677099e-09
1435.3378701210022,-1.67702e-09
1435.4319689273834,-1.676921e-09
1435.5260701179504,-1.676942e-09
1435.6200120449066,-1.677381e-09
1435.7142760753632,-1.677763e-09
1435.8091750144958,-1.677892e-09
1435.9027063846588,-1.677683e-09
1435.9968066215515,-1.677543e-09
1436.0918138027191,-1.677468e-09
1436.1890361309052,-1.677656e-09
1436.2837767601013,-1.677518e-09
1436.3772778511047,-1.677299e-09
1436.4713771343231,-1.677269e-09
1436.5650498867035,-1.677232e-09
1436.6594185829163,-1.677348e-09
1436.753206729889,-1.677844e-09
1436.8479571342468,-1.67811e-09
1436.941837310791,-1.678175e-09
1437.0361697673798,-1.677985e-09
1437.1315047740936,-1.677961e-09
1437.2251806259155,-1.677583e-09
1437.3192782402039,-1.677527e-09
1437.41375207901,-1.677421e-09
1437.5083799362183,-1.677466e-09
1437.6019072532654,-1.677953e-09
1437.713763475418,-1.677486e-09
1437.807907819748,-1.677837e-09
1437.9020993709564,-1.678272e-09
1437.9972157478333,-1.678356e-09
1438.0915267467499,-1.678406e-09
1438.1865863800049,-1.678355e-09
1438.2804501056671,-1.678031e-09
1438.3759007453918,-1.678023e-09
1438.469702720642,-1.677801e-09
1438.5642585754395,-1.677711e-09
1438.6585149765015,-1.677516e-09
1438.7521851062775,-1.677744e-09
1438.8464047908783,-1.678264e-09
1438.9399394989014,-1.678475e-09
1439.0337488651276,-1.678204e-09
1439.127976179123,-1.678016e-09
1439.2217316627502,-1.677775e-09
1439.3191590309143,-1.677942e-09
1439.4129781723022,-1.677821e-09
1439.5073442459106,-1.677751e-09
1439.600993156433,-1.677894e-09
1439.6963267326355,-1.678094e-09
1439.7896614074707,-1.678675e-09
1439.8844408988953,-1.678715e-09
1439.9792098999023,-1.678594e-09
1440.0730624198914,-1.678297e-09
1440.1687595844269,-1.678321e-09
1440.2631137371063,-1.678091e-09
1440.3581998348236,-1.678082e-09
1440.4533998966217,-1.678008e-09
1440.5474693775177,-1.677955e-09
1440.6413605213165,-1.678158e-09
1440.7364075183868,-1.678332e-09
1440.8302254676819,-1.678889e-09
1440.9246792793274,-1.678872e-09
1441.0186984539032,-1.678686e-09
1441.121586561203,-1.678044e-09
1441.2170507907867,-1.678132e-09
1441.3105735778809,-1.67865e-09
1441.4054815769196,-1.678839e-09
1441.4999301433563,-1.678993e-09
1441.5945255756378,-1.67901e-09
1441.692402601242,-1.678869e-09
1441.7863442897797,-1.679206e-09
1441.8799107074738,-1.678996e-09
1441.9734418392181,-1.678671e-09
1442.0673530101776,-1.678469e-09
1442.1616396903992,-1.678342e-09
1442.255202293396,-1.67838e-09
1442.3487112522125,-1.67889e-09
1442.442966222763,-1.679257e-09
1442.5362825393677,-1.679061e-09
1442.6304194927216,-1.678764e-09
1442.724792957306,-1.678595e-09
1442.8183410167694,-1.678476e-09
1442.9137752056122,-1.678483e-09
1443.0072581768036,-1.678753e-09
1443.1016781330109,-1.679175e-09
1443.1954255104065,-1.679388e-09
1443.2889332771301,-1.679117e-09
1443.3822722434998,-1.678734e-09
1443.476033449173,-1.678628e-09
1443.569876909256,-1.678577e-09
1443.663462638855,-1.679125e-09
1443.7572567462921,-1.679544e-09
1443.85156083107,-1.679408e-09
1443.9454510211945,-1.679193e-09
1444.0398795604706,-1.678974e-09
1444.133721113205,-1.67878e-09
1444.227638244629,-1.678697e-09
1444.3214354515076,-1.678895e-09
1444.4156048297882,-1.679405e-09
1444.509652853012,-1.679638e-09
1444.6046526432037,-1.679595e-09
1444.6985778808594,-1.679369e-09
1444.7928276062012,-1.679057e-09
1444.8864440917969,-1.678894e-09
1444.980595588684,-1.678852e-09
1445.0752544403076,-1.678923e-09
1445.1689193248749,-1.679442e-09
1445.2639162540436,-1.67965e-09
1445.3580603599548,-1.67981e-09
1445.4526178836823,-1.679699e-09
1445.546367406845,-1.679388e-09
1445.6402022838593,-1.679096e-09
1445.7341701984406,-1.679011e-09
1445.8292088508606,-1.679014e-09
1445.9227814674377,-1.679338e-09
1446.017944097519,-1.67955e-09
1446.1120464801788,-1.679938e-09
1446.2063519954681,-1.679864e-09
1446.3014316558838,-1.679733e-09
1446.3952412605286,-1.679415e-09
1446.4896676540375,-1.679267e-09
1446.5831208229065,-1.679116e-09
1446.6768236160278,-1.679398e-09
1446.7704260349274,-1.679942e-09
1446.8646075725555,-1.680078e-09
1446.95831990242,-1.679836e-09
1447.0527739524841,-1.679671e-09
1447.1467509269714,-1.679388e-09
1447.241991519928,-1.679357e-09
1447.3362493515015,-1.679324e-09
1447.4308943748474,-1.679263e-09
1447.5271022319794,-1.679294e-09
1447.6219465732574,-1.679306e-09
1447.7157881259918,-1.679724e-09
1447.8101968765259,-1.680142e-09
1447.9042918682098,-1.680217e-09
1448.002358198166,-1.680051e-09
1448.09721159935,-1.680288e-09
1448.1914727687836,-1.680245e-09
1448.2856991291046,-1.680069e-09
1448.3804678916931,-1.679842e-09
1448.4744839668274,-1.679655e-09
1448.5687103271484,-1.679562e-09
1448.6624865531921,-1.679487e-09
1448.756261587143,-1.679991e-09
1448.8503262996674,-1.680481e-09
1448.9450418949127,-1.680481e-09
1449.039475440979,-1.680396e-09
1449.133068561554,-1.680112e-09
1449.2277314662933,-1.679889e-09
1449.3218607902527,-1.679804e-09
1449.4158515930176,-1.679727e-09
1449.5093309879303,-1.679959e-09
1449.6032609939575,-1.680521e-09
1449.697274684906,-1.680691e-09
1449.7916400432587,-1.680486e-09
1449.885585308075,-1.680241e-09
1449.9795858860016,-1.680073e-09
1450.0733835697174,-1.679903e-09
1450.1674950122833,-1.679834e-09
1450.2608149051666,-1.680302e-09
1450.355341911316,-1.680636e-09
1450.4493479728699,-1.680814e-09
1450.5441250801086,-1.680751e-09
1450.6376271247864,-1.680413e-09
1450.732535123825,-1.680298e-09
1450.8276076316833,-1.680186e-09
1450.9211390018463,-1.680052e-09
1451.0154662132263,-1.680003e-09
1451.1091673374176,-1.680497e-09
1451.2038612365723,-1.681169e-09
1451.3004789352417,-1.680725e-09
1451.3945333957672,-1.681201e-09
1451.488882303238,-1.681298e-09
1451.5824463367462,-1.680863e-09
1451.676489830017,-1.680608e-09
1451.770299911499,-1.680461e-09
1451.864819765091,-1.680382e-09
1451.9582078456879,-1.680576e-09
1452.053243637085,-1.680839e-09
1452.147176027298,-1.681295e-09
1452.241946697235,-1.681315e-09
1452.3365187644958,-1.681096e-09
1452.430653810501,-1.680835e-09
1452.5249626636505,-1.680641e-09
1452.6186816692352,-1.680497e-09
1452.7131237983704,-1.680532e-09
1452.807287454605,-1.680923e-09
1452.901695728302,-1.681261e-09
1452.9954771995544,-1.681438e-09
1453.0898580551147,-1.681228e-09
1453.1836323738098,-1.680934e-09
1453.277732372284,-1.680749e-09
1453.3729813098907,-1.680694e-09
1453.4666028022766,-1.680618e-09
1453.560614824295,-1.680871e-09
1453.6545519828796,-1.681451e-09
1453.7498528957367,-1.681501e-09
1453.8708879947662,-1.681456e-09
1453.9648489952087,-1.681117e-09
1454.0589623451233,-1.680976e-09
1454.1526911258698,-1.680752e-09
1454.2470436096191,-1.680777e-09
1454.3409357070923,-1.681195e-09
1454.4347641468048,-1.681663e-09
1454.530083656311,-1.681744e-09
1454.6247832775116,-1.681652e-09
1454.7195007801056,-1.681532e-09
1454.8129389286041,-1.681202e-09
1454.9066383838654,-1.681026e-09
1455.0005762577057,-1.680917e-09
1455.0952143669128,-1.68091e-09
1455.1892721652985,-1.68134e-09
1455.2837617397308,-1.681732e-09
1455.3773066997528,-1.681825e-09
1455.472073316574,-1.681719e-09
1455.5675349235535,-1.681654e-09
1455.661480665207,-1.681307e-09
1455.756118297577,-1.681169e-09
1455.856585264206,-1.681909e-09
1455.951640844345,-1.681841e-09
1456.045229434967,-1.681533e-09
1456.1394307613373,-1.681289e-09
1456.2336022853851,-1.681212e-09
1456.327786207199,-1.681283e-09
1456.422661781311,-1.681272e-09
1456.5164592266083,-1.681717e-09
1456.610987663269,-1.682103e-09
1456.7051453590393,-1.682147e-09
1456.7991344928741,-1.681874e-09
1456.8937084674835,-1.681642e-09
1456.9876825809479,-1.681433e-09
1457.0816411972046,-1.68131e-09
1457.1761271953583,-1.681309e-09
1457.2700581550598,-1.681585e-09
1457.3644778728485,-1.682007e-09
1457.4588901996613,-1.682277e-09
1457.5526695251465,-1.682226e-09
1457.6467943191528,-1.68206e-09
1457.7405397891998,-1.681671e-09
1457.8342862129211,-1.681528e-09
1457.928412437439,-1.681463e-09
1458.022658586502,-1.681551e-09
1458.1177155971527,-1.681756e-09
1458.2120015621185,-1.682189e-09
1458.3062674999237,-1.682431e-09
1458.3998727798462,-1.682207e-09
1458.4951980113983,-1.682185e-09
1458.5888674259186,-1.681915e-09
1458.6834254264832,-1.681706e-09
1458.7766799926758,-1.681616e-09
1458.871510028839,-1.681628e-09
1458.9660217761993,-1.68173e-09
1459.0610740184784,-1.682013e-09
1459.1555001735687,-1.68235e-09
1459.2491493225098,-1.682571e-09
1459.3433775901794,-1.682468e-09
1459.4375638961792,-1.682169e-09
1459.5315794944763,-1.682016e-09
1459.6275444030762,-1.681985e-09
1459.721485376358,-1.681893e-09
1459.8162732124329,-1.681819e-09
1459.9135870933533,-1.681948e-09
1460.007225036621,-1.681853e-09
1460.1014695167542,-1.682077e-09
1460.207597732544,-1.682785e-09
1460.3022446632385,-1.682739e-09
1460.395765542984,-1.682415e-09
1460.4898619651794,-1.682212e-09
1460.583551645279,-1.682044e-09
1460.6783323287964,-1.681992e-09
1460.7717070579529,-1.682152e-09
1460.8664526939392,-1.682405e-09
1460.9617700576782,-1.682569e-09
1461.0561051368713,-1.68292e-09
1461.150531053543,-1.682882e-09
1461.2796182632446,-1.682073e-09
1461.3746228218079,-1.682124e-09
1461.4689347743988,-1.682463e-09
1461.5647675991058,-1.682505e-09
1461.6596038341522,-1.682842e-09
1461.7532453536987,-1.683007e-09
1461.8474142551422,-1.682801e-09
1461.9410059452057,-1.682483e-09
1462.034797668457,-1.682252e-09
1462.1287846565247,-1.682221e-09
1462.2225613594055,-1.682661e-09
1462.3159873485565,-1.683089e-09
1462.4098179340363,-1.682985e-09
1462.5039811134338,-1.682734e-09
1462.5979490280151,-1.682446e-09
1462.692090511322,-1.6824e-09
1462.7875101566315,-1.682336e-09
1462.8818769454956,-1.682295e-09
1462.9761924743652,-1.682496e-09
1463.0704441070557,-1.683105e-09
1463.164113998413,-1.683354e-09
1463.2582414150238,-1.683076e-09
1463.3518252372742,-1.682722e-09
1463.446321964264,-1.68265e-09
1463.5397293567657,-1.682501e-09
1463.635130405426,-1.682541e-09
1463.7300009727478,-1.682632e-09
1463.8245196342468,-1.682938e-09
1463.9187705516815,-1.683366e-09
1464.0128197669983,-1.683482e-09
1464.1070003509521,-1.683289e-09
1464.2007281780243,-1.682958e-09
1464.2976093292236,-1.68314e-09
1464.3914358615875,-1.68283e-09
1464.485348701477,-1.682716e-09
1464.580018043518,-1.68266e-09
1464.6735680103302,-1.68295e-09
1464.7677068710327,-1.68338e-09
1464.8614382743835,-1.683617e-09
1464.9557831287384,-1.683518e-09
1465.049507856369,-1.68337e-09
1465.1431956291199,-1.683034e-09
1465.2372918128967,-1.682917e-09
1465.3315091133118,-1.682906e-09
1465.4255855083466,-1.683211e-09
1465.5196788311005,-1.683641e-09
1465.6131503582,-1.683798e-09
1465.7067732810974,-1.683553e-09
1465.8011529445648,-1.683412e-09
1465.8959221839905,-1.683256e-09
1465.9893107414246,-1.683068e-09
1466.0838589668274,-1.683058e-09
1466.178866147995,-1.68306e-09
1466.272761106491,-1.683309e-09
1466.3665823936462,-1.683844e-09
1466.4641366004944,-1.683386e-09
1466.5578820705414,-1.683971e-09
1466.6517870426178,-1.684019e-09
1466.7460770606995,-1.683909e-09
1466.8402800559998,-1.683587e-09
1466.9339668750763,-1.683404e-09
1467.028211593628,-1.683278e-09
1467.1225395202637,-1.683224e-09
1467.2164442539215,-1.683485e-09
1467.3098967075348,-1.684088e-09
1467.4048829078674,-1.68418e-09
1467.4988403320312,-1.683923e-09
1467.5928807258606,-1.683692e-09
1467.687299489975,-1.683514e-09
1467.7820401191711,-1.683412e-09
1467.8760499954224,-1.683379e-09
1467.9700067043304,-1.68366e-09
1468.0637764930725,-1.684233e-09
1468.1575102806091,-1.684185e-09
1468.251217365265,-1.683859e-09
1468.3455600738525,-1.683662e-09
1468.439701795578,-1.683484e-09
1468.5335726737976,-1.683508e-09
1468.6281213760376,-1.683711e-09
1468.7217869758606,-1.684305e-09
1468.8165872097015,-1.684378e-09
1468.9101703166962,-1.684152e-09
1469.0048813819885,-1.683914e-09
1469.0994081497192,-1.683745e-09
1469.1937618255615,-1.683648e-09
1469.2880818843842,-1.683597e-09
1469.3822696208954,-1.683713e-09
1469.4769575595856,-1.684078e-09
1469.5707726478577,-1.684547e-09
1469.6657586097717,-1.684554e-09
1469.7597801685333,-1.68434e-09
1469.8549003601074,-1.684232e-09
1469.9486818313599,-1.683967e-09
1470.0427541732788,-1.683874e-09
1470.1375350952148,-1.683859e-09
1470.2313175201416,-1.683825e-09
1470.3256392478943,-1.684102e-09
1470.4195365905762,-1.684661e-09
1470.513010263443,-1.684677e-09
1470.6125149726868,-1.684301e-09
1470.7063133716583,-1.684764e-09
1470.800179719925,-1.684664e-09
1470.894666671753,-1.684475e-09
1470.988293647766,-1.684183e-09
1471.0825839042664,-1.684049e-09
1471.1765780448914,-1.683946e-09
1471.2710146903992,-1.684098e-09
1471.364767074585,-1.684627e-09
1471.4591472148895,-1.684915e-09
1471.5535426139832,-1.684832e-09
1471.6488015651703,-1.684688e-09
1471.7421424388885,-1.684368e-09
1471.8368406295776,-1.684263e-09
1471.9325420856476,-1.684253e-09
1472.02676486969,-1.684149e-09
1472.1211116313934,-1.684161e-09
1472.215973854065,-1.684323e-09
1472.3197078704834,-1.684828e-09
1472.413376569748,-1.6845e-09
1472.5079040527344,-1.684379e-09
1472.6030793190002,-1.684379e-09
1472.6975798606873,-1.684332e-09
1472.793123960495,-1.684316e-09
1472.8871624469757,-1.684388e-09
1472.9818165302277,-1.684768e-09
1473.0753226280212,-1.685251e-09
1473.16952252388,-1.685215e-09
1473.2642920017242,-1.685103e-09
1473.3581314086914,-1.684775e-09
1473.452045917511,-1.684557e-09
1473.545524597168,-1.684454e-09
1473.6401345729828,-1.684582e-09
1473.7339868545532,-1.685195e-09
1473.8279016017914,-1.685366e-09
1473.9213128089905,-1.685115e-09
1474.015817642212,-1.684935e-09
1474.1106028556824,-1.68474e-09
1474.2061233520508,-1.684717e-09
1474.3005909919739,-1.684641e-09
1474.394647359848,-1.684584e-09
1474.4885578155518,-1.685042e-09
1474.5825526714325,-1.685426e-09
1474.6775977611542,-1.685578e-09
1474.7719278335571,-1.685459e-09
1474.8660237789154,-1.685296e-09
1474.9603180885315,-1.68498e-09
1475.054584980011,-1.684846e-09
1475.148488998413,-1.684776e-09
1475.242532491684,-1.684934e-09
1475.3365008831024,-1.685439e-09
1475.4301617145538,-1.685733e-09
1475.5249061584473,-1.685568e-09
1475.6185834407806,-1.685236e-09
1475.7132608890533,-1.685141e-09
1475.8071129322052,-1.684965e-09
1475.901820898056,-1.68489e-09
1475.9955039024353,-1.68501e-09
1476.0899600982666,-1.685275e-09
1476.1837866306305,-1.68577e-09
1476.2783002853394,-1.685779e-09
1476.3729660511017,-1.68564e-09
1476.4668402671814,-1.685431e-09
1476.564258813858,-1.686293e-09
1476.6593482494354,-1.685755e-09
1476.7527933120728,-1.6854e-09
1476.8480305671692,-1.685326e-09
1476.9427897930145,-1.685226e-09
1477.036623954773,-1.685165e-09
1477.1310548782349,-1.685428e-09
1477.226268529892,-1.685584e-09
1477.322196483612,-1.685489e-09
1477.416340827942,-1.685828e-09
1477.5098989009857,-1.686156e-09
1477.6045157909393,-1.686138e-09
1477.6988062858582,-1.685813e-09
1477.7926666736603,-1.685567e-09
1477.8867135047913,-1.685533e-09
1477.9823565483093,-1.685506e-09
1478.0764317512512,-1.685466e-09
1478.1706881523132,-1.685522e-09
1478.264000415802,-1.686006e-09
1478.3580150604248,-1.686443e-09
1478.4531786441803,-1.686494e-09
1478.5494198799133,-1.686462e-09
1478.6434104442596,-1.686368e-09
1478.7383015155792,-1.68626e-09
1478.834239244461,-1.686333e-09
1478.928049325943,-1.685975e-09
1479.0229573249817,-1.685913e-09
1479.1214306354523,-1.686377e-09
1479.2154495716095,-1.68608e-09
1479.3205931186676,-1.685759e-09
1479.4154169559479,-1.685861e-09
1479.50901055336,-1.686495e-09
1479.60396194458,-1.686692e-09
1479.6972796916962,-1.686566e-09
1479.7919631004333,-1.686415e-09
1479.886863708496,-1.686264e-09
1479.980937242508,-1.686037e-09
1480.076034784317,-1.686038e-09
1480.1700491905212,-1.685962e-09
1480.2645568847656,-1.686086e-09
1480.358493089676,-1.686672e-09
1480.4532504081726,-1.686863e-09
1480.5479533672333,-1.68697e-09
1480.6423320770264,-1.686854e-09
1480.7376737594604,-1.686989e-09
1480.832317829132,-1.686725e-09
1480.9267883300781,-1.6865e-09
1481.0206332206726,-1.686352e-09
1481.1148829460144,-1.686347e-09
1481.2089977264404,-1.686475e-09
1481.3028333187103,-1.686988e-09
1481.3974134922028,-1.687269e-09
1481.4912765026093,-1.687186e-09
1481.5856716632843,-1.686967e-09
1481.679169178009,-1.686698e-09
1481.7738761901855,-1.686649e-09
1481.8686182498932,-1.686579e-09
1481.9630105495453,-1.686453e-09
1482.0575637817383,-1.686479e-09
1482.1523551940918,-1.686561e-09
1482.247346162796,-1.68678e-09
1482.3414449691772,-1.687307e-09
1482.4352190494537,-1.68741e-09
1482.5290014743805,-1.687124e-09
1482.6231775283813,-1.686929e-09
1482.7176597118378,-1.686762e-09
1482.812008857727,-1.686671e-09
1482.9059829711914,-1.686608e-09
1482.9996371269226,-1.68702e-09
1483.0947251319885,-1.687305e-09
1483.191705942154,-1.687098e-09
1483.2860581874847,-1.687521e-09
1483.380142211914,-1.687574e-09
1483.474651813507,-1.687386e-09
1483.5694143772125,-1.687211e-09
1483.6637437343597,-1.687008e-09
1483.7575545310974,-1.686835e-09
1483.8526771068573,-1.686803e-09
1483.9477097988129,-1.686778e-09
1484.0419833660126,-1.686941e-09
1484.1362345218658,-1.687351e-09
1484.2300806045532,-1.687739e-09
1484.3242518901825,-1.68756e-09
1484.4185674190521,-1.687374e-09
1484.5125858783722,-1.687053e-09
1484.6064167022705,-1.686972e-09
1484.7006516456604,-1.68692e-09
1484.7941453456879,-1.687343e-09
1484.8889245986938,-1.687631e-09
1484.9841477870941,-1.68782e-09
1485.0786077976227,-1.687858e-09
1485.1731133460999,-1.687747e-09
1485.2665424346924,-1.68745e-09
1485.3613748550415,-1.6873e-09
1485.4555423259735,-1.687179e-09
1485.55051279068,-1.687116e-09
1485.6448080539703,-1.687071e-09
1485.7392508983612,-1.687133e-09
1485.8342049121857,-1.687384e-09
1485.9282145500183,-1.687931e-09
1486.02223610878,-1.68803e-09
1486.116436958313,-1.687854e-09
1486.210829257965,-1.687626e-09
1486.3047370910645,-1.687366e-09
1486.3988308906555,-1.687305e-09
1486.4931502342224,-1.687205e-09
1486.5872728824615,-1.687469e-09
1486.680874824524,-1.688037e-09
1486.774798631668,-1.68813e-09
1486.8692634105682,-1.688019e-09
1486.9629192352295,-1.687713e-09
1487.057811498642,-1.687592e-09
1487.151888847351,-1.687439e-09
1487.2461240291595,-1.687354e-09
1487.3399538993835,-1.687514e-09
1487.434466600418,-1.687899e-09
1487.5281376838684,-1.6883e-09
1487.622906446457,-1.688168e-09
1487.7161564826965,-1.687839e-09
1487.8108839988708,-1.687656e-09
1487.9044079780579,-1.687499e-09
1487.9992229938507,-1.687418e-09
1488.093736410141,-1.687509e-09
1488.187689781189,-1.687974e-09
1488.2831797599792,-1.687982e-09
1488.3771679401398,-1.68836e-09
1488.4728412628174,-1.688417e-09
1488.5675084590912,-1.688403e-09
1488.6610527038574,-1.688079e-09
1488.7593579292297,-1.688433e-09
1488.8739240169525,-1.687558e-09
1488.968024969101,-1.687739e-09
1489.0619015693665,-1.688279e-09
1489.1570119857788,-1.688413e-09
1489.2510344982147,-1.688511e-09
1489.3455338478088,-1.688459e-09
1489.4399466514587,-1.688268e-09
1489.5591442584991,-1.687751e-09
1489.652381658554,-1.687719e-09
1489.7462329864502,-1.688122e-09
1489.8406114578247,-1.688561e-09
1489.9353337287903,-1.68866e-09
1490.0299944877625,-1.688573e-09
1490.124773979187,-1.688448e-09
1490.218769311905,-1.688185e-09
1490.3132483959198,-1.68803e-09
1490.4070177078247,-1.687865e-09
1490.5047936439514,-1.688052e-09
1490.5994582176208,-1.687997e-09
1490.69327044487,-1.687873e-09
1490.7874312400818,-1.687883e-09
1490.8822057247162,-1.688214e-09
1490.975641489029,-1.688762e-09
1491.0700135231018,-1.688777e-09
1491.1648485660553,-1.688705e-09
1491.2584145069122,-1.688411e-09
1491.3527665138245,-1.688241e-09
1491.4476571083069,-1.6881e-09
1491.5412838459015,-1.688014e-09
1491.6356964111328,-1.688009e-09
1491.7297871112823,-1.688281e-09
1491.8234326839447,-1.688822e-09
1491.9172344207764,-1.688862e-09
1492.0110313892365,-1.688595e-09
1492.1047613620758,-1.688342e-09
1492.1994318962097,-1.68821e-09
1492.294368982315,-1.688209e-09
1492.3880143165588,-1.688087e-09
1492.483359336853,-1.688125e-09
1492.602031469345,-1.688997e-09
1492.6954905986786,-1.688785e-09
1492.7890884876251,-1.688459e-09
1492.8834993839264,-1.688289e-09
1492.983191728592,-1.688858e-09
1493.0775129795074,-1.688726e-09
1493.1727311611176,-1.688631e-09
1493.2663836479187,-1.688356e-09
1493.36048579216,-1.688221e-09
1493.4539160728455,-1.688412e-09
1493.5486314296722,-1.688643e-09
1493.6429471969604,-1.689073e-09
1493.7371470928192,-1.689128e-09
1493.8303651809692,-1.68875e-09
1493.9241917133331,-1.688494e-09
1494.0183062553406,-1.688323e-09
1494.1125116348267,-1.688293e-09
1494.2213180065155,-1.688371e-09
1494.314744234085,-1.68897e-09
1494.4089877605438,-1.689243e-09
1494.5029964447021,-1.689064e-09
1494.5976600646973,-1.688816e-09
1494.6916410923004,-1.688551e-09
1494.7859315872192,-1.688462e-09
1494.880181312561,-1.688394e-09
1494.975272655487,-1.688439e-09
1495.0691304206848,-1.688979e-09
1495.1635925769806,-1.6893e-09
1495.2581236362457,-1.689337e-09
1495.3517365455627,-1.689069e-09
1495.4462196826935,-1.688863e-09
1495.540156364441,-1.688623e-09
1495.6348309516907,-1.68856e-09
1495.7288510799408,-1.688612e-09
1495.823848247528,-1.68872e-09
1495.9181234836578,-1.689195e-09
1496.0119433403015,-1.689483e-09
1496.1060478687286,-1.689334e-09
1496.2008600234985,-1.689114e-09
1496.2951509952545,-1.688918e-09
1496.3894906044006,-1.688773e-09
1496.4833776950836,-1.688681e-09
1496.5777411460876,-1.688769e-09
1496.6750984191895,-1.688696e-09
1496.7686772346497,-1.689007e-09
1496.8636212348938,-1.689258e-09
1496.9666275978088,-1.689078e-09
1497.0635795593262,-1.689178e-09
1497.1571245193481,-1.688877e-09
1497.2506036758423,-1.688746e-09
1497.3447506427765,-1.688918e-09
1497.438570022583,-1.689487e-09
1497.5326566696167,-1.6897e-09
1497.6269290447235,-1.689491e-09
1497.7208092212677,-1.689158e-09
1497.8152651786804,-1.689037e-09
1497.9091520309448,-1.6889e-09
1498.0035376548767,-1.688821e-09
1498.0976963043213,-1.689099e-09
1498.1919798851013,-1.689489e-09
1498.2856991291046,-1.68978e-09
1498.380889415741,-1.689805e-09
1498.4748125076294,-1.689595e-09
1498.5685412883759,-1.689353e-09
1498.6629297733307,-1.689209e-09
1498.7571828365326,-1.689159e-09
1498.8514771461487,-1.689058e-09
1498.9455921649933,-1.689129e-09
1499.0439920425415,-1.689135e-09
1499.1394398212433,-1.68909e-09
1499.2330315113068,-1.689122e-09
1499.327469110489,-1.689351e-09
1499.4223954677582,-1.689544e-09
1499.517466545105,-1.689745e-09
1499.611410856247,-1.690016e-09
1499.7052314281464,-1.689828e-09
1499.7998781204224,-1.689692e-09
1499.8935956954956,-1.689376e-09
1499.9872877597809,-1.689192e-09
1500.0819919109344,-1.689147e-09
1500.1760914325714,-1.689178e-09
1500.2702007293701,-1.689559e-09
1500.3644273281097,-1.689944e-09
1500.458129644394,-1.690046e-09
1500.553454875946,-1.689969e-09
1500.6481668949127,-1.689841e-09
1500.7421689033508,-1.689606e-09
1500.8363444805145,-1.689392e-09
1500.9309804439545,-1.689345e-09
1501.0247993469238,-1.689254e-09
1501.118587732315,-1.689609e-09
1501.212343454361,-1.690133e-09
1501.3073828220367,-1.690185e-09
1501.4013624191284,-1.690018e-09
1501.4961524009705,-1.689933e-09
1501.5904037952423,-1.689596e-09
1501.68856883049,-1.689952e-09
1501.7822313308716,-1.690185e-09
1501.877075433731,-1.689865e-09
1501.9706647396088,-1.689713e-09
1502.064065694809,-1.689869e-09
1502.1580829620361,-1.690399e-09
1502.2526099681854,-1.690535e-09
1502.3464064598083,-1.690405e-09
1502.4410729408264,-1.690127e-09
1502.5345849990845,-1.689786e-09
1502.6287920475006,-1.689765e-09
1502.7225210666656,-1.689716e-09
1502.8176143169403,-1.689789e-09
1502.915761232376,-1.689828e-09
1503.0114393234253,-1.689923e-09
1503.1058640480042,-1.689768e-09
1503.1992812156677,-1.690276e-09
1503.2933986186981,-1.690643e-09
1503.3875694274902,-1.690817e-09
1503.481773853302,-1.690433e-09
1503.5753057003021,-1.690128e-09
1503.669359445572,-1.689973e-09
1503.7630789279938,-1.689879e-09
1503.8571557998657,-1.689889e-09
1503.9512557983398,-1.690509e-09
1504.0455288887024,-1.690725e-09
1504.1391398906708,-1.690549e-09
1504.2341220378876,-1.690502e-09
1504.328311920166,-1.690273e-09
1504.4233510494232,-1.690196e-09
1504.5178844928741,-1.690032e-09
1504.6114423274994,-1.689947e-09
1504.7056167125702,-1.690016e-09
1504.799079656601,-1.69059e-09
1504.8937356472015,-1.690854e-09
1504.9873616695404,-1.690795e-09
1505.0823333263397,-1.690709e-09
1505.1757850646973,-1.690327e-09
1505.2695467472076,-1.690145e-09
1505.367912530899,-1.690441e-09
1505.473314523697,-1.690051e-09
1505.5671339035034,-1.6902e-09
1505.662225484848,-1.690292e-09
1505.7565228939056,-1.690826e-09
1505.8504257202148,-1.69102e-09
1505.9446461200714,-1.69086e-09
1506.038738489151,-1.690627e-09
1506.1328868865967,-1.690357e-09
1506.2268612384796,-1.690276e-09
1506.3209826946259,-1.690177e-09
1506.4157571792603,-1.690284e-09
1506.5104384422302,-1.690596e-09
1506.6051535606384,-1.691003e-09
1506.7036485671997,-1.690316e-09
1506.7985310554504,-1.690575e-09
1506.8928215503693,-1.691066e-09
1506.9872863292694,-1.691203e-09
1507.0813364982605,-1.690982e-09
1507.1754684448242,-1.690689e-09
1507.2724673748016,-1.690895e-09
1507.366607427597,-1.690641e-09
1507.4608154296875,-1.690476e-09
1507.554613351822,-1.690384e-09
1507.6483707427979,-1.690779e-09
1507.741567850113,-1.691321e-09
1507.8352346420288,-1.69113e-09
1507.928691148758,-1.690804e-09
1508.0230689048767,-1.690571e-09
1508.1170043945312,-1.690433e-09
1508.211277961731,-1.690491e-09
1508.3052999973297,-1.690834e-09
1508.3994343280792,-1.691314e-09
1508.494169473648,-1.691329e-09
1508.5887677669525,-1.691122e-09
1508.6823012828827,-1.690727e-09
1508.7760767936707,-1.690149e-09
1508.8699538707733,-1.690063e-09
1508.9638032913208,-1.690128e-09
1509.0583815574646,-1.690548e-09
1509.15318608284,-1.690963e-09
1509.2471504211426,-1.691212e-09
1509.3419003486633,-1.69112e-09
1509.4357075691223,-1.690855e-09
1509.5299186706543,-1.690553e-09
1509.6238577365875,-1.690148e-09
1509.7183809280396,-1.689737e-09
1509.8122398853302,-1.689853e-09
1509.9066722393036,-1.690189e-09
1510.0005266666412,-1.690689e-09
1510.0951881408691,-1.691048e-09
1510.1895575523376,-1.691345e-09
1510.283617258072,-1.691241e-09
1510.378615140915,-1.691174e-09
1510.4724354743958,-1.690914e-09
1510.5666906833649,-1.690856e-09
1510.6601176261902,-1.690724e-09
1510.7537217140198,-1.691008e-09
1510.847139120102,-1.691624e-09
1510.9413096904755,-1.691746e-09
1511.035656929016,-1.691559e-09
1511.129188299179,-1.69129e-09
1511.2234032154083,-1.691099e-09
1511.3173913955688,-1.690967e-09
1511.4106407165527,-1.691079e-09
1511.5040276050568,-1.691685e-09
1511.5980768203735,-1.691815e-09
1511.6920886039734,-1.691524e-09
1511.785896539688,-1.691276e-09
1511.8798787593842,-1.691083e-09
1511.9732959270477,-1.690985e-09
1512.0667099952698,-1.691658e-09
1512.1610598564148,-1.691895e-09
1512.2550654411316,-1.691687e-09
1512.3499903678894,-1.691632e-09
1512.444396018982,-1.691389e-09
1512.5386888980865,-1.691175e-09
1512.6322050094604,-1.691081e-09
1512.726352930069,-1.691184e-09
1512.8204505443573,-1.691727e-09
1512.914385318756,-1.691999e-09
1513.008933544159,-1.691908e-09
1513.1026797294617,-1.69159e-09
1513.1967566013336,-1.691291e-09
1513.2902948856354,-1.691147e-09
1513.3851103782654,-1.691156e-09
1513.4823172092438,-1.691209e-09
1513.576061964035,-1.691189e-09
1513.670318365097,-1.691511e-09
1513.764541387558,-1.692015e-09
1513.8588335514069,-1.692103e-09
1513.9523267745972,-1.691876e-09
1514.046401500702,-1.691641e-09
1514.1407399177551,-1.691443e-09
1514.2352697849274,-1.69138e-09
1514.3293461799622,-1.691326e-09
1514.4233689308167,-1.691461e-09
1514.5183010101318,-1.691701e-09
1514.6122274398804,-1.692204e-09
1514.7069721221924,-1.692245e-09
1514.8015351295471,-1.692124e-09
1514.8963105678558,-1.69203e-09
1514.9904375076294,-1.691785e-09
1515.0847992897034,-1.691574e-09
1515.1795780658722,-1.691522e-09
1515.2736117839813,-1.691414e-09
1515.367803812027,-1.691484e-09
1515.4634051322937,-1.691571e-09
1515.5576071739197,-1.69216e-09
1515.652280330658,-1.69235e-09
1515.7470200061798,-1.692367e-09
1515.8413860797882,-1.692204e-09
1515.9353728294373,-1.692412e-09
1516.030535697937,-1.692272e-09
1516.1249828338623,-1.692099e-09
1516.2196309566498,-1.691963e-09
1516.313999414444,-1.691823e-09
1516.4113104343414,-1.691906e-09
1516.505921125412,-1.691897e-09
1516.5994880199432,-1.692322e-09
1516.6936180591583,-1.692772e-09
1516.787448167801,-1.692684e-09
1516.881567955017,-1.692387e-09
1516.9751372337341,-1.692128e-09
1517.0691957473755,-1.691959e-09
1517.1630947589874,-1.69203e-09
1517.2579729557037,-1.692364e-09
1517.351203918457,-1.69286e-09
1517.446019411087,-1.692877e-09
1517.5405750274658,-1.692731e-09
1517.6340403556824,-1.6924e-09
1517.7291638851166,-1.692286e-09
1517.8251748085022,-1.692294e-09
1517.9193086624146,-1.692202e-09
1518.0135655403137,-1.692074e-09
1518.1080894470215,-1.692104e-09
1518.2027335166931,-1.692546e-09
1518.2965936660767,-1.693038e-09
1518.3907389640808,-1.692893e-09
1518.4844331741333,-1.692668e-09
1518.5789065361023,-1.69241e-09
1518.6723487377167,-1.692207e-09
1518.7706217765808,-1.692407e-09
1518.8762221336365,-1.692199e-09
1518.9709405899048,-1.692342e-09
1519.0653772354126,-1.692723e-09
1519.1593310832977,-1.693123e-09
1519.2538042068481,-1.695318e-09
1519.348592042923,-1.694072e-09
1519.4424188137054,-1.693694e-09
1519.5369849205017,-1.693352e-09
1519.6323385238647,-1.693367e-09
1519.7264950275421,-1.693242e-09
1519.8215475082397,-1.693228e-09
1519.9149150848389,-1.693475e-09
1520.0095810890198,-1.693799e-09
1520.1030535697937,-1.69415e-09
1520.1975462436676,-1.694022e-09
1520.2926802635193,-1.693916e-09
1520.3871672153473,-1.693787e-09
1520.481671333313,-1.693619e-09
1520.5752127170563,-1.693465e-09
1520.6702041625977,-1.693419e-09
1520.7646639347076,-1.69339e-09
1520.8602232933044,-1.693475e-09
1520.9543588161469,-1.693801e-09
1521.0481946468353,-1.694572e-09
1521.1431889533997,-1.695005e-09
1521.2477626800537,-1.694434e-09
1521.342250585556,-1.694171e-09
1521.4362561702728,-1.693919e-09
1521.5306251049042,-1.693778e-09
1521.6258442401886,-1.693914e-09
1521.7244625091553,-1.693781e-09
1521.8183176517487,-1.693735e-09
1521.9137551784515,-1.693641e-09
1522.007830619812,-1.694114e-09
1522.1022641658783,-1.694439e-09
1522.196636915207,-1.694401e-09
1522.2907540798187,-1.694139e-09
1522.3852953910828,-1.693867e-09
1522.4787783622742,-1.693768e-09
1522.5727751255035,-1.693689e-09
1522.666744709015,-1.693863e-09
1522.760971069336,-1.694126e-09
1522.8549888134003,-1.694507e-09
1522.9504396915436,-1.694589e-09
1523.044758796692,-1.694479e-09
1523.138683795929,-1.694203e-09
1523.233234167099,-1.694054e-09
1523.3272695541382,-1.693881e-09
1523.4212305545807,-1.693829e-09
1523.515619277954,-1.693833e-09
1523.609988451004,-1.694158e-09
1523.703984260559,-1.694646e-09
1523.7978081703186,-1.694617e-09
1523.8912596702576,-1.694183e-09
1523.9859397411346,-1.693995e-09
1524.0800759792328,-1.693851e-09
1524.1737973690033,-1.693685e-09
1524.2684652805328,-1.693879e-09
1524.3625531196594,-1.694221e-09
1524.456838130951,-1.694531e-09
1524.5505151748657,-1.694612e-09
1524.6452889442444,-1.694538e-09
1524.7395043373108,-1.694248e-09
1524.8335971832275,-1.694091e-09
1524.9286692142487,-1.694011e-09
1525.0231251716614,-1.693972e-09
1525.1177365779877,-1.693973e-09
1525.2116177082062,-1.694374e-09
1525.3054568767548,-1.694896e-09
1525.3990499973297,-1.69479e-09
1525.493206501007,-1.694594e-09
1525.587341785431,-1.694412e-09
1525.6891644001007,-1.694748e-09
1525.7841408252716,-1.694974e-09
1525.8778462409973,-1.694943e-09
1525.9716956615448,-1.694584e-09
1526.065705537796,-1.694413e-09
1526.159528017044,-1.694291e-09
1526.2538299560547,-1.694205e-09
1526.34809923172,-1.694407e-09
1526.4421555995941,-1.694936e-09
1526.5366864204407,-1.695163e-09
1526.63037443161,-1.695003e-09
1526.7243909835815,-1.694731e-09
1526.8181319236755,-1.694476e-09
1526.9125819206238,-1.694448e-09
1527.0075523853302,-1.694486e-09
1527.1019599437714,-1.694407e-09
1527.195871591568,-1.694857e-09
1527.2900557518005,-1.695331e-09
1527.385330915451,-1.695336e-09
1527.4790925979614,-1.695112e-09
1527.573843240738,-1.694892e-09
1527.6719024181366,-1.695244e-09
1527.7663788795471,-1.695056e-09
1527.859953403473,-1.694705e-09
1527.9550631046295,-1.694662e-09
1528.0512790679932,-1.694715e-09
1528.144748210907,-1.69458e-09
1528.2393033504486,-1.694619e-09
1528.3331978321075,-1.695072e-09
1528.428997039795,-1.695133e-09
1528.5225539207458,-1.695521e-09
1528.6166923046112,-1.69534e-09
1528.7107450962067,-1.695053e-09
1528.8052604198456,-1.694896e-09
1528.8994760513306,-1.694764e-09
1528.9929320812225,-1.694682e-09
1529.0874121189117,-1.69485e-09
1529.1812314987183,-1.695485e-09
1529.2765803337097,-1.695567e-09
1529.3714344501495,-1.695638e-09
1529.465812444687,-1.695496e-09
1529.5600714683533,-1.695154e-09
1529.6534905433655,-1.694912e-09
1529.7475275993347,-1.69481e-09
1529.8411378860474,-1.694921e-09
1529.9358580112457,-1.695274e-09
1530.0297448635101,-1.695762e-09
1530.1248610019684,-1.695722e-09
1530.218112230301,-1.695438e-09
1530.3125505447388,-1.69523e-09
1530.4075467586517,-1.695091e-09
1530.501785516739,-1.694975e-09
1530.5965785980225,-1.694977e-09
1530.6907484531403,-1.695155e-09
1530.7847106456757,-1.695553e-09
1530.8784246444702,-1.695903e-09
1530.9730434417725,-1.695752e-09
1531.066397190094,-1.695328e-09
1531.1603450775146,-1.695051e-09
1531.2538509368896,-1.694998e-09
1531.3493053913116,-1.695004e-09
1531.4436566829681,-1.69515e-09
1531.540054321289,-1.695045e-09
1531.635372877121,-1.69516e-09
1531.7291011810303,-1.69574e-09
1531.8230805397034,-1.695999e-09
1531.9171838760376,-1.695921e-09
1532.0112698078156,-1.695602e-09
1532.1052446365356,-1.695369e-09
1532.1990160942078,-1.695254e-09
1532.2929520606995,-1.695211e-09
1532.3864777088165,-1.695538e-09
1532.4819371700287,-1.695762e-09
1532.5758097171783,-1.696137e-09
1532.6696813106537,-1.696014e-09
1532.763641834259,-1.695706e-09
1532.8573882579803,-1.695399e-09
1532.9509453773499,-1.695267e-09
1533.0454306602478,-1.695244e-09
1533.1390657424927,-1.695654e-09
1533.2339959144592,-1.696031e-09
1533.3274779319763,-1.696112e-09
1533.4216520786285,-1.695945e-09
1533.5152254104614,-1.69563e-09
1533.6110405921936,-1.695605e-09
1533.7043130397797,-1.695398e-09
1533.7980449199677,-1.695362e-09
1533.8997740745544,-1.695832e-09
1533.993153810501,-1.695499e-09
1534.0867986679077,-1.695383e-09
1534.1807353496552,-1.695495e-09
1534.275060892105,-1.695877e-09
1534.3687918186188,-1.696296e-09
1534.4631128311157,-1.696214e-09
1534.5569746494293,-1.69594e-09
1534.6512160301208,-1.695736e-09
1534.7453520298004,-1.695622e-09
1534.8396830558777,-1.695534e-09
1534.934234380722,-1.695462e-09
1535.029142856598,-1.695546e-09
1535.123544216156,-1.695922e-09
1535.2173221111298,-1.696393e-09
1535.3130655288696,-1.696417e-09
1535.4074082374573,-1.696384e-09
1535.5020031929016,-1.696175e-09
1535.596185207367,-1.69596e-09
1535.690083026886,-1.69573e-09
1535.784077167511,-1.695646e-09
1535.8782498836517,-1.695652e-09
1535.97243142128,-1.696022e-09
1536.0664567947388,-1.696527e-09
1536.160650253296,-1.696621e-09
1536.2551944255829,-1.696485e-09
1536.3492493629456,-1.696266e-09
1536.4442732334137,-1.696216e-09
1536.5403983592987,-1.696271e-09
1536.635683298111,-1.696203e-09
1536.7309732437134,-1.696171e-09
1536.8255171775818,-1.696061e-09
1536.9191286563873,-1.695931e-09
1537.012794971466,-1.696229e-09
1537.106457233429,-1.696742e-09
1537.2112519741058,-1.696445e-09
1537.3051912784576,-1.696152e-09
1537.3990731239319,-1.696031e-09
1537.4935655593872,-1.695936e-09
1537.5875172615051,-1.696025e-09
1537.682725906372,-1.6963e-09
1537.7762460708618,-1.696889e-09
1537.870570898056,-1.696898e-09
1537.9650964736938,-1.696782e-09
1538.059505224228,-1.696613e-09
1538.1539800167084,-1.6964e-09
1538.247436761856,-1.696291e-09
1538.3420050144196,-1.696341e-09
1538.4365866184235,-1.696307e-09
1538.5310225486755,-1.696364e-09
1538.6269390583038,-1.696474e-09
1538.7203941345215,-1.697075e-09
1538.814704656601,-1.697226e-09
1538.9108777046204,-1.697183e-09
1539.0050439834595,-1.697118e-09
1539.099286556244,-1.696943e-09
1539.1930179595947,-1.696582e-09
1539.287098646164,-1.69646e-09
1539.3815262317657,-1.696428e-09
1539.4759895801544,-1.69659e-09
1539.569414138794,-1.697314e-09
1539.663731098175,-1.697344e-09
1539.7570202350616,-1.69697e-09
1539.8517441749573,-1.696798e-09
1539.945773601532,-1.696686e-09
1540.0406169891357,-1.696584e-09
1540.134239912033,-1.696777e-09
1540.2280476093292,-1.697368e-09
1540.3214130401611,-1.697355e-09
1540.4151265621185,-1.697177e-09
1540.508781671524,-1.696835e-09
1540.6024515628815,-1.696754e-09
1540.6959357261658,-1.696869e-09
1540.7903974056244,-1.697216e-09
1540.884343624115,-1.697656e-09
1540.9791140556335,-1.697646e-09
1541.073898077011,-1.697446e-09
1541.168114900589,-1.697221e-09
1541.2626569271088,-1.696997e-09
1541.3568093776703,-1.696921e-09
1541.4503419399261,-1.696877e-09
1541.5442440509796,-1.69727e-09
1541.6386256217957,-1.697693e-09
1541.7330808639526,-1.69779e-09
1541.8270409107208,-1.697567e-09
1541.921395778656,-1.697365e-09
1542.015150308609,-1.697102e-09
1542.1098990440369,-1.697055e-09
1542.2045798301697,-1.696961e-09
1542.299308538437,-1.69695e-09
1542.3931946754456,-1.697219e-09
1542.4878814220428,-1.697412e-09
1542.5816977024078,-1.697895e-09
1542.676198720932,-1.697868e-09
1542.7699193954468,-1.697595e-09
1542.864052772522,-1.697374e-09
1542.9586372375488,-1.697243e-09
1543.053362607956,-1.697197e-09
1543.1476192474365,-1.697094e-09
1543.2430052757263,-1.697104e-09
1543.3377904891968,-1.697207e-09
1543.432775735855,-1.697397e-09
1543.5290262699127,-1.697375e-09
1543.6350057125092,-1.698162e-09
1543.728664636612,-1.697925e-09
1543.8226082324982,-1.697635e-09
1543.9162440299988,-1.697395e-09
1544.0104858875275,-1.697313e-09
1544.104032754898,-1.697437e-09
1544.197658777237,-1.697999e-09
1544.2917420864105,-1.698192e-09
1544.3861753940582,-1.698071e-09
1544.4796912670135,-1.697716e-09
1544.573545217514,-1.69749e-09
1544.6670122146606,-1.697372e-09
1544.7705144882202,-1.698219e-09
1544.8651568889618,-1.698106e-09
1544.9589538574219,-1.697735e-09
1545.053011417389,-1.697567e-09
1545.1471421718597,-1.697457e-09
1545.2407262325287,-1.69753e-09
1545.3362038135529,-1.697688e-09
1545.4296247959137,-1.698281e-09
1545.5244057178497,-1.698383e-09
1545.6178143024445,-1.698152e-09
1545.712421655655,-1.697967e-09
1545.8060171604156,-1.697695e-09
1545.9003596305847,-1.697598e-09
1545.994770526886,-1.697548e-09
1546.0897014141083,-1.697574e-09
1546.1843211650848,-1.697739e-09
1546.2780303955078,-1.698346e-09
1546.3732147216797,-1.698468e-09
1546.4676523208618,-1.698457e-09
1546.561928987503,-1.698262e-09
1546.6559886932373,-1.698073e-09
1546.7501952648163,-1.697848e-09
1546.84334731102,-1.697663e-09
1546.9374644756317,-1.697722e-09
1547.0322036743164,-1.697985e-09
1547.125629901886,-1.698502e-09
1547.2209362983704,-1.698621e-09
1547.3145954608917,-1.698634e-09
1547.4128277301788,-1.698574e-09
1547.506288766861,-1.698593e-09
1547.6002552509308,-1.69839e-09
1547.6943321228027,-1.698153e-09
1547.789510011673,-1.698056e-09
1547.8834726810455,-1.697905e-09
1547.9784858226776,-1.697889e-09
1548.0725305080414,-1.69789e-09
1548.1675300598145,-1.698022e-09
1548.2618169784546,-1.698413e-09
1548.3556153774261,-1.698777e-09
1548.45005941391,-1.698714e-09
1548.5442690849304,-1.69844e-09
1548.6389684677124,-1.698352e-09
1548.7328531742096,-1.698081e-09
1548.8295905590057,-1.698166e-09
1548.9242436885834,-1.698067e-09
1549.0203573703766,-1.698099e-09
1549.1142933368683,-1.697988e-09
1549.2078878879547,-1.698073e-09
1549.3017477989197,-1.698661e-09
1549.3965282440186,-1.698869e-09
1549.4901854991913,-1.698722e-09
1549.5839035511017,-1.698432e-09
1549.6776599884033,-1.69819e-09
1549.7721576690674,-1.698089e-09
1549.8660633563995,-1.698086e-09
1549.9600689411163,-1.698574e-09
1550.053897857666,-1.699006e-09
1550.1507058143616,-1.698904e-09
1550.2454628944397,-1.69898e-09
1550.339252948761,-1.698699e-09
1550.4334433078766,-1.698434e-09
1550.5287101268768,-1.698297e-09
1550.6228995323181,-1.698233e-09
1550.7170114517212,-1.698197e-09
1550.8109049797058,-1.698542e-09
1550.906261920929,-1.698843e-09
1550.9999420642853,-1.699121e-09
1551.095315694809,-1.699122e-09
1551.1890122890472,-1.698822e-09
1551.2839016914368,-1.698712e-09
1551.378202199936,-1.698473e-09
1551.472104549408,-1.698318e-09
1551.5664331912994,-1.698814e-09
1551.6599533557892,-1.699472e-09
1551.7561385631561,-1.69909e-09
1551.8507361412048,-1.699461e-09
1551.9476857185364,-1.699135e-09
1552.0414719581604,-1.699622e-09
1552.1356711387634,-1.699527e-09
1552.2289063930511,-1.699246e-09
1552.323793888092,-1.699079e-09
1552.4170467853546,-1.698841e-09
1552.5106317996979,-1.698809e-09
1552.6048758029938,-1.699e-09
1552.6995341777802,-1.699398e-09
1552.7951304912567,-1.69946e-09
1552.8894338607788,-1.699763e-09
1552.98322224617,-1.699705e-09
1553.077760219574,-1.699471e-09
1553.171865940094,-1.699245e-09
1553.2660670280457,-1.699052e-09
1553.3605675697327,-1.69902e-09
1553.4550411701202,-1.698955e-09
1553.5495491027832,-1.699226e-09
1553.6531579494476,-1.699652e-09
1553.7474572658539,-1.699384e-09
1553.841323852539,-1.699151e-09
1553.9355030059814,-1.69903e-09
1554.0294752120972,-1.699093e-09
1554.1241052150726,-1.699401e-09
1554.2176060676575,-1.699941e-09
1554.3169348239899,-1.699144e-09
1554.4108242988586,-1.699699e-09
1554.5144879817963,-1.699517e-09
1554.6088042259216,-1.699275e-09
1554.7028965950012,-1.699205e-09
1554.7985181808472,-1.699173e-09
1554.8923075199127,-1.699233e-09
1554.9861521720886,-1.699796e-09
1555.079537153244,-1.700128e-09
1555.173128604889,-1.699764e-09
1555.2665717601776,-1.699462e-09
1555.3608441352844,-1.699333e-09
1555.4549705982208,-1.699208e-09
1555.5496451854706,-1.699265e-09
1555.6440749168396,-1.699494e-09
1555.73801279068,-1.699989e-09
1555.8328976631165,-1.700154e-09
1555.9262590408325,-1.700141e-09
1556.0215229988098,-1.700052e-09
1556.1153662204742,-1.699665e-09
1556.2100958824158,-1.699585e-09
1556.303780078888,-1.699492e-09
1556.3976516723633,-1.699389e-09
1556.4920060634613,-1.699342e-09
1556.5863509178162,-1.699757e-09
1556.6800837516785,-1.700571e-09
1556.7740623950958,-1.700334e-09
1556.8688714504242,-1.700135e-09
1556.9625103473663,-1.699797e-09
1557.0576174259186,-1.699726e-09
1557.1520128250122,-1.699584e-09
1557.2466056346893,-1.699559e-09
1557.3413898944855,-1.699948e-09
1557.4350311756134,-1.69973e-09
1557.5292587280273,-1.700238e-09
1557.6234526634216,-1.700434e-09
1557.7174792289734,-1.70046e-09
1557.8118879795074,-1.700329e-09
1557.9057869911194,-1.699957e-09
1558.0007309913635,-1.69988e-09
1558.0951733589172,-1.699786e-09
1558.189632177353,-1.699731e-09
1558.2837209701538,-1.699681e-09
1558.3790535926819,-1.6998e-09
1558.4736359119415,-1.700091e-09
1558.5682394504547,-1.700495e-09
1558.6618828773499,-1.700589e-09
1558.756229877472,-1.700439e-09
1558.8504214286804,-1.700229e-09
1558.9445600509644,-1.699976e-09
1559.0396511554718,-1.699892e-09
1559.1347198486328,-1.699859e-09
1559.2289876937866,-1.699822e-09
1559.3231432437897,-1.699928e-09
1559.4167556762695,-1.700528e-09
1559.515662431717,-1.699893e-09
1559.6093471050262,-1.700412e-09
1559.7027354240417,-1.700779e-09
1559.79687166214,-1.700652e-09
1559.8912003040314,-1.700451e-09
1559.9851434230804,-1.700107e-09
1560.0787343978882,-1.70004e-09
1560.1730115413666,-1.699983e-09
1560.2667200565338,-1.700358e-09
1560.3612937927246,-1.70076e-09
1560.4552872180939,-1.700882e-09
1560.5496141910553,-1.700709e-09
1560.6446838378906,-1.700571e-09
1560.7383961677551,-1.700265e-09
1560.8324174880981,-1.700125e-09
1560.9257988929749,-1.700116e-09
1561.0206303596497,-1.700375e-09
1561.1144006252289,-1.700855e-09
1561.2092192173004,-1.700978e-09
1561.3040945529938,-1.701053e-09
1561.3983607292175,-1.700899e-09
1561.4931490421295,-1.700771e-09
1561.5873394012451,-1.700475e-09
1561.6817743778229,-1.70038e-09
1561.7760779857635,-1.700267e-09
1561.8708930015564,-1.700223e-09
1561.965479850769,-1.700311e-09
1562.059205532074,-1.700832e-09
1562.1535437107086,-1.701141e-09
1562.247533082962,-1.701073e-09
1562.3416254520416,-1.700885e-09
1562.435613155365,-1.700562e-09
1562.5293414592743,-1.70041e-09
1562.623236656189,-1.700314e-09
1562.718368768692,-1.70035e-09
1562.813345193863,-1.70047e-09
1562.907197713852,-1.700957e-09
1563.0016872882843,-1.701233e-09
1563.0953097343445,-1.701257e-09
1563.190099477768,-1.701123e-09
1563.2841818332672,-1.700826e-09
1563.3785734176636,-1.700693e-09
1563.4755220413208,-1.700818e-09
1563.5698590278625,-1.700623e-09
1563.663808107376,-1.700516e-09
1563.757269859314,-1.700493e-09
1563.863940000534,-1.70116e-09
1563.9580681324005,-1.701407e-09
1564.052770614624,-1.701382e-09
1564.1474270820618,-1.701313e-09
1564.2415635585785,-1.701073e-09
1564.336680650711,-1.701016e-09
1564.4299130439758,-1.700676e-09
1564.5239043235779,-1.700639e-09
1564.6181721687317,-1.700601e-09
1564.7136602401733,-1.700604e-09
1564.8081259727478,-1.700913e-09
1564.9016106128693,-1.701512e-09
1564.9966657161713,-1.701592e-09
1565.0911526679993,-1.701417e-09
1565.1856846809387,-1.701243e-09
1565.2798211574554,-1.700993e-09
1565.4005753993988,-1.700737e-09
1565.494466304779,-1.700725e-09
1565.5883376598358,-1.701e-09
1565.6827971935272,-1.701414e-09
1565.7780075073242,-1.701571e-09
1565.8718657493591,-1.701567e-09
1565.9674847126007,-1.701643e-09
1566.061725139618,-1.701387e-09
1566.1557190418243,-1.701109e-09
1566.2493960857391,-1.70092e-09
1566.3456716537476,-1.700977e-09
1566.4390981197357,-1.700825e-09
1566.5328493118286,-1.701153e-09
1566.6262934207916,-1.701732e-09
1566.7201182842255,-1.701651e-09
1566.8137395381927,-1.701349e-09
1566.9078304767609,-1.701109e-09
1567.0027310848236,-1.701051e-09
1567.0971512794495,-1.700985e-09
1567.1918368339539,-1.700986e-09
1567.287546634674,-1.700976e-09
1567.3814945220947,-1.701215e-09
1567.475405216217,-1.701775e-09
1567.5691647529602,-1.701858e-09
1567.6629586219788,-1.701558e-09
1567.7566123008728,-1.701262e-09
1567.8513369560242,-1.701195e-09
1567.9533712863922,-1.701951e-09
1568.047019958496,-1.70171e-09
1568.1414270401,-1.701487e-09
1568.2352304458618,-1.701255e-09
1568.3292331695557,-1.701163e-09
1568.4229879379272,-1.701166e-09
1568.5162148475647,-1.701816e-09
1568.610004901886,-1.702026e-09
1568.7039618492126,-1.701783e-09
1568.798122882843,-1.701585e-09
1568.892047405243,-1.701319e-09
1568.985563993454,-1.701183e-09
1569.0791997909546,-1.701358e-09
1569.1731581687927,-1.701731e-09
1569.2669961452484,-1.702134e-09
1569.361967086792,-1.702112e-09
1569.4560799598694,-1.701895e-09
1569.550356388092,-1.701698e-09
1569.6444013118744,-1.701513e-09
1569.7381896972656,-1.70133e-09
1569.831930398941,-1.701258e-09
1569.9253735542297,-1.701605e-09
1570.0190427303314,-1.702196e-09
1570.1122002601624,-1.702069e-09
1570.205771446228,-1.701755e-09
1570.2990746498108,-1.701495e-09
1570.3928971290588,-1.701392e-09
1570.4862558841705,-1.701522e-09
1570.5798127651215,-1.702106e-09
1570.6780035495758,-1.701432e-09
1570.7716000080109,-1.701859e-09
1570.8696749210358,-1.701444e-09
1570.9629786014557,-1.701903e-09
1571.0573675632477,-1.702193e-09
1571.1517951488495,-1.702373e-09
1571.2461030483246,-1.702262e-09
1571.3405086994171,-1.702109e-09
1571.4346141815186,-1.701907e-09
1571.5283372402191,-1.701754e-09
1571.6222615242004,-1.701638e-09
1571.716796875,-1.701597e-09
1571.8106307983398,-1.702059e-09
1571.9054119586945,-1.702374e-09
1571.99942612648,-1.702542e-09
1572.0934913158417,-1.702305e-09
1572.1872959136963,-1.701973e-09
1572.281659603119,-1.701823e-09
1572.3767869472504,-1.70178e-09
1572.4710562229156,-1.701727e-09
1572.5661351680756,-1.701684e-09
1572.659589290619,-1.702241e-09
1572.7533133029938,-1.702628e-09
1572.8469603061676,-1.70242e-09
1572.943139076233,-1.702452e-09
1573.0374047756195,-1.702127e-09
1573.13138961792,-1.701945e-09
1573.2268579006195,-1.70193e-09
1573.3206884860992,-1.701755e-09
1573.4158444404602,-1.701803e-09
1573.5096073150635,-1.702101e-09
1573.604378938675,-1.702528e-09
1573.698183298111,-1.702715e-09
1573.7920179367065,-1.70249e-09
1573.8863434791565,-1.70224e-09
1573.9803473949432,-1.701999e-09
1574.0746502876282,-1.701953e-09
1574.1687483787537,-1.701874e-09
1574.2633583545685,-1.702053e-09
1574.356879234314,-1.702665e-09
1574.451788187027,-1.702822e-09
1574.5470576286316,-1.702808e-09
1574.6419913768768,-1.702736e-09
1574.7367289066315,-1.702556e-09
1574.8314163684845,-1.702457e-09
1574.9256072044373,-1.702205e-09
1575.0201172828674,-1.702105e-09
1575.113665819168,-1.702002e-09
1575.2082843780518,-1.702027e-09
1575.3020949363708,-1.702542e-09
1575.395919084549,-1.702936e-09
1575.4898331165314,-1.702739e-09
1575.584629058838,-1.702627e-09
1575.6782023906708,-1.702258e-09
1575.7721190452576,-1.702158e-09
1575.8658783435822,-1.702049e-09
1575.9602291584015,-1.702233e-09
1576.0542595386505,-1.702757e-09
1576.1484456062317,-1.702966e-09
1576.2425284385681,-1.702878e-09
1576.3366057872772,-1.702634e-09
1576.4295780658722,-1.702279e-09
1576.523740530014,-1.702193e-09
1576.6176228523254,-1.702159e-09
1576.7116820812225,-1.702538e-09
1576.8052406311035,-1.703072e-09
1576.9010107517242,-1.70309e-09
1576.9944496154785,-1.702982e-09
1577.0891690254211,-1.702888e-09
1577.1835496425629,-1.702651e-09
1577.2775166034698,-1.702412e-09
1577.3712673187256,-1.702306e-09
1577.4649069309235,-1.702431e-09
1577.5599744319916,-1.702538e-09
1577.65398812294,-1.703073e-09
1577.7480845451355,-1.703189e-09
1577.8432383537292,-1.703146e-09
1577.9372055530548,-1.702888e-09
1578.0312724113464,-1.702627e-09
1578.125562429428,-1.702445e-09
1578.2195572853088,-1.702341e-09
1578.3132758140564,-1.702574e-09
1578.4088065624237,-1.702672e-09
1578.503396987915,-1.703159e-09
1578.598160982132,-1.703265e-09
1578.6927211284637,-1.703181e-09
1578.78679561615,-1.702912e-09
1578.8809309005737,-1.702636e-09
1578.974508523941,-1.702497e-09
1579.0704853534698,-1.702515e-09
1579.1651933193207,-1.702455e-09
1579.2588875293732,-1.702509e-09
1579.3535957336426,-1.702811e-09
1579.4469592571259,-1.703327e-09
1579.5419039726257,-1.703355e-09
1579.635883808136,-1.703188e-09
1579.729471206665,-1.702917e-09
1579.82342171669,-1.702647e-09
1579.917801141739,-1.702583e-09
1580.011634349823,-1.702552e-09
1580.1068658828735,-1.702673e-09
1580.2055912017822,-1.702633e-09
1580.2987461090088,-1.702575e-09
1580.3926165103912,-1.703104e-09
1580.487203836441,-1.703458e-09
1580.5809252262115,-1.703371e-09
1580.6754772663116,-1.703188e-09
1580.7695569992065,-1.702948e-09
1580.8644466400146,-1.702784e-09
1580.9579575061798,-1.70267e-09
1581.0523986816406,-1.70269e-09
1581.1460735797882,-1.703165e-09
1581.2398188114166,-1.703564e-09
1581.3333365917206,-1.70347e-09
1581.4273238182068,-1.703161e-09
1581.5213506221771,-1.881092e-09
1581.614966392517,-1.801406e-09
1581.7084970474243,-1.780146e-09
1581.8054003715515,-1.76927e-09
1581.8994553089142,-1.766513e-09
1581.99445271492,-1.764977e-09
1582.0887048244476,-1.765739e-09
1582.183091878891,-1.76415e-09
1582.2769062519073,-1.76325e-09
1582.371434211731,-1.76341e-09
1582.4653069972992,-1.76313e-09
1582.559419631958,-1.763703e-09
1582.6539688110352,-1.763513e-09
1582.748664855957,-1.763934e-09
1582.8430409431458,-1.764583e-09
1582.9371225833893,-1.765327e-09
1583.031409740448,-1.765545e-09
1583.1254470348358,-1.765548e-09
1583.2199296951294,-1.765604e-09
1583.313844203949,-1.765482e-09
1583.408400774002,-1.765334e-09
1583.503975391388,-1.765471e-09
1583.5987675189972,-1.765461e-09
1583.6932444572449,-1.765588e-09
1583.7869148254395,-1.765862e-09
1583.8815610408783,-1.766282e-09
1583.9751362800598,-1.766644e-09
1584.0703101158142,-1.766682e-09
1584.164440870285,-1.766522e-09
1584.2587018013,-1.76617e-09
1584.353842496872,-1.766148e-09
1584.4533755779266,-1.766795e-09
1584.546801328659,-1.766447e-09
1584.641161441803,-1.766376e-09
1584.736120223999,-1.766358e-09
1584.8308622837067,-1.766188e-09
1584.9253537654877,-1.766113e-09
1585.0198299884796,-1.767266e-09
1585.1133301258087,-1.7677e-09
1585.2074613571167,-1.767935e-09
1585.3012781143188,-1.767831e-09
1585.3959467411041,-1.767644e-09
1585.4894886016846,-1.767235e-09
1585.5859642028809,-1.767442e-09
1585.6797277927399,-1.767193e-09
1585.7739984989166,-1.767119e-09
1585.8693523406982,-1.767257e-09
1585.964383840561,-1.767894e-09
1586.0582752227783,-1.76778e-09
1586.152426481247,-1.768095e-09
1586.2462604045868,-1.768429e-09
1586.3401911258698,-1.768271e-09
1586.434407234192,-1.76806e-09
1586.5284383296967,-1.76773e-09
1586.622174501419,-1.767599e-09
1586.716156244278,-1.767511e-09
1586.810189962387,-1.767683e-09
1586.9048550128937,-1.76808e-09
1586.9983015060425,-1.768556e-09
1587.1196811199188,-1.768467e-09
1587.2142782211304,-1.768249e-09
1587.3078763484955,-1.767985e-09
1587.4018619060516,-1.767829e-09
1587.4956698417664,-1.767816e-09
1587.5901584625244,-1.768076e-09
1587.6847853660583,-1.768527e-09
1587.779286146164,-1.768801e-09
1587.8735916614532,-1.768727e-09
1587.96737074852,-1.768401e-09
1588.0616402626038,-1.768275e-09
1588.155669927597,-1.7681e-09
1588.2504482269287,-1.768093e-09
1588.3500666618347,-1.768497e-09
1588.4436213970184,-1.768197e-09
1588.5373656749725,-1.768153e-09
1588.631577014923,-1.76825e-09
1588.7256724834442,-1.768835e-09
1588.8205015659332,-1.769061e-09
1588.9159791469574,-1.76914e-09
1589.0100591182709,-1.768985e-09
1589.1073398590088,-1.769209e-09
1589.2013974189758,-1.769051e-09
1589.2953152656555,-1.768759e-09
1589.392051935196,-1.769015e-09
1589.4870505332947,-1.768835e-09
1589.5807926654816,-1.768562e-09
1589.67427277565,-1.768501e-09
1589.768004655838,-1.768618e-09
1589.862315416336,-1.769046e-09
1589.955995798111,-1.769498e-09
1590.0494592189789,-1.769295e-09
1590.1436467170715,-1.768959e-09
1590.2373111248016,-1.768871e-09
1590.331001996994,-1.768667e-09
1590.424563884735,-1.768947e-09
1590.5189490318298,-1.769394e-09
1590.6133000850677,-1.769713e-09
1590.7071647644043,-1.769591e-09
1590.8010427951813,-1.769303e-09
1590.8948924541473,-1.769057e-09
1590.9887793064117,-1.768961e-09
1591.0827975273132,-1.768972e-09
1591.1768474578857,-1.769196e-09
1591.271030664444,-1.769609e-09
1591.3652453422546,-1.769927e-09
1591.45924782753,-1.769782e-09
1591.553766489029,-1.769599e-09
1591.647718667984,-1.769339e-09
1591.741937637329,-1.769169e-09
1591.8353583812714,-1.769095e-09
1591.9301509857178,-1.769168e-09
1592.0241916179657,-1.769615e-09
1592.1188516616821,-1.770026e-09
1592.2129445075989,-1.77013e-09
1592.307300567627,-1.769944e-09
1592.401112318039,-1.769614e-09
1592.4947452545166,-1.769393e-09
1592.589970588684,-1.769407e-09
1592.6866495609283,-1.769485e-09
1592.7805638313293,-1.769403e-09
1592.8748679161072,-1.769508e-09
1592.9692039489746,-1.769858e-09
1593.0673100948334,-1.769485e-09
1593.1615352630615,-1.769969e-09
1593.256150007248,-1.770176e-09
1593.3500022888184,-1.770645e-09
1593.4442083835602,-1.770556e-09
1593.538491010666,-1.770238e-09
1593.6324207782745,-1.76995e-09
1593.726083278656,-1.769822e-09
1593.8204708099365,-1.769767e-09
1593.9144403934479,-1.769949e-09
1594.008505821228,-1.770503e-09
1594.102216720581,-1.770761e-09
1594.1957387924194,-1.770477e-09
1594.2897181510925,-1.77022e-09
1594.3839364051819,-1.770035e-09
1594.477615594864,-1.769914e-09
1594.573492527008,-1.769962e-09
1594.667069196701,-1.770184e-09
1594.7614750862122,-1.770578e-09
1594.8552205562592,-1.770976e-09
1594.9488983154297,-1.770802e-09
1595.0433101654053,-1.770609e-09
1595.1372208595276,-1.770847e-09
1595.2315154075623,-1.770608e-09
1595.325217962265,-1.770396e-09
1595.4197120666504,-1.770629e-09
1595.5135705471039,-1.771484e-09
1595.6084032058716,-1.772013e-09
1595.703097820282,-1.771645e-09
1595.7973544597626,-1.771347e-09
1595.8923313617706,-1.771109e-09
1595.986174583435,-1.770984e-09
1596.0814623832703,-1.770907e-09
1596.1762373447418,-1.770847e-09
1596.2702598571777,-1.77091e-09
1596.364517211914,-1.771186e-09
1596.4588768482208,-1.771596e-09
1596.5588915348053,-1.770994e-09
1596.6526374816895,-1.771002e-09
1596.7467122077942,-1.771508e-09
1596.8401951789856,-1.771935e-09
1596.933437347412,-1.771693e-09
1597.0271141529083,-1.771415e-09
1597.1208107471466,-1.771218e-09
1597.21529006958,-1.771173e-09
1597.3088994026184,-1.771298e-09
1597.4034082889557,-1.771737e-09
1597.4972372055054,-1.772173e-09
1597.5916001796722,-1.772164e-09
1597.6859641075134,-1.771896e-09
1597.7799122333527,-1.771633e-09
1597.874093055725,-1.771478e-09
1597.9680054187775,-1.771376e-09
1598.0705177783966,-1.772284e-09
1598.164907693863,-1.77211e-09
1598.2609136104584,-1.772082e-09
1598.3553853034973,-1.771983e-09
1598.4583809375763,-1.771476e-09
1598.5530426502228,-1.771869e-09
1598.6463696956635,-1.772386e-09
1598.740611076355,-1.772392e-09
1598.8344941139221,-1.772117e-09
1598.9289875030518,-1.771913e-09
1599.022672176361,-1.77167e-09
1599.117113351822,-1.771584e-09
1599.211136341095,-1.771634e-09
1599.3050396442413,-1.772214e-09
1599.3995566368103,-1.772539e-09
1599.4937090873718,-1.772573e-09
1599.5878059864044,-1.772374e-09
1599.6821620464325,-1.772053e-09
1599.7758584022522,-1.771876e-09
1599.870317697525,-1.771773e-09
1599.9643499851227,-1.771743e-09
1600.0583333969116,-1.772272e-09
1600.1529314517975,-1.772568e-09
1600.2468161582947,-1.772652e-09
1600.3422315120697,-1.772615e-09
1600.4367339611053,-1.772425e-09
1600.5311613082886,-1.77222e-09
1600.6253578662872,-1.772038e-09
1600.719560623169,-1.771936e-09
1600.8135664463043,-1.772048e-09
1600.9074051380157,-1.772499e-09
1601.0013890266418,-1.77294e-09
1601.095042705536,-1.772785e-09
1601.1890318393707,-1.772453e-09
1601.2829716205597,-1.772188e-09
1601.3769507408142,-1.772139e-09
1601.4713571071625,-1.772118e-09
1601.5655195713043,-1.772382e-09
1601.6596450805664,-1.772931e-09
1601.7539796829224,-1.773109e-09
1601.8491106033325,-1.773118e-09
1601.9429125785828,-1.772914e-09
1602.037413597107,-1.772749e-09
1602.131062746048,-1.772456e-09
1602.225681066513,-1.7724e-09
1602.3190774917603,-1.77233e-09
1602.4144275188446,-1.772358e-09
1602.5077767372131,-1.772726e-09
1602.602150440216,-1.773154e-09
1602.6959309577942,-1.773288e-09
1602.7902805805206,-1.77311e-09
1602.8865442276,-1.773186e-09
1602.979926109314,-1.772863e-09
1603.0760400295258,-1.772918e-09
1603.1701576709747,-1.772683e-09
1603.2644143104553,-1.772614e-09
1603.3590548038483,-1.772544e-09
1603.453025341034,-1.772814e-09
1603.5481309890747,-1.772952e-09
1603.6421933174133,-1.773514e-09
1603.7366573810577,-1.773467e-09
1603.830658197403,-1.773267e-09
1603.9249262809753,-1.772964e-09
1604.0190024375916,-1.772778e-09
1604.112943649292,-1.772703e-09
1604.2078535556793,-1.772705e-09
1604.3017377853394,-1.773002e-09
1604.3961486816406,-1.773467e-09
1604.4904561042786,-1.773695e-09
1604.5847420692444,-1.773566e-09
1604.6790759563446,-1.77331e-09
1604.7734069824219,-1.773116e-09
1604.8693640232086,-1.773162e-09
1604.9634773731232,-1.773006e-09
1605.0581679344177,-1.772993e-09
1605.1532747745514,-1.772953e-09
1605.25231051445,-1.773282e-09
1605.3461010456085,-1.773088e-09
1605.440316915512,-1.77302e-09
1605.5349967479706,-1.773022e-09
1605.6283390522003,-1.773574e-09
1605.7234301567078,-1.773834e-09
1605.8175692558289,-1.773974e-09
1605.9125459194183,-1.77396e-09
1606.0067014694214,-1.773697e-09
1606.1006162166595,-1.773433e-09
1606.195545911789,-1.773326e-09
1606.2892043590546,-1.773187e-09
1606.3837463855743,-1.773202e-09
1606.4775171279907,-1.773549e-09
1606.5727219581604,-1.773783e-09
1606.6674151420593,-1.774013e-09
1606.7614333629608,-1.7741e-09
1606.8559892177582,-1.773968e-09
1606.949428319931,-1.773654e-09
1607.0432822704315,-1.773436e-09
1607.1375691890717,-1.773344e-09
1607.2309658527374,-1.773525e-09
1607.32510638237,-1.774125e-09
1607.4186222553253,-1.774326e-09
1607.512558221817,-1.774072e-09
1607.6063554286957,-1.77374e-09
1607.7000842094421,-1.773584e-09
1607.7937989234924,-1.773501e-09
1607.8876934051514,-1.773669e-09
1607.9817249774933,-1.774286e-09
1608.0762250423431,-1.774341e-09
1608.1702370643616,-1.774241e-09
1608.2640426158905,-1.773882e-09
1608.3583035469055,-1.773701e-09
1608.4520239830017,-1.773538e-09
1608.5460040569305,-1.773564e-09
1608.6402122974396,-1.77392e-09
1608.7343883514404,-1.774462e-09
1608.8303608894348,-1.77436e-09
1608.9245901107788,-1.774458e-09
1609.0183429718018,-1.774209e-09
1609.112630367279,-1.77396e-09
1609.2077329158783,-1.773837e-09
1609.301210641861,-1.773729e-09
1609.3960616588593,-1.773682e-09
1609.4894526004791,-1.773955e-09
1609.5847434997559,-1.774181e-09
1609.6793587207794,-1.77444e-09
1609.7729806900024,-1.774654e-09
1609.8680431842804,-1.774613e-09
1609.9615280628204,-1.774234e-09
1610.0557136535645,-1.774046e-09
1610.1492848396301,-1.77382e-09
1610.2429955005646,-1.773864e-09
1610.3372344970703,-1.774119e-09
1610.4319989681244,-1.774523e-09
1610.5252757072449,-1.774816e-09
1610.619859457016,-1.77467e-09
1610.7141494750977,-1.77437e-09
1610.808572769165,-1.774205e-09
1610.903157711029,-1.7742e-09
1610.997174501419,-1.774265e-09
1611.0916724205017,-1.774133e-09
1611.1856637001038,-1.774526e-09
1611.2799232006073,-1.774967e-09
1611.3775141239166,-1.774389e-09
1611.471148967743,-1.775081e-09
1611.5781507492065,-1.775056e-09
1611.6721336841583,-1.774721e-09
1611.7668426036835,-1.774568e-09
1611.861688375473,-1.774478e-09
1611.9554598331451,-1.774348e-09
1612.0502169132233,-1.774336e-09
1612.1440925598145,-1.774566e-09
1612.2383961677551,-1.775e-09
1612.3334946632385,-1.775213e-09
1612.427930355072,-1.775298e-09
1612.5221011638641,-1.77511e-09
1612.6157553195953,-1.774769e-09
1612.7098174095154,-1.774544e-09
1612.8037889003754,-1.774538e-09
1612.8976850509644,-1.77476e-09
1612.9915039539337,-1.775229e-09
1613.0868384838104,-1.775411e-09
1613.1805119514465,-1.775359e-09
1613.2742221355438,-1.774991e-09
1613.3699588775635,-1.775032e-09
1613.466017484665,-1.775136e-09
1613.5597591400146,-1.774813e-09
1613.6537885665894,-1.774706e-09
1613.7490637302399,-1.774697e-09
1613.843424797058,-1.774714e-09
1613.936768770218,-1.775192e-09
1614.0306372642517,-1.775602e-09
1614.124921321869,-1.775627e-09
1614.2190442085266,-1.775343e-09
1614.312507390976,-1.77497e-09
1614.4063792228699,-1.774858e-09
1614.5001239776611,-1.774825e-09
1614.593581199646,-1.775238e-09
1614.6868340969086,-1.775759e-09
1614.7807281017303,-1.77562e-09
1614.8741250038147,-1.775285e-09
1614.9688384532928,-1.775103e-09
1615.062164068222,-1.774943e-09
1615.1553354263306,-1.775006e-09
1615.2492015361786,-1.775586e-09
1615.3430829048157,-1.775894e-09
1615.4370844364166,-1.775621e-09
1615.5305395126343,-1.775362e-09
1615.6255626678467,-1.775208e-09
1615.7191801071167,-1.775029e-09
1615.8141984939575,-1.775003e-09
1615.9082071781158,-1.775089e-09
1616.002729177475,-1.775492e-09
1616.0972683429718,-1.775772e-09
1616.1921327114105,-1.775926e-09
1616.286365032196,-1.775984e-09
1616.3800630569458,-1.775746e-09
1616.474049091339,-1.775433e-09
1616.568012714386,-1.775245e-09
1616.661880493164,-1.77515e-09
1616.755961894989,-1.77513e-09
1616.8502459526062,-1.77536e-09
1616.9443678855896,-1.775892e-09
1617.0439851284027,-1.775222e-09
1617.1390554904938,-1.775212e-09
1617.2335555553436,-1.775462e-09
1617.328236579895,-1.775734e-09
1617.4218258857727,-1.776191e-09
1617.5163629055023,-1.77608e-09
1617.6097829341888,-1.775663e-09
1617.7039275169373,-1.775473e-09
1617.7974970340729,-1.775344e-09
1617.8914666175842,-1.775549e-09
1617.985378742218,-1.776184e-09
1618.0792112350464,-1.776215e-09
1618.172738313675,-1.775953e-09
1618.267149925232,-1.775714e-09
1618.3612296581268,-1.775533e-09
1618.4556331634521,-1.775488e-09
1618.5498049259186,-1.775558e-09
1618.6442198753357,-1.775885e-09
1618.7378859519958,-1.776385e-09
1618.831636428833,-1.776276e-09
1618.9275517463684,-1.77632e-09
1619.0215346813202,-1.77593e-09
1619.1190776824951,-1.776338e-09
1619.2142658233643,-1.776215e-09
1619.3078196048737,-1.77588e-09
1619.4035863876343,-1.775869e-09
1619.4980611801147,-1.775758e-09
1619.591807126999,-1.775731e-09
1619.6855385303497,-1.775897e-09
1619.7795631885529,-1.776457e-09
1619.87344956398,-1.776693e-09
1619.9673562049866,-1.776461e-09
1620.0618216991425,-1.776168e-09
1620.1555285453796,-1.776005e-09
1620.2510118484497,-1.775823e-09
1620.3446860313416,-1.775733e-09
1620.4398357868195,-1.776017e-09
1620.534203529358,-1.776892e-09
1620.6279249191284,-1.777493e-09
1620.7222137451172,-1.777833e-09
1620.8159456253052,-1.777516e-09
1620.9111948013306,-1.777511e-09
1621.0049822330475,-1.77718e-09
1621.0999772548676,-1.777187e-09
1621.1944308280945,-1.777287e-09
1621.287992477417,-1.777255e-09
1621.3829379081726,-1.777549e-09
1621.4763531684875,-1.778134e-09
1621.5715010166168,-1.778325e-09
1621.6656546592712,-1.778219e-09
1621.7600543498993,-1.778181e-09
1621.854085445404,-1.777942e-09
1621.9484598636627,-1.777795e-09
1622.0428204536438,-1.777774e-09
1622.1367502212524,-1.777762e-09
1622.2311234474182,-1.778106e-09
1622.3251283168793,-1.778583e-09
1622.4193410873413,-1.778746e-09
1622.51318693161,-1.778499e-09
1622.6074681282043,-1.778213e-09
1622.7011897563934,-1.777997e-09
1622.7954754829407,-1.777916e-09
1622.8909652233124,-1.777883e-09
1622.9850635528564,-1.778219e-09
1623.0786046981812,-1.778838e-09
1623.1726467609406,-1.77882e-09
1623.2657477855682,-1.778395e-09
1623.3596150875092,-1.778174e-09
1623.4534378051758,-1.778057e-09
1623.5475244522095,-1.778065e-09
1623.6415009498596,-1.778562e-09
1623.73623752594,-1.77882e-09
1623.8311290740967,-1.778989e-09
1623.925127029419,-1.778946e-09
1624.0196890830994,-1.778705e-09
1624.1128516197205,-1.778296e-09
1624.2071886062622,-1.778244e-09
1624.3008120059967,-1.778177e-09
1624.3958020210266,-1.778405e-09
1624.4906823635101,-1.778623e-09
1624.5852603912354,-1.778931e-09
1624.6827709674835,-1.778477e-09
1624.7772874832153,-1.778877e-09
1624.8712270259857,-1.77916e-09
1624.9652862548828,-1.779096e-09
1625.058751821518,-1.778805e-09
1625.1528582572937,-1.778568e-09
1625.2464973926544,-1.778413e-09
1625.3414826393127,-1.778396e-09
1625.4364068508148,-1.778365e-09
1625.530605316162,-1.778486e-09
1625.6253144741058,-1.778822e-09
1625.7193229198456,-1.779311e-09
1625.8134324550629,-1.779301e-09
1625.9075348377228,-1.779044e-09
1626.0034127235413,-1.779054e-09
1626.0974733829498,-1.778779e-09
1626.1916954517365,-1.77864e-09
1626.285758972168,-1.778527e-09
1626.3793759346008,-1.778672e-09
1626.47359085083,-1.779072e-09
1626.5676493644714,-1.779483e-09
1626.6623513698578,-1.779472e-09
1626.7581663131714,-1.779483e-09
1626.852165222168,-1.779189e-09
1626.9519143104553,-1.779435e-09
1627.0451924800873,-1.779392e-09
1627.1387655735016,-1.779081e-09
1627.2337641716003,-1.778963e-09
1627.3289804458618,-1.77889e-09
1627.4224164485931,-1.778756e-09
1627.5174701213837,-1.778673e-09
1627.6119129657745,-1.778779e-09
1627.7064008712769,-1.779263e-09
1627.8002314567566,-1.779806e-09
1627.8946368694305,-1.779733e-09
1627.988820552826,-1.779562e-09
1628.0824892520905,-1.779173e-09
1628.1763842105865,-1.779063e-09
1628.2705428600311,-1.778992e-09
1628.3649027347565,-1.779028e-09
1628.4589190483093,-1.779455e-09
1628.5533220767975,-1.779787e-09
1628.6473207473755,-1.779955e-09
1628.742416858673,-1.779879e-09
1628.8359520435333,-1.779521e-09
1628.9304378032684,-1.779327e-09
1629.0248110294342,-1.779219e-09
1629.118407011032,-1.779101e-09
1629.2129905223846,-1.779184e-09
1629.3174436092377,-1.779956e-09
1629.411375761032,-1.779785e-09
1629.5064640045166,-1.779577e-09
1629.6002204418182,-1.779344e-09
1629.6946504116058,-1.77929e-09
1629.78848695755,-1.779251e-09
1629.88210439682,-1.77964e-09
1629.9760601520538,-1.780116e-09
1630.069664478302,-1.78006e-09
1630.1643097400665,-1.779874e-09
1630.2579216957092,-1.779529e-09
1630.3521859645844,-1.779348e-09
1630.4462494850159,-1.779259e-09
1630.5400981903076,-1.77929e-09
1630.640640258789,-1.779493e-09
1630.7372150421143,-1.779622e-09
1630.8323106765747,-1.779541e-09
1630.9257550239563,-1.779382e-09
1631.019505739212,-1.779338e-09
1631.1130385398865,-1.77986e-09
1631.2076575756073,-1.78023e-09
1631.3013076782227,-1.780155e-09
1631.3959815502167,-1.779962e-09
1631.4905090332031,-1.779799e-09
1631.5845472812653,-1.779511e-09
1631.6790187358856,-1.779431e-09
1631.77268075943,-1.779502e-09
1631.867352962494,-1.779885e-09
1631.9606671333313,-1.780334e-09
1632.0546696186066,-1.780222e-09
1632.1486988067627,-1.779979e-09
1632.2438180446625,-1.779811e-09
1632.3378865718842,-1.77962e-09
1632.432703256607,-1.779587e-09
1632.5268023014069,-1.779524e-09
1632.6209626197815,-1.779726e-09
1632.715208530426,-1.780141e-09
1632.809283733368,-1.780517e-09
1632.9028253555298,-1.780307e-09
1632.9973962306976,-1.780084e-09
1633.0911309719086,-1.779768e-09
1633.1851947307587,-1.779686e-09
1633.2870872020721,-1.780494e-09
1633.381283044815,-1.780279e-09
1633.4783339500427,-1.780537e-09
1633.5727880001068,-1.780344e-09
1633.6674094200134,-1.780087e-09
1633.761109828949,-1.779857e-09
1633.855812072754,-1.779881e-09
1633.9495656490326,-1.779813e-09
1634.0441193580627,-1.779885e-09
1634.1379141807556,-1.780416e-09
1634.2319679260254,-1.780749e-09
1634.3266258239746,-1.780732e-09
1634.4212334156036,-1.780599e-09
1634.5387742519379,-1.779925e-09
1634.632436990738,-1.779906e-09
1634.729974269867,-1.779944e-09
1634.8240821361542,-1.779962e-09
1634.9183654785156,-1.780189e-09
1635.0175712108612,-1.780032e-09
1635.1111435890198,-1.77999e-09
1635.2056453227997,-1.780313e-09
1635.3005180358887,-1.780599e-09
1635.3944776058197,-1.780908e-09
1635.4884865283966,-1.780788e-09
1635.582436323166,-1.780393e-09
1635.676284313202,-1.780144e-09
1635.770574092865,-1.780089e-09
1635.8641428947449,-1.780198e-09
1635.9588623046875,-1.780644e-09
1636.0525379180908,-1.781004e-09
1636.1470828056335,-1.780984e-09
1636.2407233715057,-1.780569e-09
1636.3343217372894,-1.780265e-09
1636.4281132221222,-1.780166e-09
1636.5233294963837,-1.780173e-09
1636.618834733963,-1.780161e-09
1636.712324142456,-1.780539e-09
1636.8070158958435,-1.780902e-09
1636.900693655014,-1.781046e-09
1636.9952278137207,-1.780929e-09
1637.0885739326477,-1.780506e-09
1637.1833209991455,-1.780439e-09
1637.2768461704254,-1.780279e-09
1637.3715369701385,-1.780279e-09
1637.4650752544403,-1.780579e-09
1637.559641122818,-1.780707e-09
1637.653831243515,-1.781223e-09
1637.7483253479004,-1.781237e-09
1637.8430891036987,-1.781243e-09
1637.9366929531097,-1.780973e-09
1638.0309674739838,-1.780662e-09
1638.1245429515839,-1.780479e-09
1638.2188096046448,-1.780424e-09
1638.3131856918335,-1.780438e-09
1638.408971786499,-1.780475e-09
1638.503700017929,-1.780557e-09
1638.597339630127,-1.781176e-09
1638.6912479400635,-1.781392e-09
1638.7850742340088,-1.781076e-09
1638.8783748149872,-1.780713e-09
1638.9721250534058,-1.780563e-09
1639.065634727478,-1.780598e-09
1639.1597197055817,-1.781031e-09
1639.2536306381226,-1.781477e-09
1639.34805560112,-1.781387e-09
1639.4423687458038,-1.781208e-09
1639.536499261856,-1.780854e-09
1639.630669593811,-1.780697e-09
1639.724664926529,-1.780627e-09
1639.8189630508423,-1.780858e-09
1639.912359237671,-1.781566e-09
1640.0067439079285,-1.781531e-09
1640.1006162166595,-1.781288e-09
1640.1946365833282,-1.780931e-09
1640.2882962226868,-1.78074e-09
1640.3825528621674,-1.780729e-09
1640.4763145446777,-1.781192e-09
1640.5705230236053,-1.781586e-09
1640.664244890213,-1.78153e-09
1640.7582037448883,-1.781266e-09
1640.851886510849,-1.780904e-09
1640.9463367462158,-1.780857e-09
1641.0399436950684,-1.780781e-09
1641.1342453956604,-1.781112e-09
1641.2280988693237,-1.78167e-09
1641.3223550319672,-1.781692e-09
1641.4160299301147,-1.781354e-09
1641.5105521678925,-1.781126e-09
1641.6056480407715,-1.781044e-09
1641.7001593112946,-1.780949e-09
1641.7942712306976,-1.780857e-09
1641.8878860473633,-1.781019e-09
1641.9818544387817,-1.781665e-09
1642.0755429267883,-1.781798e-09
1642.1699125766754,-1.781652e-09
1642.264032125473,-1.781403e-09
1642.3587203025818,-1.781161e-09
1642.4525775909424,-1.781048e-09
1642.547362089157,-1.78098e-09
1642.6418771743774,-1.780997e-09
1642.7364792823792,-1.78128e-09
1642.8304688930511,-1.781752e-09
1642.924232006073,-1.781972e-09
1643.018938779831,-1.781797e-09
1643.1124148368835,-1.781513e-09
1643.2067728042603,-1.781311e-09
1643.3007957935333,-1.781174e-09
1643.3947343826294,-1.781145e-09
1643.488228559494,-1.781481e-09
1643.582022190094,-1.781963e-09
1643.6758315563202,-1.782052e-09
1643.7734637260437,-1.78195e-09
1643.8677401542664,-1.782136e-09
1643.9647176265717,-1.782011e-09
1644.0582599639893,-1.782097e-09
1644.1522176265717,-1.781836e-09
1644.2457098960876,-1.781503e-09
1644.3402090072632,-1.781399e-09
1644.4343163967133,-1.781293e-09
1644.5279891490936,-1.78138e-09
1644.6215863227844,-1.781912e-09
1644.7163472175598,-1.782096e-09
1644.8102223873138,-1.782245e-09
1644.9048955440521,-1.782107e-09
1644.9992821216583,-1.781914e-09
1645.0939347743988,-1.781753e-09
1645.188170671463,-1.78152e-09
1645.281828403473,-1.781445e-09
1645.375791311264,-1.781478e-09
1645.4697227478027,-1.781932e-09
1645.5649576187134,-1.78217e-09
1645.6587407588959,-1.78244e-09
1645.7526986598969,-1.782225e-09
1645.846883058548,-1.781885e-09
1645.9413361549377,-1.781741e-09
1646.0349259376526,-1.781608e-09
1646.1294021606445,-1.781555e-09
1646.223712682724,-1.781772e-09
1646.3178584575653,-1.782307e-09
1646.412101507187,-1.782509e-09
1646.5056736469269,-1.782358e-09
1646.6014339923859,-1.782405e-09
1646.694755077362,-1.781936e-09
1646.7894699573517,-1.781869e-09
1646.8841376304626,-1.781878e-09
1646.977660894394,-1.781673e-09
1647.0724830627441,-1.781756e-09
1647.1667203903198,-1.782116e-09
1647.26131772995,-1.782535e-09
1647.354748725891,-1.7825e-09
1647.4490864276886,-1.78237e-09
1647.543075799942,-1.781909e-09
1647.6399383544922,-1.782081e-09
1647.7349956035614,-1.781364e-09
1647.8296616077423,-1.781238e-09
1647.9238147735596,-1.781193e-09
1648.0188319683075,-1.781087e-09
1648.1125893592834,-1.781153e-09
1648.2073385715485,-1.781401e-09
1648.300895690918,-1.781871e-09
1648.4029684066772,-1.781181e-09
1648.4967367649078,-1.779469e-09
1648.5908958911896,-1.779597e-09
1648.6852550506592,-1.780554e-09
1648.778992176056,-1.780503e-09
1648.8733339309692,-1.780563e-09
1648.9732167720795,-1.780367e-09
1649.069816827774,-1.780362e-09
1649.1653544902802,-1.780717e-09
1649.25932097435,-1.780394e-09
1649.354208946228,-1.779793e-09
1649.4528062343597,-1.779296e-09
1649.5464417934418,-1.780419e-09
1649.640338897705,-1.778635e-09
1649.734798669815,-1.77878e-09
1649.8285839557648,-1.77898e-09
1649.9228355884552,-1.779351e-09
1650.0180594921112,-1.779733e-09
1650.1123943328857,-1.779583e-09
1650.2068502902985,-1.777875e-09
1650.3006558418274,-1.778695e-09
1650.3946146965027,-1.779855e-09
1650.4887247085571,-1.780656e-09
1650.583561182022,-1.781127e-09
1650.6779518127441,-1.781747e-09
1650.772062778473,-1.781613e-09
1650.8660025596619,-1.781417e-09
1650.9604732990265,-1.78082e-09
1651.0545978546143,-1.781083e-09
1651.1487956047058,-1.781794e-09
1651.2423777580261,-1.782746e-09
1651.3361375331879,-1.782745e-09
1651.4293870925903,-1.782391e-09
1651.523734331131,-1.782278e-09
1651.6186323165894,-1.782255e-09
1651.712378501892,-1.782175e-09
1651.8063509464264,-1.782327e-09
1651.9001898765564,-1.782919e-09
1651.994176864624,-1.783125e-09
1652.0878846645355,-1.782851e-09
1652.1822249889374,-1.782647e-09
1652.2762503623962,-1.782365e-09
1652.370061159134,-1.782265e-09
1652.4643576145172,-1.782263e-09
1652.5585098266602,-1.78249e-09
1652.6532063484192,-1.78289e-09
1652.747557401657,-1.783237e-09
1652.8422870635986,-1.783175e-09
1652.935757637024,-1.782893e-09
1653.0307550430298,-1.782769e-09
1653.124519586563,-1.782508e-09
1653.2193803787231,-1.78244e-09
1653.3162016868591,-1.782557e-09
1653.4103622436523,-1.782454e-09
1653.5162844657898,-1.782739e-09
1653.6096591949463,-1.783311e-09
1653.703894853592,-1.783313e-09
1653.7978105545044,-1.783016e-09
1653.8920464515686,-1.782816e-09
1653.9858045578003,-1.782632e-09
1654.0803442001343,-1.782521e-09
1654.1748142242432,-1.782522e-09
1654.2700669765472,-1.782558e-09
1654.3644261360168,-1.7829e-09
1654.4582362174988,-1.783434e-09
1654.5522413253784,-1.783464e-09
1654.6459720134735,-1.783021e-09
1654.7396349906921,-1.782735e-09
1654.833488702774,-1.782645e-09
1654.9275686740875,-1.782639e-09
1655.0212650299072,-1.783117e-09
1655.1150286197662,-1.78354e-09
1655.2201240062714,-1.783004e-09
1655.3141887187958,-1.782828e-09
1655.4084129333496,-1.782686e-09
1655.5035791397095,-1.782676e-09
1655.5981845855713,-1.782777e-09
1655.69326877594,-1.782855e-09
1655.787431716919,-1.78344e-09
1655.881308555603,-1.783626e-09
1655.9753744602203,-1.78354e-09
1656.0694477558136,-1.783264e-09
1656.1640322208405,-1.783077e-09
1656.2576830387115,-1.78291e-09
1656.3524372577667,-1.782853e-09
1656.446447134018,-1.782877e-09
1656.5407574176788,-1.783182e-09
1656.635495185852,-1.783514e-09
1656.7298259735107,-1.783779e-09
1656.8244323730469,-1.783681e-09
1656.9198396205902,-1.783673e-09
1657.0133543014526,-1.783345e-09
1657.1070523262024,-1.783011e-09
1657.2005023956299,-1.782953e-09
1657.2945005893707,-1.783088e-09
1657.3891355991364,-1.783215e-09
1657.4831066131592,-1.783827e-09
1657.577998161316,-1.783901e-09
1657.67196059227,-1.783703e-09
1657.7668242454529,-1.783605e-09
1657.861492395401,-1.783395e-09
1657.9550218582153,-1.783169e-09
1658.0491240024567,-1.783041e-09
1658.1428971290588,-1.783141e-09
1658.2371735572815,-1.783558e-09
1658.3310816287994,-1.78396e-09
1658.425663471222,-1.783936e-09
1658.5196690559387,-1.78368e-09
1658.6140961647034,-1.783475e-09
1658.707848072052,-1.783248e-09
1658.8024966716766,-1.783195e-09
1658.8976862430573,-1.783171e-09
1658.9917318820953,-1.783189e-09
1659.0856409072876,-1.783715e-09
1659.1791524887085,-1.784114e-09
1659.2731642723083,-1.783894e-09
1659.3666591644287,-1.783554e-09
1659.4624693393707,-1.783573e-09
1659.556274175644,-1.783333e-09
1659.6500577926636,-1.783269e-09
1659.7451848983765,-1.783279e-09
1659.8389611244202,-1.78365e-09
1659.932903289795,-1.784157e-09
1660.0281677246094,-1.784241e-09
1660.1219267845154,-1.784238e-09
1660.2159056663513,-1.784318e-09
1660.3099474906921,-1.784255e-09
1660.403797864914,-1.784059e-09
1660.4973995685577,-1.783938e-09
1660.5920255184174,-1.784293e-09
1660.6856184005737,-1.785074e-09
1660.7805798053741,-1.785313e-09
1660.8751266002655,-1.785254e-09
1660.9686863422394,-1.784766e-09
1661.062994003296,-1.78389e-09
1661.1575660705566,-1.783286e-09
1661.2516338825226,-1.781607e-09
1661.3454494476318,-1.781465e-09
1661.4390926361084,-1.781055e-09
1661.5338094234467,-1.781018e-09
1661.6274445056915,-1.781826e-09
1661.7213723659515,-1.780638e-09
1661.814787864685,-1.778199e-09
1661.908661365509,-1.779144e-09
1662.0025370121002,-1.780547e-09
1662.0968174934387,-1.781538e-09
1662.1904277801514,-1.782522e-09
1662.2847938537598,-1.782343e-09
1662.3784186840057,-1.781209e-09
1662.4733209609985,-1.78172e-09
1662.566955089569,-1.782152e-09
1662.660389661789,-1.782642e-09
1662.7541460990906,-1.78339e-09
1662.8490920066833,-1.783805e-09
1662.9434111118317,-1.784032e-09
1663.0388567447662,-1.784168e-09
1663.1329584121704,-1.784157e-09
1663.2274856567383,-1.784038e-09
1663.3214342594147,-1.783788e-09
1663.4153027534485,-1.783728e-09
1663.508896112442,-1.783745e-09
1663.602786064148,-1.784275e-09
1663.696349143982,-1.784677e-09
1663.7907898426056,-1.784612e-09
1663.885703086853,-1.784457e-09
1663.9811074733734,-1.78438e-09
1664.0750529766083,-1.784162e-09
1664.170661687851,-1.784085e-09
1664.2640619277954,-1.783962e-09
1664.3593666553497,-1.783908e-09
1664.4539706707,-1.783776e-09
1664.548136472702,-1.784019e-09
1664.641624212265,-1.784594e-09
1664.735512495041,-1.784767e-09
1664.8294932842255,-1.784564e-09
1664.9242115020752,-1.784367e-09
1665.0181124210358,-1.784143e-09
1665.1122770309448,-1.785179e-09
1665.2067701816559,-1.784658e-09
1665.3006734848022,-1.784748e-09
1665.3971300125122,-1.784481e-09
1665.4912631511688,-1.784885e-09
1665.585319519043,-1.785333e-09
1665.679191350937,-1.78538e-09
1665.7736585140228,-1.785085e-09
1665.8668575286865,-1.784745e-09
1665.9608685970306,-1.784665e-09
1666.0551452636719,-1.78462e-09
1666.1486546993256,-1.78497e-09
1666.2422587871552,-1.78552e-09
1666.336273908615,-1.785552e-09
1666.430775642395,-1.785421e-09
1666.5247194766998,-1.785123e-09
1666.6183269023895,-1.784886e-09
1666.7121925354004,-1.784849e-09
1666.8063426017761,-1.784862e-09
1666.8999450206757,-1.785291e-09
1666.9943027496338,-1.785712e-09
1667.0880601406097,-1.78576e-09
1667.182457447052,-1.785573e-09
1667.2762258052826,-1.785224e-09
1667.3706912994385,-1.785094e-09
1667.4646146297455,-1.785009e-09
1667.559252023697,-1.785038e-09
1667.6534752845764,-1.785264e-09
1667.7479004859924,-1.785523e-09
1667.8417134284973,-1.785825e-09
1667.935973405838,-1.78582e-09
1668.0300135612488,-1.785544e-09
1668.1239647865295,-1.785283e-09
1668.2176761627197,-1.785189e-09
1668.3114967346191,-1.785178e-09
1668.4055166244507,-1.785492e-09
1668.4999005794525,-1.785946e-09
1668.5948741436005,-1.786087e-09
1668.6889336109161,-1.785918e-09
1668.783599615097,-1.785799e-09
1668.8778202533722,-1.785553e-09
1668.9711606502533,-1.78525e-09
1669.0652101039886,-1.785159e-09
1669.1596448421478,-1.785225e-09
1669.2537121772766,-1.785676e-09
1669.3481311798096,-1.785957e-09
1669.4427111148834,-1.786038e-09
1669.5364372730255,-1.785832e-09
1669.6308948993683,-1.785601e-09
1669.7250576019287,-1.785361e-09
1669.8203604221344,-1.785365e-09
1669.9148766994476,-1.78529e-09
1670.0084648132324,-1.78515e-09
1670.1026134490967,-1.785161e-09
1670.1963422298431,-1.785588e-09
1670.2896738052368,-1.786014e-09
1670.384248495102,-1.785865e-09
1670.4777233600616,-1.785565e-09
1670.5718278884888,-1.785307e-09
1670.665453672409,-1.785191e-09
1670.7602145671844,-1.785195e-09
1670.8541338443756,-1.785171e-09
1670.9480276107788,-1.785718e-09
1671.0421304702759,-1.786079e-09
1671.1395609378815,-1.785711e-09
1671.2338933944702,-1.78608e-09
1671.328620672226,-1.786156e-09
1671.4227666854858,-1.78597e-09
1671.5179064273834,-1.785835e-09
1671.6119952201843,-1.7856e-09
1671.7060761451721,-1.785425e-09
1671.800380706787,-1.785342e-09
1671.894035577774,-1.785344e-09
1671.988084077835,-1.785771e-09
1672.0820407867432,-1.786186e-09
1672.1764204502106,-1.786188e-09
1672.2703161239624,-1.785942e-09
1672.3645768165588,-1.78574e-09
1672.4598736763,-1.785645e-09
1672.5539395809174,-1.785476e-09
1672.648377418518,-1.785433e-09
1672.7418353557587,-1.785542e-09
1672.8375034332275,-1.785676e-09
1672.9315860271454,-1.786116e-09
1673.0267486572266,-1.786314e-09
1673.12126994133,-1.78645e-09
1673.214971780777,-1.78631e-09
1673.309387922287,-1.78622e-09
1673.403153181076,-1.785891e-09
1673.4967670440674,-1.785742e-09
1673.590688943863,-1.785666e-09
1673.6845350265503,-1.785738e-09
1673.7784886360168,-1.786236e-09
1673.8726966381073,-1.786644e-09
1673.966388463974,-1.78648e-09
1674.0607497692108,-1.78646e-09
1674.1545445919037,-1.786194e-09
1674.2491681575775,-1.786087e-09
1674.3428890705109,-1.785838e-09
1674.4373378753662,-1.78563e-09
1674.5322623252869,-1.785444e-09
1674.626394033432,-1.785534e-09
1674.7214863300323,-1.785787e-09
1674.8148791790009,-1.785755e-09
1674.909324169159,-1.785565e-09
1675.0028414726257,-1.785425e-09
1675.097169160843,-1.784768e-09
1675.1910252571106,-1.784759e-09
1675.2860641479492,-1.784998e-09
1675.3796002864838,-1.784479e-09
1675.4737131595612,-1.782594e-09
1675.5672717094421,-1.782519e-09
1675.6675329208374,-1.782242e-09
1675.7611103057861,-1.782648e-09
1675.8551967144012,-1.78169e-09
1675.948776960373,-1.78092e-09
1676.043165922165,-1.781902e-09
1676.1369609832764,-1.782878e-09
1676.2309374809265,-1.783472e-09
1676.3248209953308,-1.784217e-09
1676.4195640087128,-1.78274e-09
1676.51336312294,-1.780019e-09
1676.6080799102783,-1.776172e-09
1676.7024674415588,-1.775583e-09
1676.796424150467,-1.777305e-09
1676.890962600708,-1.779005e-09
1676.984786748886,-1.782522e-09
1677.078542470932,-1.787262e-09
1677.172533750534,-1.793049e-09
1677.2669296264648,-1.792881e-09
1677.3604531288147,-1.79041e-09
1677.4556319713593,-1.791091e-09
1677.5500326156616,-1.79424e-09
1677.6449670791626,-1.80192e-09
1677.738648891449,-1.801773e-09
1677.8328185081482,-1.800167e-09
1677.9268941879272,-1.798949e-09
1678.02086019516,-1.798887e-09
1678.115036725998,-1.799323e-09
1678.2089064121246,-1.801484e-09
1678.303596496582,-1.796525e-09
1678.3970227241516,-1.792608e-09
1678.4915781021118,-1.792628e-09
1678.5855882167816,-1.792752e-09
1678.6792125701904,-1.792486e-09
1678.7728824615479,-1.792336e-09
1678.8673191070557,-1.792424e-09
1678.9623939990997,-1.792338e-09
1679.0566909313202,-1.792512e-09
1679.15110039711,-1.792962e-09
1679.2450802326202,-1.79369e-09
1679.3398690223694,-1.794174e-09
1679.4342231750488,-1.794184e-09
1679.533793926239,-1.794808e-09
1679.6275806427002,-1.795236e-09
1679.7232282161713,-1.795298e-09
1679.8164751529694,-1.794654e-09
1679.9111819267273,-1.794046e-09
1680.0054922103882,-1.793781e-09
1680.0994040966034,-1.794347e-09
1680.1929619312286,-1.79638e-09
1680.2872233390808,-1.795338e-09
1680.381596326828,-1.796631e-09
1680.4751541614532,-1.795519e-09
1680.5706658363342,-1.796293e-09
1680.6644785404205,-1.795221e-09
1680.7589790821075,-1.795736e-09
1680.8527038097382,-1.796396e-09
1680.946558713913,-1.796743e-09
1681.0401940345764,-1.797963e-09
1681.1357018947601,-1.796759e-09
1681.2292852401733,-1.798941e-09
1681.3237597942352,-1.796296e-09
1681.4190533161163,-1.797012e-09
1681.5125408172607,-1.79631e-09
1681.6076765060425,-1.79823e-09
1681.7022542953491,-1.796564e-09
1681.7954649925232,-1.798085e-09
1681.8900139331818,-1.796589e-09
1681.984048128128,-1.798389e-09
1682.077378988266,-1.797656e-09
1682.1717600822449,-1.797555e-09
1682.2667996883392,-1.797515e-09
1682.3607878684998,-1.796643e-09
1682.4546744823456,-1.797821e-09
1682.5485622882843,-1.795797e-09
1682.643229007721,-1.798937e-09
1682.7366364002228,-1.796572e-09
1682.8311479091644,-1.801332e-09
1682.92697763443,-1.796607e-09
1683.0205562114716,-1.800676e-09
1683.1149678230286,-1.796381e-09
1683.2088186740875,-1.802562e-09
1683.303804397583,-1.796358e-09
1683.3985018730164,-1.802268e-09
1683.4929628372192,-1.797254e-09
1683.5877923965454,-1.799755e-09
1683.6818771362305,-1.797937e-09
1683.775669336319,-1.799492e-09
1683.86913895607,-1.797813e-09
1683.9638495445251,-1.800196e-09
1684.0572040081024,-1.796706e-09
1684.1516156196594,-1.800045e-09
1684.2450201511383,-1.796837e-09
1684.3395295143127,-1.79819e-09
1684.4331195354462,-1.796327e-09
1684.5274777412415,-1.798314e-09
1684.6213958263397,-1.796301e-09
1684.7179820537567,-1.798937e-09
1684.812891960144,-1.796505e-09
1684.9070346355438,-1.799051e-09
1685.0013523101807,-1.796361e-09
1685.0961067676544,-1.798078e-09
1685.1999275684357,-1.79593e-09
1685.2935054302216,-1.797324e-09
1685.3890626430511,-1.794472e-09
1685.4827497005463,-1.793936e-09
1685.5777888298035,-1.794102e-09
1685.672977924347,-1.79366e-09
1685.7666504383087,-1.793595e-09
1685.8609154224396,-1.793459e-09
1685.9557588100433,-1.793352e-09
1686.050321817398,-1.793326e-09
1686.1439723968506,-1.793609e-09
1686.2381398677826,-1.79403e-09
1686.3322923183441,-1.794529e-09
1686.4261305332184,-1.794353e-09
1686.5199983119965,-1.794067e-09
1686.6140518188477,-1.791418e-09
1686.70769572258,-1.790187e-09
1686.8019680976868,-1.790164e-09
1686.8972346782684,-1.793136e-09
1686.9907095432281,-1.794348e-09
1687.0851457118988,-1.794567e-09
1687.1788535118103,-1.794472e-09
1687.273114681244,-1.794301e-09
1687.366938829422,-1.794055e-09
1687.462394475937,-1.794105e-09
1687.556738615036,-1.793555e-09
1687.6507880687714,-1.791548e-09
1687.7446060180664,-1.790821e-09
1687.839147567749,-1.790791e-09
1687.9335334300995,-1.791562e-09
1688.027247428894,-1.792583e-09
1688.121642112732,-1.792383e-09
1688.2155539989471,-1.790953e-09
1688.3100275993347,-1.78904e-09
1688.4047932624817,-1.787875e-09
1688.4989824295044,-1.786903e-09
1688.593431711197,-1.786359e-09
1688.6872594356537,-1.786887e-09
1688.782294511795,-1.787372e-09
1688.8762037754059,-1.788173e-09
1688.970603466034,-1.788158e-09
1689.0661742687225,-1.788208e-09
1689.1601576805115,-1.787863e-09
1689.255342721939,-1.787657e-09
1689.3492670059204,-1.787154e-09
1689.4528827667236,-1.787145e-09
1689.5489656925201,-1.787224e-09
1689.6425969600677,-1.788222e-09
1689.7362823486328,-1.788371e-09
1689.8312356472015,-1.788152e-09
1689.9253845214844,-1.788135e-09
1690.0187656879425,-1.78941e-09
1690.1124877929688,-1.789617e-09
1690.2067666053772,-1.787588e-09
1690.301688194275,-1.78765e-09
1690.3959846496582,-1.789284e-09
1690.4906151294708,-1.791167e-09
1690.5841596126556,-1.794105e-09
1690.6797077655792,-1.795676e-09
1690.7748482227325,-1.790908e-09
1690.8685584068298,-1.790821e-09
1690.96364235878,-1.790773e-09
1691.0575411319733,-1.79079e-09
1691.153424024582,-1.79455e-09
1691.2511386871338,-1.794788e-09
1691.3452327251434,-1.794731e-09
1691.4394900798798,-1.794745e-09
1691.5336067676544,-1.794941e-09
1691.6274573802948,-1.797246e-09
1691.7215938568115,-1.798368e-09
1691.8155522346497,-1.797961e-09
1691.9094915390015,-1.797e-09
1692.0031714439392,-1.796755e-09
1692.0978870391846,-1.79721e-09
1692.1918649673462,-1.794048e-09
1692.2860009670258,-1.79553e-09
1692.380363225937,-1.798699e-09
1692.4744927883148,-1.794894e-09
1692.5687429904938,-1.794941e-09
1692.6753838062286,-1.802076e-09
1692.769939661026,-1.7956e-09
1692.8669295310974,-1.795842e-09
1692.9604823589325,-1.797721e-09
1693.0543324947357,-1.795613e-09
1693.1508536338806,-1.79821e-09
1693.2444260120392,-1.795211e-09
1693.3381776809692,-1.798186e-09
1693.4323070049286,-1.794272e-09
1693.5261273384094,-1.798407e-09
1693.6202940940857,-1.794951e-09
1693.7144770622253,-1.797408e-09
1693.8086912631989,-1.795499e-09
1693.9029400348663,-1.79686e-09
1693.997032403946,-1.795473e-09
1694.091783285141,-1.795603e-09
1694.1855392456055,-1.795038e-09
1694.2796874046326,-1.795748e-09
1694.3739504814148,-1.795426e-09
1694.4686477184296,-1.795489e-09
1694.566520690918,-1.796205e-09
1694.6600847244263,-1.795655e-09
1694.7534997463226,-1.795085e-09
1694.8484139442444,-1.795085e-09
1694.9424681663513,-1.794723e-09
1695.0365121364594,-1.795425e-09
1695.1311271190643,-1.7936e-09
1695.2299401760101,-1.795503e-09
1695.3233902454376,-1.796364e-09
1695.4176161289215,-1.795575e-09
1695.512629032135,-1.796618e-09
1695.606111049652,-1.795685e-09
1695.7005851268768,-1.79672e-09
1695.794472694397,-1.794609e-09
1695.888531923294,-1.794309e-09
1695.9830224514008,-1.795542e-09
1696.0767488479614,-1.794036e-09
1696.1719830036163,-1.800874e-09
1696.2659332752228,-1.794431e-09
1696.3606145381927,-1.797852e-09
1696.4554207324982,-1.794887e-09
1696.5493640899658,-1.796126e-09
1696.644274711609,-1.794607e-09
1696.7394795417786,-1.796796e-09
1696.83362698555,-1.794318e-09
1696.9455785751343,-1.796081e-09
1697.0387840270996,-1.794544e-09
1697.132452249527,-1.79664e-09
1697.2267572879791,-1.794382e-09
1697.320872783661,-1.795715e-09
1697.4148609638214,-1.798235e-09
1697.508293390274,-1.806038e-09
1697.6022219657898,-1.802766e-09
1697.6970374584198,-1.795846e-09
1697.791044473648,-1.799689e-09
1697.8846943378448,-1.797535e-09
1697.978398323059,-1.797178e-09
1698.072462797165,-1.798896e-09
1698.1662311553955,-1.798772e-09
1698.2599217891693,-1.798134e-09
1698.3537662029266,-1.798562e-09
1698.4481964111328,-1.79803e-09
1698.542256116867,-1.798219e-09
1698.6371371746063,-1.79722e-09
1698.731612443924,-1.798098e-09
1698.831962108612,-1.797258e-09
1698.9265887737274,-1.798523e-09
1699.0201342105865,-1.796447e-09
1699.1152513027191,-1.798964e-09
1699.208853006363,-1.796372e-09
1699.3042132854462,-1.799225e-09
1699.401901960373,-1.796423e-09
1699.4959259033203,-1.796413e-09
1699.5896608829498,-1.796723e-09
1699.685086965561,-1.798804e-09
1699.7789359092712,-1.800568e-09
1699.8733806610107,-1.797497e-09
1699.9688050746918,-1.804883e-09
1700.062476158142,-1.797674e-09
1700.1563079357147,-1.798307e-09
1700.2500627040863,-1.801607e-09
1700.345159292221,-1.800376e-09
1700.4387078285217,-1.809578e-09
1700.5331861972809,-1.828991e-09
1700.6281802654266,-1.814502e-09
1700.7229866981506,-1.806883e-09
1700.8170235157013,-1.807302e-09
1700.917781829834,-1.809704e-09
1701.0110154151917,-1.816614e-09
1701.1048793792725,-1.810116e-09
1701.198497056961,-1.808794e-09
1701.292398929596,-1.812292e-09
1701.3870067596436,-1.817253e-09
1701.4812610149384,-1.817058e-09
1701.575548171997,-1.823619e-09
1701.669540643692,-1.809968e-09
1701.7636425495148,-1.806886e-09
1701.8573319911957,-1.800422e-09
1701.9513719081879,-1.795269e-09
1702.0448088645935,-1.794211e-09
1702.1402473449707,-1.795594e-09
1702.2340922355652,-1.796697e-09
1702.3280065059662,-1.792376e-09
1702.421727180481,-1.787946e-09
1702.5157220363617,-1.786535e-09
1702.6105625629425,-1.785859e-09
1702.7046184539795,-1.789183e-09
1702.7986421585083,-1.787385e-09
1702.8928706645966,-1.786799e-09
1702.9863770008087,-1.787775e-09
1703.0806198120117,-1.789129e-09
1703.1739256381989,-1.790369e-09
1703.2683873176575,-1.791333e-09
1703.361864566803,-1.79065e-09
1703.4559602737427,-1.790408e-09
1703.550068616867,-1.790322e-09
1703.6442196369171,-1.790926e-09
1703.7380511760712,-1.790226e-09
1703.8318231105804,-1.78893e-09
1703.9256541728973,-1.786919e-09
1704.0196824073792,-1.785046e-09
1704.1139290332794,-1.783596e-09
1704.2083814144135,-1.78419e-09
1704.302038192749,-1.784507e-09
1704.396183013916,-1.783959e-09
1704.4897661209106,-1.782814e-09
1704.5841014385223,-1.78119e-09
1704.678305387497,-1.779689e-09
1704.7725217342377,-1.778706e-09
1704.8673441410065,-1.779631e-09
1704.9616208076477,-1.781505e-09
1705.056172132492,-1.784507e-09
1705.1500437259674,-1.784903e-09
1705.2442028522491,-1.78606e-09
1705.338247537613,-1.786087e-09
1705.4562978744507,-1.788061e-09
1705.5497217178345,-1.788228e-09
1705.654391527176,-1.788622e-09
1705.7482504844666,-1.789389e-09
1705.8424322605133,-1.789751e-09
1705.936635017395,-1.790084e-09
1706.0313785076141,-1.790198e-09
1706.126006603241,-1.790107e-09
1706.224383354187,-1.789886e-09
1706.3181393146515,-1.789717e-09
1706.4137394428253,-1.789402e-09
1706.507964849472,-1.789011e-09
1706.604721069336,-1.789855e-09
1706.698751449585,-1.789753e-09
1706.7927939891815,-1.789639e-09
1706.8866953849792,-1.789502e-09
1706.9807193279266,-1.789351e-09
1707.0742263793945,-1.788879e-09
1707.1679348945618,-1.78891e-09
1707.2621929645538,-1.788698e-09
1707.3570218086243,-1.787964e-09
1707.451045036316,-1.786112e-09
1707.5454845428467,-1.784429e-09
1707.6396250724792,-1.784487e-09
1707.7337396144867,-1.784579e-09
1707.8287184238434,-1.784667e-09
1707.9229397773743,-1.798745e-09
1708.0178139209747,-1.800602e-09
1708.1120193004608,-1.800865e-09
1708.2059779167175,-1.800894e-09
1708.299842119217,-1.800847e-09
1708.3937737941742,-1.80068e-09
1708.4873163700104,-1.80038e-09
1708.5809917449951,-1.800264e-09
1708.6747884750366,-1.800466e-09
1708.7691280841827,-1.800497e-09
1708.8630788326263,-1.800338e-09
1708.9570708274841,-1.799949e-09
1709.0508251190186,-1.799653e-09
1709.1448442935944,-1.799464e-09
1709.2387189865112,-1.799791e-09
1709.3325026035309,-1.799982e-09
1709.426276922226,-1.800583e-09
1709.5206384658813,-1.801114e-09
1709.6145219802856,-1.801288e-09
1709.7091052532196,-1.801248e-09
1709.8034391403198,-1.800846e-09
1709.8976118564606,-1.800366e-09
1709.9930911064148,-1.800069e-09
1710.0910370349884,-1.800206e-09
1710.1861128807068,-1.799444e-09
1710.2797300815582,-1.798949e-09
1710.3733294010162,-1.798717e-09
1710.4672317504883,-1.798734e-09
1710.5617892742157,-1.798448e-09
1710.6554827690125,-1.798958e-09
1710.7489383220673,-1.799394e-09
1710.8432869911194,-1.799007e-09
1710.9455065727234,-1.798258e-09
1711.0388822555542,-1.798904e-09
1711.132609128952,-1.79909e-09
1711.2261862754822,-1.798914e-09
1711.3199336528778,-1.798487e-09
1711.4138715267181,-1.798432e-09
1711.507742881775,-1.798322e-09
1711.6016945838928,-1.79924e-09
1711.6963696479797,-1.79966e-09
1711.790006160736,-1.800145e-09
1711.884690284729,-1.800432e-09
1711.9785470962524,-1.800185e-09
1712.0724692344666,-1.799669e-09
1712.1662151813507,-1.799477e-09
1712.2598729133606,-1.799499e-09
1712.3535165786743,-1.799526e-09
1712.4471769332886,-1.800139e-09
1712.5409092903137,-1.800471e-09
1712.6356353759766,-1.800331e-09
1712.7291634082794,-1.800057e-09
1712.823410987854,-1.799768e-09
1712.9169390201569,-1.799639e-09
1713.0113027095795,-1.799598e-09
1713.105208158493,-1.799882e-09
1713.1994075775146,-1.800211e-09
1713.2932488918304,-1.800351e-09
1713.3868839740753,-1.800014e-09
1713.4813451766968,-1.79972e-09
1713.5757393836975,-1.799517e-09
1713.6713631153107,-1.799444e-09
1713.7658224105835,-1.799198e-09
1713.8606715202332,-1.799045e-09
1713.9546313285828,-1.799158e-09
1714.0494911670685,-1.79995e-09
1714.1436612606049,-1.800815e-09
1714.2379591464996,-1.801019e-09
1714.335730791092,-1.800999e-09
1714.43021774292,-1.801313e-09
1714.5237004756927,-1.801048e-09
1714.6177818775177,-1.800758e-09
1714.7112135887146,-1.800511e-09
1714.8059175014496,-1.8004e-09
1714.9012639522552,-1.800094e-09
1714.9957492351532,-1.80011e-09
1715.0900385379791,-1.800483e-09
1715.1945886611938,-1.801294e-09
1715.2881455421448,-1.80095e-09
1715.3818640708923,-1.800721e-09
1715.4758462905884,-1.800501e-09
1715.5707702636719,-1.800487e-09
1715.66486120224,-1.801952e-09
1715.7590954303741,-1.804646e-09
1715.8534553050995,-1.805913e-09
1715.9470779895782,-1.805556e-09
1716.0413374900818,-1.80439e-09
1716.1352090835571,-1.802443e-09
1716.2305884361267,-1.801598e-09
1716.3244020938873,-1.801964e-09
1716.4200727939606,-1.805911e-09
1716.5154583454132,-1.806748e-09
1716.6094522476196,-1.806192e-09
1716.7043206691742,-1.803146e-09
1716.7975158691406,-1.802947e-09
1716.8916721343994,-1.80181e-09
1716.986035823822,-1.800852e-09
1717.0803768634796,-1.800987e-09
1717.1740708351135,-1.801556e-09
1717.2891061306,-1.804654e-09
1717.3848316669464,-1.804937e-09
1717.478694677353,-1.804135e-09
1717.5731313228607,-1.80321e-09
1717.667893409729,-1.802733e-09
1717.7612404823303,-1.802104e-09
1717.8555371761322,-1.801831e-09
1717.9492254257202,-1.800969e-09
1718.0438058376312,-1.797645e-09
1718.1378529071808,-1.79326e-09
1718.2318229675293,-1.790972e-09
1718.3257234096527,-1.792654e-09
1718.419960975647,-1.794298e-09
1718.5143320560455,-1.79605e-09
1718.60804605484,-1.797859e-09
1718.7027006149292,-1.798905e-09
1718.7964832782745,-1.799882e-09
1718.891479253769,-1.799206e-09
1718.9864192008972,-1.799613e-09
1719.0802221298218,-1.799072e-09
1719.174613237381,-1.798366e-09
1719.2679874897003,-1.79852e-09
1719.3616878986359,-1.798559e-09
1719.4554374217987,-1.798946e-09
1719.5498061180115,-1.799347e-09
1719.6438348293304,-1.798819e-09
1719.73859000206,-1.798488e-09
1719.8320395946503,-1.798471e-09
1719.9265961647034,-1.798714e-09
1720.0204882621765,-1.798479e-09
1720.114929676056,-1.798487e-09
1720.2083683013916,-1.799027e-09
1720.30277967453,-1.800041e-09
1720.3964097499847,-1.799801e-09
1720.4900932312012,-1.800001e-09
1720.5842537879944,-1.800021e-09
1720.6779518127441,-1.80018e-09
1720.771733045578,-1.800166e-09
1720.8660562038422,-1.8003e-09
1720.9598317146301,-1.800942e-09
1721.0542328357697,-1.801343e-09
1721.1478443145752,-1.801267e-09
1721.241946697235,-1.801018e-09
1721.3349013328552,-1.800716e-09
1721.4290082454681,-1.80068e-09
1721.523423910141,-1.80064e-09
1721.6183986663818,-1.800713e-09
1721.713585615158,-1.800899e-09
1721.807424545288,-1.80147e-09
1721.9016137123108,-1.801682e-09
1721.9992356300354,-1.801549e-09
1722.0929653644562,-1.801746e-09
1722.1871376037598,-1.80153e-09
1722.2813749313354,-1.801285e-09
1722.3751389980316,-1.800999e-09
1722.468693971634,-1.800867e-09
1722.5621786117554,-1.80118e-09
1722.6565911769867,-1.8017e-09
1722.7506456375122,-1.801846e-09
1722.8447201251984,-1.801628e-09
1722.9384968280792,-1.801288e-09
1723.031913280487,-1.801071e-09
1723.1260831356049,-1.801024e-09
1723.2197139263153,-1.801202e-09
1723.3134570121765,-1.80173e-09
1723.407862663269,-1.801992e-09
1723.5019454956055,-1.801839e-09
1723.5958638191223,-1.801544e-09
1723.69007563591,-1.801342e-09
1723.7837617397308,-1.801174e-09
1723.8778629302979,-1.801123e-09
1723.9714732170105,-1.801317e-09
1724.066255569458,-1.80167e-09
1724.1600182056427,-1.802078e-09
1724.253716468811,-1.801871e-09
1724.3470730781555,-1.801517e-09
1724.4410364627838,-1.801304e-09
1724.5348784923553,-1.801182e-09
1724.629233121872,-1.80128e-09
1724.7313160896301,-1.801712e-09
1724.8259091377258,-1.80147e-09
1724.9191462993622,-1.801294e-09
1725.0133380889893,-1.801245e-09
1725.1074681282043,-1.801352e-09
1725.201423883438,-1.801796e-09
1725.295346736908,-1.802209e-09
1725.3895604610443,-1.802145e-09
1725.483497619629,-1.801862e-09
1725.577341556549,-1.801512e-09
1725.6712753772736,-1.801448e-09
1725.7650668621063,-1.801333e-09
1725.8592212200165,-1.801613e-09
1725.9532856941223,-1.802097e-09
1726.047879934311,-1.802311e-09
1726.142228603363,-1.802131e-09
1726.2364497184753,-1.801868e-09
1726.3299489021301,-1.801536e-09
1726.4239082336426,-1.80144e-09
1726.51806807518,-1.801494e-09
1726.6126565933228,-1.801853e-09
1726.7071266174316,-1.802277e-09
1726.8010749816895,-1.802348e-09
1726.895750284195,-1.802243e-09
1726.9895136356354,-1.801899e-09
1727.0842788219452,-1.801692e-09
1727.1813299655914,-1.8019e-09
1727.275265455246,-1.801707e-09
1727.3776075839996,-1.802386e-09
1727.4712026119232,-1.802281e-09
1727.5654451847076,-1.802028e-09
1727.660311460495,-1.80187e-09
1727.7543377876282,-1.801706e-09
1727.8487977981567,-1.801627e-09
1727.9435894489288,-1.801596e-09
1728.037400484085,-1.80198e-09
1728.1314327716827,-1.802517e-09
1728.225552558899,-1.802467e-09
1728.3188996315002,-1.802127e-09
1728.4132318496704,-1.801885e-09
1728.5068516731262,-1.801713e-09
1728.6016829013824,-1.801687e-09
1728.6953642368317,-1.801959e-09
1728.78968667984,-1.802381e-09
1728.8851158618927,-1.802463e-09
1728.9790818691254,-1.802587e-09
1729.0738983154297,-1.802461e-09
1729.182200908661,-1.802247e-09
1729.2770748138428,-1.802072e-09
1729.3713932037354,-1.801876e-09
1729.4657893180847,-1.801781e-09
1729.5596704483032,-1.801732e-09
1729.6548306941986,-1.801872e-09
1729.748547554016,-1.802361e-09
1729.8425183296204,-1.802691e-09
1729.9366114139557,-1.802535e-09
1730.0308663845062,-1.802305e-09
1730.1253657341003,-1.802061e-09
1730.2201113700867,-1.801961e-09
1730.313994884491,-1.801859e-09
1730.407520532608,-1.801935e-09
1730.502200126648,-1.802226e-09
1730.5961003303528,-1.802757e-09
1730.690313577652,-1.802763e-09
1730.7840521335602,-1.802421e-09
1730.8786325454712,-1.802266e-09
1730.973617553711,-1.802132e-09
1731.0680949687958,-1.802022e-09
1731.162653684616,-1.801935e-09
1731.2564413547516,-1.801989e-09
1731.350902557373,-1.802306e-09
1731.444584608078,-1.802842e-09
1731.5388405323029,-1.802817e-09
1731.632381439209,-1.802466e-09
1731.7264347076416,-1.802156e-09
1731.8201842308044,-1.802043e-09
1731.9150433540344,-1.802023e-09
1732.0093834400177,-1.802005e-09
1732.1036903858185,-1.802408e-09
1732.1983654499054,-1.802785e-09
1732.2926280498505,-1.80298e-09
1732.3869187831879,-1.802801e-09
1732.4807722568512,-1.802492e-09
1732.5747511386871,-1.802197e-09
1732.6687705516815,-1.80211e-09
1732.7628226280212,-1.802037e-09
1732.8567414283752,-1.802293e-09
1732.95099401474,-1.80265e-09
1733.0447590351105,-1.802981e-09
1733.139416217804,-1.802995e-09
1733.232961654663,-1.802708e-09
1733.327649116516,-1.8026e-09
1733.4215030670166,-1.802137e-09
1733.515231370926,-1.801398e-09
1733.6089656352997,-1.801784e-09
1733.7033529281616,-1.802351e-09
1733.7969357967377,-1.802882e-09
1733.8918433189392,-1.802836e-09
1733.9867813587189,-1.802235e-09
1734.0805597305298,-1.801972e-09
1734.1745331287384,-1.801898e-09
1734.2768354415894,-1.802835e-09
1734.373076915741,-1.802863e-09
1734.4678938388824,-1.802966e-09
1734.5619630813599,-1.803043e-09
1734.6592633724213,-1.803122e-09
1734.7528853416443,-1.803149e-09
1734.8464918136597,-1.802835e-09
1734.9404075145721,-1.802632e-09
1735.035026550293,-1.802592e-09
1735.129162788391,-1.802549e-09
1735.2234144210815,-1.802756e-09
1735.317547082901,-1.803374e-09
1735.412209033966,-1.803497e-09
1735.506049156189,-1.803352e-09
1735.600502729416,-1.803115e-09
1735.6949994564056,-1.802831e-09
1735.7889204025269,-1.802708e-09
1735.8834085464478,-1.802655e-09
1735.9776079654694,-1.802861e-09
1736.07177734375,-1.803447e-09
1736.165603876114,-1.803588e-09
1736.260730266571,-1.803573e-09
1736.355391740799,-1.803405e-09
1736.4499406814575,-1.803192e-09
1736.544068813324,-1.802987e-09
1736.6381721496582,-1.802814e-09
1736.7370901107788,-1.803201e-09
1736.8316116333008,-1.803338e-09
1736.9254100322723,-1.802974e-09
1737.019320011139,-1.802908e-09
1737.113487482071,-1.80299e-09
1737.2074534893036,-1.803611e-09
1737.3026230335236,-1.803756e-09
1737.3961617946625,-1.803762e-09
1737.4910175800323,-1.803684e-09
1737.5848882198334,-1.803493e-09
1737.678587436676,-1.803359e-09
1737.7723696231842,-1.803244e-09
1737.8671798706055,-1.803229e-09
1737.9613049030304,-1.803358e-09
1738.0559432506561,-1.803746e-09
1738.1536920070648,-1.80333e-09
1738.248323917389,-1.803397e-09
1738.3420333862305,-1.804011e-09
1738.4377574920654,-1.804031e-09
1738.53213763237,-1.803825e-09
1738.6258697509766,-1.803466e-09
1738.7205412387848,-1.803236e-09
1738.8140485286713,-1.802807e-09
1738.9082162380219,-1.802604e-09
1739.00222158432,-1.802681e-09
1739.09619140625,-1.802824e-09
1739.1897807121277,-1.802944e-09
1739.2841262817383,-1.803057e-09
1739.3779661655426,-1.802958e-09
1739.4721908569336,-1.802871e-09
1739.56627368927,-1.802657e-09
1739.6605727672577,-1.802631e-09
1739.7556076049805,-1.802632e-09
1739.8527536392212,-1.802645e-09
1739.9466528892517,-1.802711e-09
1740.0419480800629,-1.802815e-09
1740.1355953216553,-1.80333e-09
1740.2301979064941,-1.803573e-09
1740.3242254257202,-1.803471e-09
1740.4181537628174,-1.803233e-09
1740.5119585990906,-1.802979e-09
1740.6079304218292,-1.803053e-09
1740.7019517421722,-1.802924e-09
1740.7962799072266,-1.802898e-09
1740.8914477825165,-1.803034e-09
1740.9854309558868,-1.803442e-09
1741.0796852111816,-1.80381e-09
1741.1741380691528,-1.803894e-09
1741.2680814266205,-1.80368e-09
1741.3621938228607,-1.803413e-09
1741.4561400413513,-1.80317e-09
1741.5511283874512,-1.802989e-09
1741.6450250148773,-1.802892e-09
1741.7393035888672,-1.803144e-09
1741.8341090679169,-1.803516e-09
1741.9282386302948,-1.804061e-09
1742.0222113132477,-1.80361e-09
1742.1165130138397,-1.803035e-09
1742.2101907730103,-1.802689e-09
1742.3036623001099,-1.802787e-09
1742.397058725357,-1.80292e-09
1742.4910345077515,-1.803532e-09
1742.5845665931702,-1.803876e-09
1742.6784703731537,-1.803698e-09
1742.7726833820343,-1.803452e-09
1742.8665616512299,-1.803317e-09
1742.9612019062042,-1.803227e-09
1743.0550076961517,-1.80331e-09
1743.1483192443848,-1.803895e-09
1743.245840549469,-1.803636e-09
1743.3393161296844,-1.804181e-09
1743.4329805374146,-1.803958e-09
1743.5264556407928,-1.803643e-09
1743.6198828220367,-1.803445e-09
1743.7135033607483,-1.803386e-09
1743.8141996860504,-1.803746e-09
1743.9076306819916,-1.803537e-09
1744.0015020370483,-1.803486e-09
1744.0949878692627,-1.803772e-09
1744.1884715557098,-1.804399e-09
1744.2825782299042,-1.804377e-09
1744.376410484314,-1.804055e-09
1744.4715602397919,-1.803907e-09
1744.5653698444366,-1.803691e-09
1744.6588501930237,-1.80356e-09
1744.7528729438782,-1.803622e-09
1744.847016096115,-1.804114e-09
1744.9411585330963,-1.80443e-09
1745.035434961319,-1.80445e-09
1745.1288826465607,-1.804138e-09
1745.2231364250183,-1.803903e-09
1745.3166284561157,-1.803691e-09
1745.4111497402191,-1.803639e-09
1745.5047750473022,-1.803771e-09
1745.5987522602081,-1.804314e-09
1745.6927700042725,-1.80459e-09
1745.792888879776,-1.803833e-09
1745.8867559432983,-1.804264e-09
1745.9808156490326,-1.804595e-09
1746.0751945972443,-1.804583e-09
1746.1698060035706,-1.80442e-09
1746.2633817195892,-1.804054e-09
1746.3574194908142,-1.803844e-09
1746.4518444538116,-1.803786e-09
1746.5570530891418,-1.804179e-09
1746.6514544487,-1.804583e-09
1746.7462294101715,-1.804678e-09
1746.8406641483307,-1.804602e-09
1746.9344141483307,-1.804291e-09
1747.0282905101776,-1.803978e-09
1747.1220445632935,-1.803832e-09
1747.2161688804626,-1.803791e-09
1747.310210466385,-1.804172e-09
1747.4051880836487,-1.804374e-09
1747.4993393421173,-1.804717e-09
1747.5932757854462,-1.804717e-09
1747.6877274513245,-1.804489e-09
1747.7836871147156,-1.804532e-09
1747.8788120746613,-1.804361e-09
1747.9734463691711,-1.804233e-09
1748.0677664279938,-1.804027e-09
1748.162274837494,-1.803917e-09
1748.2560393810272,-1.803853e-09
1748.3496823310852,-1.804343e-09
1748.4435865879059,-1.804788e-09
1748.537454366684,-1.804583e-09
1748.631484746933,-1.804341e-09
1748.7269215583801,-1.804372e-09
1748.8231678009033,-1.804424e-09
1748.9167113304138,-1.804124e-09
1749.0111119747162,-1.804066e-09
1749.1063330173492,-1.804015e-09
1749.2008934020996,-1.803952e-09
1749.2944655418396,-1.804165e-09
1749.3882269859314,-1.804751e-09
1749.481793642044,-1.804794e-09
1749.57519364357,-1.804524e-09
1749.6694884300232,-1.804243e-09
1749.764384508133,-1.804157e-09
1749.8588576316833,-1.804101e-09
1749.9526767730713,-1.804065e-09
1750.0469734668732,-1.804316e-09
1750.1411068439484,-1.804863e-09
1750.2352352142334,-1.805007e-09
1750.3290848731995,-1.804708e-09
1750.4237053394318,-1.804571e-09
1750.5182297229767,-1.804402e-09
1750.6127078533173,-1.804265e-09
1750.7070999145508,-1.804199e-09
1750.8010349273682,-1.80417e-09
1750.8992381095886,-1.804255e-09
1750.9938669204712,-1.804164e-09
1751.0873849391937,-1.804368e-09
1751.1812410354614,-1.804966e-09
1751.2752883434296,-1.805093e-09
1751.3688054084778,-1.804725e-09
1751.4621169567108,-1.804357e-09
1751.5555200576782,-1.804231e-09
1751.6494648456573,-1.804222e-09
1751.7437162399292,-1.804521e-09
1751.8380722999573,-1.805019e-09
1751.931616783142,-1.805122e-09
1752.0254499912262,-1.80492e-09
1752.1198840141296,-1.804649e-09
1752.2140140533447,-1.804458e-09
1752.3079540729523,-1.804325e-09
1752.4024107456207,-1.804354e-09
1752.4963438510895,-1.804809e-09
1752.5913848876953,-1.805049e-09
1752.6854560375214,-1.805277e-09
1752.780080795288,-1.805166e-09
1752.8736817836761,-1.804818e-09
1752.9768326282501,-1.80453e-09
1753.0701005458832,-1.805279e-09
1753.1646218299866,-1.805409e-09
1753.2589585781097,-1.805254e-09
1753.3527443408966,-1.80482e-09
1753.4466009140015,-1.80461e-09
1753.540295124054,-1.804508e-09
1753.6342425346375,-1.804691e-09
1753.7284104824066,-1.805051e-09
1753.8227376937866,-1.805429e-09
1753.9172875881195,-1.80544e-09
1754.014006614685,-1.805493e-09
1754.1076004505157,-1.805253e-09
1754.2013483047485,-1.804924e-09
1754.2956688404083,-1.804704e-09
1754.3904993534088,-1.804687e-09
1754.484927892685,-1.804685e-09
1754.5795850753784,-1.804801e-09
1754.6735904216766,-1.805318e-09
1754.7674214839935,-1.805662e-09
1754.8617610931396,-1.805507e-09
1754.9552083015442,-1.805034e-09
1755.0489602088928,-1.804855e-09
1755.1427209377289,-1.804776e-09
1755.2369894981384,-1.804827e-09
1755.3308730125427,-1.805436e-09
1755.4251577854156,-1.805687e-09
1755.5193183422089,-1.805534e-09
1755.6136651039124,-1.80537e-09
1755.7076914310455,-1.805116e-09
1755.801586151123,-1.804895e-09
1755.8962967395782,-1.804842e-09
1755.9897487163544,-1.804919e-09
1756.0884284973145,-1.804932e-09
1756.1824433803558,-1.804836e-09
1756.2764122486115,-1.804978e-09
1756.3703536987305,-1.805532e-09
1756.4644811153412,-1.805797e-09
1756.5586941242218,-1.805714e-09
1756.6568114757538,-1.805714e-09
1756.7513535022736,-1.805837e-09
1756.8457417488098,-1.805736e-09
1756.9399616718292,-1.805395e-09
1757.0336093902588,-1.805184e-09
1757.127918958664,-1.805099e-09
1757.2221705913544,-1.804978e-09
1757.3175461292267,-1.805004e-09
1757.412234544754,-1.805178e-09
1757.5071074962616,-1.805251e-09
1757.600937128067,-1.806028e-09
1757.6951158046722,-1.806124e-09
1757.7891273498535,-1.805968e-09
1757.8847260475159,-1.805986e-09
1757.9792866706848,-1.807338e-09
1758.0734550952911,-1.806791e-09
1758.168894290924,-1.806426e-09
1758.2627758979797,-1.806131e-09
1758.3568279743195,-1.806176e-09
1758.4512729644775,-1.806209e-09
1758.544709444046,-1.806781e-09
1758.6390738487244,-1.807008e-09
1758.733731508255,-1.806988e-09
1758.8283007144928,-1.806803e-09
1758.9222648143768,-1.806559e-09
1759.0163886547089,-1.806314e-09
1759.1103150844574,-1.806209e-09
1759.20463347435,-1.806164e-09
1759.3000423908234,-1.806183e-09
1759.3951296806335,-1.80639e-09
1759.489042520523,-1.806919e-09
1759.5887036323547,-1.806237e-09
1759.6820991039276,-1.806471e-09
1759.7765362262726,-1.806894e-09
1759.8718492984772,-1.807013e-09
1759.9657142162323,-1.807124e-09
1760.0605566501617,-1.806994e-09
1760.1649954319,-1.806362e-09
1760.2586736679077,-1.806306e-09
1760.3524277210236,-1.806769e-09
1760.4469990730286,-1.807148e-09
1760.5410482883453,-1.807225e-09
1760.636845111847,-1.80706e-09
1760.7305052280426,-1.806706e-09
1760.8253133296967,-1.806577e-09
1760.9201667308807,-1.806392e-09
1761.0139799118042,-1.806211e-09
1761.1099298000336,-1.806197e-09
1761.204995393753,-1.806172e-09
1761.2982618808746,-1.806175e-09
1761.393357515335,-1.806367e-09
1761.487865447998,-1.806801e-09
1761.582942724228,-1.806926e-09
1761.6775379180908,-1.807113e-09
1761.7709991931915,-1.806877e-09
1761.865486383438,-1.806651e-09
1761.959067106247,-1.806363e-09
1762.0538249015808,-1.806338e-09
1762.1484599113464,-1.806293e-09
1762.2429990768433,-1.806268e-09
1762.3371138572693,-1.806617e-09
1762.431242465973,-1.807015e-09
1762.5261850357056,-1.80721e-09
1762.6197066307068,-1.807083e-09
1762.7151601314545,-1.806971e-09
1762.80947971344,-1.806728e-09
1762.9079480171204,-1.807187e-09
1763.0017669200897,-1.806841e-09
1763.0959837436676,-1.806661e-09
1763.1898488998413,-1.806492e-09
1763.2852792739868,-1.806458e-09
1763.3785026073456,-1.806512e-09
1763.4763407707214,-1.80644e-09
1763.5704145431519,-1.806434e-09
1763.6654584407806,-1.806586e-09
1763.759272813797,-1.807085e-09
1763.8538286685944,-1.807364e-09
1763.94873046875,-1.80737e-09
1764.0430488586426,-1.80714e-09
1764.1379418373108,-1.80696e-09
1764.2316963672638,-1.806645e-09
1764.3259081840515,-1.806841e-09
1764.4202082157135,-1.806845e-09
1764.514874458313,-1.807035e-09
1764.6103236675262,-1.807277e-09
1764.7044162750244,-1.807831e-09
1764.798092842102,-1.80788e-09
1764.8953866958618,-1.807626e-09
1764.9895434379578,-1.80772e-09
1765.0840661525726,-1.808588e-09
1765.1776328086853,-1.808518e-09
1765.2732996940613,-1.808207e-09
1765.3672840595245,-1.807681e-09
1765.4611203670502,-1.806902e-09
1765.554805278778,-1.807047e-09
1765.6489779949188,-1.808027e-09
1765.7431440353394,-1.808579e-09
1765.8373701572418,-1.807913e-09
1765.932009935379,-1.807527e-09
1766.0255980491638,-1.807068e-09
1766.1204342842102,-1.806809e-09
1766.2151143550873,-1.806598e-09
1766.3094458580017,-1.806805e-09
1766.4042918682098,-1.807139e-09
1766.4981005191803,-1.807756e-09
1766.592678308487,-1.807879e-09
1766.6860013008118,-1.807517e-09
1766.7804267406464,-1.807393e-09
1766.8742113113403,-1.807232e-09
1766.9688670635223,-1.807092e-09
1767.062485218048,-1.807039e-09
1767.1564660072327,-1.807187e-09
1767.2498347759247,-1.80789e-09
1767.3447828292847,-1.808034e-09
1767.4382274150848,-1.807965e-09
1767.5330653190613,-1.807765e-09
1767.6275913715363,-1.807632e-09
1767.722116470337,-1.807466e-09
1767.8158829212189,-1.807286e-09
1767.9100544452667,-1.807213e-09
1768.0079607963562,-1.80735e-09
1768.1034235954285,-1.807362e-09
1768.1977219581604,-1.807311e-09
1768.2920520305634,-1.807305e-09
1768.3856434822083,-1.807815e-09
1768.479735136032,-1.808177e-09
1768.5742585659027,-1.808119e-09
1768.6682522296906,-1.807812e-09
1768.7628965377808,-1.807614e-09
1768.8570609092712,-1.807466e-09
1768.951630115509,-1.807344e-09
1769.0455946922302,-1.807422e-09
1769.1398026943207,-1.807768e-09
1769.2345983982086,-1.807976e-09
1769.3289639949799,-1.808273e-09
1769.4231729507446,-1.808177e-09
1769.5169894695282,-1.807928e-09
1769.6114354133606,-1.807697e-09
1769.7120294570923,-1.808335e-09
1769.8054087162018,-1.808152e-09
1769.8989448547363,-1.807763e-09
1769.9946796894073,-1.807826e-09
1770.0896718502045,-1.807692e-09
1770.1832251548767,-1.807528e-09
1770.2771666049957,-1.8075e-09
1770.3708128929138,-1.807908e-09
1770.4644436836243,-1.80843e-09
1770.5583436489105,-1.808339e-09
1770.6519103050232,-1.808005e-09
1770.7458577156067,-1.807745e-09
1770.8399686813354,-1.807636e-09
1770.934475660324,-1.807574e-09
1771.0298104286194,-1.807642e-09
1771.1263043880463,-1.807629e-09
1771.2202515602112,-1.807825e-09
1771.314915895462,-1.808224e-09
1771.409423828125,-1.808499e-09
1771.5044856071472,-1.808555e-09
1771.5990850925446,-1.808478e-09
1771.6933403015137,-1.808177e-09
1771.7886188030243,-1.808178e-09
1771.882507801056,-1.807848e-09
1771.9760973453522,-1.807678e-09
1772.0702543258667,-1.807726e-09
1772.164448261261,-1.808184e-09
1772.2586450576782,-1.808504e-09
1772.3524601459503,-1.808545e-09
1772.4533381462097,-1.807785e-09
1772.546588897705,-1.808348e-09
1772.641348361969,-1.80861e-09
1772.735106229782,-1.808487e-09
1772.8297622203827,-1.808374e-09
1772.9232726097107,-1.807999e-09
1773.0174098014832,-1.807828e-09
1773.1109366416931,-1.8078e-09
1773.2051119804382,-1.808143e-09
1773.2991206645966,-1.808676e-09
1773.3944835662842,-1.808724e-09
1773.4888091087341,-1.808658e-09
1773.583057641983,-1.808489e-09
1773.6774735450745,-1.808214e-09
1773.7716767787933,-1.808015e-09
1773.865918636322,-1.807938e-09
1773.9611268043518,-1.807895e-09
1774.0572917461395,-1.807887e-09
1774.1516561508179,-1.808024e-09
1774.247695684433,-1.807982e-09
1774.340880393982,-1.808512e-09
1774.4351613521576,-1.808864e-09
1774.5293774604797,-1.808843e-09
1774.624144077301,-1.808734e-09
1774.717812538147,-1.808328e-09
1774.8123636245728,-1.808248e-09
1774.9061045646667,-1.808149e-09
1775.0005407333374,-1.80814e-09
1775.095064163208,-1.808422e-09
1775.1883289813995,-1.809062e-09
1775.2819113731384,-1.808892e-09
1775.3764944076538,-1.808734e-09
1775.4701447486877,-1.808464e-09
1775.564560174942,-1.808347e-09
1775.658612728119,-1.808257e-09
1775.7532987594604,-1.808205e-09
1775.84743142128,-1.808475e-09
1775.9413046836853,-1.809076e-09
1776.0352396965027,-1.809307e-09
1776.129096031189,-1.809024e-09
1776.2229855060577,-1.8086e-09
1776.3174827098846,-1.80853e-09
1776.4112169742584,-1.808481e-09
1776.5053763389587,-1.808126e-09
1776.6014211177826,-1.807663e-09
1776.6951801776886,-1.808241e-09
1776.7885286808014,-1.808827e-09
1776.8835833072662,-1.808429e-09
1776.977172613144,-1.808148e-09
1777.0721595287323,-1.808061e-09
1777.1668248176575,-1.808233e-09
1777.2618296146393,-1.808146e-09
1777.3563001155853,-1.807926e-09
1777.4499325752258,-1.807894e-09
1777.5479362010956,-1.808081e-09
1777.642605304718,-1.808011e-09
1777.737622499466,-1.808096e-09
1777.831708431244,-1.808513e-09
1777.9250593185425,-1.809107e-09
1778.0192761421204,-1.809191e-09
1778.1144359111786,-1.809083e-09
1778.2079873085022,-1.8087e-09
1778.3022689819336,-1.80847e-09
1778.396977186203,-1.808408e-09
1778.4912989139557,-1.808362e-09
1778.585526227951,-1.808359e-09
1778.6792459487915,-1.808827e-09
1778.7731144428253,-1.809189e-09
1778.8674952983856,-1.809078e-09
1778.9622831344604,-1.808924e-09
1779.0556507110596,-1.808524e-09
1779.150013923645,-1.808341e-09
1779.2434964179993,-1.80824e-09
1779.337783575058,-1.808224e-09
1779.4317018985748,-1.808617e-09
1779.5257630348206,-1.80908e-09
1779.619533777237,-1.809223e-09
1779.7141761779785,-1.809308e-09
1779.8092834949493,-1.809055e-09
1779.9040167331696,-1.808597e-09
1779.9979116916656,-1.808418e-09
1780.0916945934296,-1.808396e-09
1780.186847448349,-1.808784e-09
1780.2804322242737,-1.809526e-09
1780.3746461868286,-1.809593e-09
1780.4717574119568,-1.809374e-09
1780.5663313865662,-1.809242e-09
1780.6597518920898,-1.80898e-09
1780.7536525726318,-1.80869e-09
1780.8473057746887,-1.808505e-09
1780.9409880638123,-1.808459e-09
1781.0348238945007,-1.808866e-09
1781.1348083019257,-1.808505e-09
1781.2282054424286,-1.808491e-09
1781.3224251270294,-1.808986e-09
1781.4162800312042,-1.809377e-09
1781.5101017951965,-1.809342e-09
1781.6042652130127,-1.809104e-09
1781.698137998581,-1.808874e-09
1781.7923283576965,-1.808762e-09
1781.8859419822693,-1.808476e-09
1781.9804265499115,-1.808638e-09
1782.0743687152863,-1.809153e-09
1782.168443441391,-1.809338e-09
1782.2620966434479,-1.809054e-09
1782.3562700748444,-1.808762e-09
1782.4508728981018,-1.80861e-09
1782.54448056221,-1.808495e-09
1782.6383559703827,-1.808486e-09
1782.7331275939941,-1.808802e-09
1782.826919555664,-1.809325e-09
1782.9205045700073,-1.809302e-09
1783.0139200687408,-1.808956e-09
1783.1085591316223,-1.80876e-09
1783.202710866928,-1.808649e-09
1783.2974054813385,-1.808531e-09
1783.3914835453033,-1.808579e-09
