time,charge
6.9141387939453125e-06,1.725402e-12
0.25415897369384766,1.751448e-12
0.34839701652526855,1.786173e-12
0.44299983978271484,1.808497e-12
0.5374481678009033,1.822141e-12
0.6332814693450928,1.694397e-12
0.7274537086486816,1.716721e-12
0.822044849395752,1.803537e-12
0.9297881126403809,1.752688e-12
1.0237400531768799,1.7068e-12
1.1185965538024902,1.716721e-12
1.2132747173309326,1.725403e-12
1.3090200424194336,1.724163e-12
1.4031524658203125,1.739046e-12
1.4983022212982178,1.736565e-12
1.5924458503723145,1.745247e-12
1.6870896816253662,1.739045e-12
1.7820351123809814,1.746487e-12
1.8761420249938965,1.739044e-12
1.970700740814209,1.745246e-12
2.0659050941467285,1.758888e-12
2.168872117996216,1.742766e-12
2.2636170387268066,1.748967e-12
2.3585824966430664,1.742766e-12
2.454251527786255,1.741525e-12
2.548333168029785,1.76261e-12
2.642578601837158,1.744006e-12
2.737302541732788,1.730363e-12
2.8317179679870605,1.722922e-12
2.9265265464782715,1.731604e-12
3.0211918354034424,1.730363e-12
3.1245689392089844,1.721682e-12
3.2210004329681396,1.736564e-12
3.3147501945495605,1.71052e-12
3.409268617630005,1.717961e-12
3.503866195678711,1.704319e-12
3.598738670349121,1.716721e-12
3.6931169033050537,1.71424e-12
3.7887258529663086,1.708039e-12
3.8832449913024902,1.698117e-12
3.9773707389831543,1.704318e-12
4.07157826423645,1.700597e-12
4.166039228439331,1.683234e-12
4.260770082473755,1.674552e-12
4.355967044830322,1.672073e-12
4.450567245483398,1.663391e-12
4.545721769332886,1.670832e-12
4.640209436416626,1.657191e-12
4.7352094650268555,1.66091e-12
4.829861879348755,1.66463e-12
4.924074649810791,1.662151e-12
5.018846750259399,1.637346e-12
5.113898992538452,1.634865e-12
5.207818269729614,1.636105e-12
5.301665782928467,1.623703e-12
5.396294355392456,1.633625e-12
5.490366697311401,1.621223e-12
5.584673643112183,1.615022e-12
5.678922891616821,1.615021e-12
5.773310899734497,1.603859e-12
5.867184162139893,1.600138e-12
5.961899042129517,1.595178e-12
6.055910587310791,1.597659e-12
6.15008282661438,1.593937e-12
6.244417190551758,1.582775e-12
6.340898752212524,1.569133e-12
6.435633420944214,1.560451e-12
6.532492399215698,1.570372e-12
6.627142906188965,1.546808e-12
6.720709800720215,1.548049e-12
6.814775228500366,1.535646e-12
6.90842342376709,1.540607e-12
7.002470254898071,1.524484e-12
7.097541093826294,1.533166e-12
7.1918251514434814,1.519524e-12
7.2860798835754395,1.522003e-12
7.380223989486694,1.514562e-12
7.483548641204834,1.507121e-12
7.577392101287842,1.497199e-12
7.6723103523254395,1.477355e-12
7.766757488250732,1.484796e-12
7.8617188930511475,1.479835e-12
7.955866813659668,1.476115e-12
8.050277948379517,1.476114e-12
8.145173072814941,1.472394e-12
8.238982200622559,1.473634e-12
8.334229469299316,1.463713e-12
8.428539752960205,1.44883e-12
8.523032665252686,1.453791e-12
8.617356777191162,1.438907e-12
8.711009740829468,1.432707e-12
8.804961919784546,1.432706e-12
8.899536609649658,1.431466e-12
8.99460244178772,1.406661e-12
9.089050054550171,1.416584e-12
9.183573246002197,1.421544e-12
9.277835845947266,1.39798e-12
9.373487949371338,1.386818e-12
9.470506429672241,1.393019e-12
9.564911603927612,1.381857e-12
9.65932297706604,1.371935e-12
9.753252983093262,1.378135e-12
9.847120523452759,1.373174e-12
9.952037811279297,1.366974e-12
10.04597544670105,1.360772e-12
10.139987230300903,1.335968e-12
10.235062599182129,1.324806e-12
10.330633878707886,1.324806e-12
10.424962282180786,1.319845e-12
10.519439458847046,1.308683e-12
10.614072322845459,1.302482e-12
10.70818829536438,1.313644e-12
10.801416397094727,1.332247e-12
10.895260572433472,1.461232e-12
10.989079713821411,2.798208e-12
11.083509683609009,1.931281e-12
11.177307844161987,2.196692e-12
11.271622657775879,2.431097e-12
11.365679502487183,1.302481e-12
11.460785388946533,-2.921769e-12
11.555243730545044,-2.962692e-12
11.651841402053833,-2.403729e-13
11.746921300888062,1.199541e-12
11.841158628463745,1.631144e-12
11.935968399047852,1.148692e-12
12.029783248901367,-5.257131e-12
12.123915195465088,-5.84253e-12
12.218424320220947,-5.250937e-12
12.312267780303955,-7.749178e-13
12.407679080963135,7.580171e-13
12.502525329589844,1.112725e-12
12.596813201904297,1.166055e-12
12.690910577774048,-3.406702e-12
12.78558349609375,-4.829248e-12
12.879852533340454,-4.898709e-12
12.974333763122559,-3.884195e-12
13.06980848312378,-5.930022e-14
13.164747953414917,7.815816e-13
13.259211778640747,1.079239e-12
13.354382991790771,9.415722e-13
13.448487520217896,7.803413e-13
13.543654680252075,1.090401e-12
13.637965202331543,1.18962e-12
13.733145236968994,1.2938e-12
13.82836103439331,1.381856e-12
13.922919511795044,1.426505e-12
14.016993999481201,1.45007e-12
14.111520767211914,1.509601e-12
14.205302000045776,1.582775e-12
14.30097246170044,1.648508e-12
14.395655632019043,1.701838e-12
14.489783763885498,1.813458e-12
14.601424217224121,1.840745e-12
14.694855690002441,1.903996e-12
14.789741039276123,1.863069e-12
14.88414192199707,1.843225e-12
14.978587627410889,1.899035e-12
15.073498487472534,1.884153e-12
15.167175769805908,1.848186e-12
15.261614322662354,1.411622e-12
15.355829000473022,1.40294e-12
15.450020551681519,1.464952e-12
15.543941736221313,1.446349e-12
15.638357400894165,1.464953e-12
15.733100175857544,1.680754e-12
15.827863216400146,1.731603e-12
15.921783208847046,1.19334e-12
16.01619243621826,1.308683e-12
16.1100013256073,1.307442e-12
16.20487642288208,1.206983e-12
16.299269437789917,1.488517e-12
16.3935968875885,1.685715e-12
16.487943410873413,1.770051e-12
16.58375835418701,2.603491e-12
16.677788496017456,4.806149e-12
16.771916389465332,4.592834e-12
16.865713834762573,4.238125e-12
16.959986925125122,3.981393e-12
17.053873777389526,3.625447e-12
17.14888072013855,3.301743e-12
17.242026567459106,3.997519e-12
17.335845470428467,5.119931e-12
17.43017292022705,4.231922e-12
17.52405309677124,4.008678e-12
17.618950366973877,4.011159e-12
17.713399171829224,3.784196e-12
17.80717420578003,3.609322e-12
17.902621269226074,3.341432e-12
17.996216297149658,3.444373e-12
18.091152906417847,4.580429e-12
18.185606241226196,4.943819e-12
18.27974534034729,4.343545e-12
18.37533164024353,3.619244e-12
18.469172477722168,3.27942e-12
18.562771558761597,3.002848e-12
18.657522678375244,2.92719e-12
18.75255846977234,2.729994e-12
18.84696340560913,2.587368e-12
18.941459894180298,2.452182e-12
19.03629994392395,2.295913e-12
19.133513927459717,2.371567e-12
19.228052854537964,2.380249e-12
19.331862449645996,2.400092e-12
19.4255211353302,2.527836e-12
19.520564556121826,2.44598e-12
19.614919185638428,2.481947e-12
19.708987712860107,2.903627e-12
19.80449938774109,2.929672e-12
19.899248838424683,2.421175e-12
19.994144916534424,2.344281e-12
20.089509963989258,2.496829e-12
20.184229612350464,2.424896e-12
20.279138565063477,2.268627e-12
20.37364172935486,2.135919e-12
20.46849751472473,2.116077e-12
20.565122365951538,2.442261e-12
20.65933084487915,2.365365e-12
20.753816604614258,2.230179e-12
20.847960710525513,2.123518e-12
20.942407369613647,1.993294e-12
21.037367582321167,2.030501e-12
21.131794452667236,2.082591e-12
21.225982189178467,2.135921e-12
21.320054054260254,2.097474e-12
21.41565704345703,1.86803e-12
21.50914716720581,1.87423e-12
21.60347843170166,1.844466e-12
21.697582244873047,1.841984e-12
21.79146671295166,1.843224e-12
21.886127948760986,1.843224e-12
21.980180025100708,1.827101e-12
22.074605464935303,1.794856e-12
22.16975712776184,1.830822e-12
22.264636754989624,1.802296e-12
22.358771562576294,1.791135e-12
22.45363163948059,1.777492e-12
22.54787516593933,1.835783e-12
22.643754959106445,1.851907e-12
22.73929715156555,1.835783e-12
22.83379030227661,1.798577e-12
22.928637504577637,1.76509e-12
23.02298378944397,1.746486e-12
23.117992639541626,1.708039e-12
23.213569164276123,1.690677e-12
23.308844089508057,1.695636e-12
23.403321027755737,1.699357e-12
23.498517990112305,1.711761e-12
23.61715292930603,1.798576e-12
23.71202301979065,1.983372e-12
23.806836128234863,2.449701e-12
23.900765895843506,3.743267e-12
23.99679946899414,3.913179e-12
24.092044830322266,3.818926e-12
24.186397075653076,3.288101e-12
24.280343770980835,3.355074e-12
24.37575101852417,4.522137e-12
24.470070362091064,5.052959e-12
24.56449866294861,3.450571e-12
24.661763906478882,1.576574e-12
24.756309986114502,8.125875e-13
24.850443601608276,2.313275e-12
24.944868087768555,1.421544e-12
25.039320468902588,-5.380298e-13
25.13367772102356,-2.267315e-13
25.228249549865723,2.195452e-12
25.323224544525146,3.65397e-12
25.41811728477478,4.468809e-12
25.513280391693115,5.732608e-12
25.60762882232666,7.078268e-12
25.70247721672058,6.602015e-12
25.79766035079956,6.428388e-12
25.891870975494385,6.165454e-12
25.986100435256958,6.014142e-12
26.079979181289673,5.649513e-12
26.17553997039795,5.490768e-12
26.269959449768066,5.727649e-12
26.36468768119812,6.547445e-12
26.459299087524414,7.858375e-12
26.555906057357788,7.2271e-12
26.64951515197754,7.333756e-12
26.74395203590393,8.333383e-12
26.83877396583557,8.691816e-12
26.932872533798218,8.798473e-12
27.0282986164093,8.846847e-12
27.12264919281006,8.784823e-12
27.217750787734985,8.448728e-12
27.312425136566162,7.416854e-12
27.406991004943848,6.888514e-12
27.501694440841675,7.752963e-12
27.5972957611084,7.970001e-12
27.692166805267334,7.889382e-12
27.786619424819946,7.816209e-12
27.881345510482788,7.807521e-12
27.97637152671814,7.796361e-12
28.07184100151062,7.434217e-12
28.16607093811035,7.791409e-12
28.261319398880005,6.05135e-12
28.356407642364502,6.120808e-12
28.45054817199707,6.025308e-12
28.544713020324707,6.946804e-12
28.641045570373535,7.512357e-12
28.735610008239746,6.189016e-12
28.830291748046875,6.471792e-12
28.92484998703003,6.902155e-12
29.03028631210327,7.218412e-12
29.12489366531372,7.539636e-12
29.21941876411438,8.784833e-12
29.315276622772217,9.520295e-12
29.410440683364868,9.923369e-12
29.50592303276062,8.880329e-12
29.600137948989868,8.058046e-12
29.694584131240845,8.1858e-12
29.788829565048218,8.320987e-12
29.883728742599487,8.249046e-12
29.978558778762817,8.15231e-12
30.073283910751343,8.098974e-12
30.167560815811157,8.035729e-12
30.262940883636475,8.012174e-12
30.357394695281982,8.018368e-12
30.452784061431885,8.035721e-12
30.54733967781067,8.03077e-12
30.641658306121826,8.09402e-12
30.735527276992798,8.101467e-12
30.830555200576782,8.063016e-12
30.925861358642578,8.048133e-12
31.02065682411194,8.019609e-12
31.115410327911377,7.886905e-12
31.210277318954468,7.901786e-12
31.30544686317444,7.934035e-12
31.400457859039307,7.999761e-12
31.495657920837402,8.04566e-12
31.589322090148926,8.089062e-12
31.68354296684265,8.113865e-12
31.778517723083496,8.152314e-12
31.873133897781372,8.151071e-12
31.968156814575195,8.175875e-12
32.06280279159546,8.187044e-12
32.15720319747925,8.201924e-12
32.25190877914429,8.231687e-12
32.34613275527954,8.296182e-12
32.44044542312622,8.349516e-12
32.53438925743103,8.426406e-12
32.62887907028198,8.551669e-12
32.72341346740723,8.715381e-12
32.81749105453491,8.920018e-12
32.912174463272095,9.119692e-12
33.00656247138977,9.10358e-12
33.101595878601074,8.688091e-12
33.19684815406799,8.705454e-12
33.29348349571228,8.706701e-12
33.388648986816406,8.748864e-12
33.48369812965393,8.916304e-12
33.57757496833801,9.039075e-12
33.67218995094299,9.086209e-12
33.76652979850769,9.247446e-12
33.86123561859131,9.651753e-12
33.955450773239136,1.026692e-11
34.0495240688324,9.803067e-12
34.14416742324829,9.906007e-12
34.239081621170044,9.986625e-12
34.33385419845581,1.023839e-11
34.47315692901611,1.008088e-11
34.567281007766724,9.846478e-12
34.66130042076111,9.630676e-12
34.755425691604614,9.541381e-12
34.85022950172424,9.486817e-12
34.945292711257935,9.51533e-12
35.040048122406006,9.558744e-12
35.135075092315674,9.533938e-12
35.22991323471069,9.510373e-12
35.32529044151306,9.490531e-12
35.420008420944214,9.47317e-12
35.51447534561157,9.466971e-12
35.61128282546997,9.479367e-12
35.705676555633545,9.465723e-12
35.800498723983765,9.469444e-12
35.894739627838135,9.476875e-12
35.98881793022156,9.458281e-12
36.083476305007935,9.479365e-12
36.178455114364624,9.551302e-12
36.27317476272583,9.579831e-12
36.368276596069336,9.588506e-12
36.462626457214355,9.588505e-12
36.557990312576294,9.593467e-12
36.65294528007507,9.562464e-12
36.7480149269104,9.512857e-12
36.84266638755798,9.516568e-12
36.937164545059204,9.495491e-12
37.03184676170349,9.502929e-12
37.1264533996582,9.519057e-12
37.22097086906433,9.528974e-12
37.31522035598755,9.515333e-12
37.410152435302734,9.50665e-12
37.504433393478394,9.515336e-12
37.59868812561035,9.532699e-12
37.69278001785278,9.607112e-12
37.78995656967163,9.843995e-12
37.884987115859985,9.977946e-12
37.980090379714966,1.010445e-11
38.07367777824402,1.012181e-11
38.167957067489624,9.710049e-12
38.26274371147156,9.638117e-12
38.35728931427002,9.620751e-12
38.452351570129395,9.607104e-12
38.54713463783264,9.650519e-12
38.642762422561646,9.79314e-12
38.73913884162903,1.017762e-11
38.83420014381409,1.069231e-11
38.9280047416687,1.090068e-11
39.02185583114624,1.115121e-11
39.11598253250122,1.122934e-11
39.2109158039093,1.092052e-11
39.30592060089111,1.066503e-11
39.40123987197876,1.076798e-11
39.49602913856506,1.118593e-11
39.5898814201355,1.118344e-11
39.68362736701965,1.07134e-11
39.77808403968811,1.052738e-11
39.880603075027466,1.079775e-11
39.97480750083923,1.075433e-11
40.06901264190674,1.030164e-11
40.162702560424805,1.004864e-11
40.256672620773315,9.941967e-12
40.351723432540894,9.9395e-12
40.44664907455444,1.012553e-11
40.54145169258118,1.019249e-11
40.63561415672302,1.022102e-11
40.73009467124939,1.004119e-11
40.82417702674866,1.041202e-11
40.918750286102295,1.06427e-11
41.012367486953735,1.066628e-11
41.10769248008728,1.07196e-11
41.20517039299011,1.071091e-11
41.29951214790344,1.034628e-11
41.39373016357422,1.017266e-11
41.48747134208679,1.004119e-11
41.582226276397705,9.871282e-12
41.67662167549133,9.421077e-12
41.770429372787476,8.268897e-12
41.8642475605011,5.673078e-12
41.958497524261475,1.642306e-12
42.05235838890076,-1.324341e-12
42.14635181427002,-2.851072e-12
42.241676807403564,-2.651394e-12
42.3361120223999,-5.901193e-13
42.430195331573486,3.170278e-12
42.52454495429993,2.700886e-11
42.61797618865967,5.696183e-11
42.713290214538574,8.98281e-11
42.807318687438965,1.174383e-10
42.90113711357117,1.372684e-10
42.99544620513916,1.534411e-10
43.0890212059021,1.637154e-10
43.18305969238281,1.691971e-10
43.27730369567871,1.722742e-10
43.3713538646698,1.740861e-10
43.465399503707886,1.748861e-10
43.5593786239624,1.749742e-10
43.65426826477051,1.750561e-10
43.748438358306885,1.750337e-10
43.84289598464966,1.748326e-10
43.93763589859009,1.743639e-10
44.031665325164795,1.738865e-10
44.12551474571228,1.735975e-10
44.21926283836365,1.734227e-10
44.313292026519775,1.732861e-10
44.40727615356445,1.732316e-10
44.50136065483093,1.732241e-10
44.5960738658905,1.733012e-10
44.690728187561035,1.741568e-10
44.784515142440796,1.739845e-10
44.87976574897766,1.737586e-10
44.9745090007782,1.735665e-10
45.068562269210815,1.732267e-10
45.163330078125,1.731709e-10
45.25949430465698,1.731571e-10
45.35871505737305,1.729587e-10
45.452004194259644,1.729874e-10
45.54606580734253,1.730529e-10
45.64075207710266,1.730543e-10
45.73551797866821,1.729786e-10
45.8306622505188,1.728645e-10
45.9255051612854,1.727839e-10
46.020060777664185,1.726786e-10
46.11382818222046,1.725953e-10
46.20804476737976,1.725085e-10
46.30249738693237,1.724242e-10
46.39681553840637,1.723311e-10
46.49123215675354,1.722246e-10
46.58643174171448,1.721203e-10
46.68072009086609,1.720212e-10
46.77511143684387,1.719442e-10
46.86895132064819,1.718364e-10
46.964191198349,1.717558e-10
47.058634757995605,1.716925e-10
47.15340542793274,1.715971e-10
47.248069763183594,1.715016e-10
47.342318296432495,1.714406e-10
47.43726897239685,1.713688e-10
47.53134489059448,1.713303e-10
47.626699447631836,1.712743e-10
47.72083258628845,1.71168e-10
47.8156156539917,1.711045e-10
47.91000270843506,1.710401e-10
48.004191875457764,1.709423e-10
48.10819101333618,1.708949e-10
48.20222496986389,1.708243e-10
48.29638385772705,1.707859e-10
48.391178131103516,1.707302e-10
48.48553395271301,1.705626e-10
48.58000564575195,1.70756e-10
48.67449069023132,1.711082e-10
48.76880955696106,1.712745e-10
48.86397385597229,1.712126e-10
48.95814299583435,1.710871e-10
49.053101778030396,1.709756e-10
49.147955656051636,1.708677e-10
49.24284863471985,1.708131e-10
49.33710503578186,1.707325e-10
49.43191623687744,1.706394e-10
49.52604389190674,1.705897e-10
49.62231969833374,1.70513e-10
49.71718955039978,1.704324e-10
49.81225848197937,1.703492e-10
49.90614128112793,1.702315e-10
50.00008773803711,1.701595e-10
50.09390902519226,1.700703e-10
50.18782162666321,1.69986e-10
50.282840967178345,1.698978e-10
50.37782168388367,1.69811e-10
50.47204256057739,1.697529e-10
50.566447019577026,1.696696e-10
50.67537808418274,1.695841e-10
50.768781661987305,1.69517e-10
50.86296582221985,1.694661e-10
50.958359718322754,1.693904e-10
51.0522894859314,1.693088e-10
51.14698648452759,1.692468e-10
51.242082595825195,1.69316e-10
51.336994647979736,1.694673e-10
51.43242621421814,1.6946e-10
51.52761745452881,1.694465e-10
51.62116050720215,1.694229e-10
51.715930700302124,1.694401e-10
51.80998253822327,1.694202e-10
51.90423893928528,1.693261e-10
51.99788546562195,1.692168e-10
52.0920889377594,1.691338e-10
52.18612289428711,1.690521e-10
52.28053402900696,1.689638e-10
52.37464141845703,1.687604e-10
52.46948719024658,1.68592e-10
52.564249992370605,1.68551e-10
52.65846657752991,1.685459e-10
52.75216197967529,1.685496e-10
52.84623980522156,1.685708e-10
52.93989682197571,1.685335e-10
53.033583641052246,1.684591e-10
53.12747573852539,1.68391e-10
53.22211027145386,1.683265e-10
53.315903663635254,1.682658e-10
53.410157918930054,1.682236e-10
53.50436496734619,1.681305e-10
53.59827375411987,1.680029e-10
53.69283699989319,1.680548e-10
53.78648281097412,1.680548e-10
53.881409883499146,1.679085e-10
53.974889278411865,1.677672e-10
54.06914138793945,1.677063e-10
54.16333317756653,1.675698e-10
54.257691383361816,1.676146e-10
54.35160684585571,1.67721e-10
54.44633650779724,1.675053e-10
54.540764808654785,1.672934e-10
54.6356155872345,1.670961e-10
54.732662200927734,1.671942e-10
54.82731008529663,1.671532e-10
54.93246126174927,1.669175e-10
55.026328802108765,1.668171e-10
55.12117576599121,1.666956e-10
55.215429067611694,1.666125e-10
55.309730052948,1.665853e-10
55.40468144416809,1.663656e-10
55.499812841415405,1.661449e-10
55.59365177154541,1.659377e-10
55.68794393539429,1.656165e-10
55.78247785568237,1.656561e-10
55.87712788581848,1.653847e-10
55.970623254776,1.667465e-10
56.06532692909241,1.655198e-10
56.159358501434326,1.6533e-10
56.25411629676819,1.648266e-10
56.34816026687622,1.650485e-10
56.44160318374634,1.652743e-10
56.53586792945862,1.649841e-10
56.63041663169861,1.64411e-10
56.724807024002075,1.641928e-10
56.81971454620361,1.641419e-10
56.91464591026306,1.64287e-10
57.00895643234253,1.641566e-10
57.10581994056702,1.641951e-10
57.1993350982666,1.64184e-10
57.29365515708923,1.641208e-10
57.38694667816162,1.6406e-10
57.4818434715271,1.639931e-10
57.575278997421265,1.639225e-10
57.66984581947327,1.638319e-10
57.76440477371216,1.6374e-10
57.85794758796692,1.63703e-10
57.95211482048035,1.636694e-10
58.04632925987244,1.636482e-10
58.14045429229736,1.636371e-10
58.23432469367981,1.636372e-10
58.32874274253845,1.636296e-10
58.44286012649536,1.63575e-10
58.536630392074585,1.635478e-10
58.63014316558838,1.635267e-10
58.7251763343811,1.634435e-10
58.818960189819336,1.634833e-10
58.9130163192749,1.633606e-10
59.01924252510071,1.63409e-10
59.11342096328735,1.634908e-10
59.20719337463379,1.633755e-10
59.301021099090576,1.631821e-10
59.394787549972534,1.631185e-10
59.48888897895813,1.630468e-10
59.582683801651,1.629786e-10
59.67773628234863,1.630655e-10
59.77227973937988,1.634574e-10
59.8665976524353,1.639757e-10
59.960952043533325,1.644594e-10
60.05516982078552,1.646951e-10
60.14914608001709,1.646391e-10
60.24471569061279,1.641097e-10
60.33891749382019,1.635453e-10
60.43405866622925,1.631323e-10
60.52972078323364,1.636619e-10
60.624369859695435,1.637102e-10
60.71825098991394,1.634845e-10
60.81268548965454,1.636644e-10
60.906513929367065,1.632094e-10
61.00061655044556,1.621377e-10
61.09499430656433,1.641792e-10
61.18857407569885,1.64757e-10
61.28302502632141,1.647372e-10
61.377259492874146,1.647e-10
61.47124886512756,1.647769e-10
61.56605529785156,1.649394e-10
61.66020059585571,1.654814e-10
61.754820108413696,1.656253e-10
61.84909510612488,1.656252e-10
61.943129539489746,1.653994e-10
62.03711009025574,1.652271e-10
62.13122200965881,1.6518e-10
62.22585582733154,1.652382e-10
62.31953835487366,1.652617e-10
62.413636922836304,1.652829e-10
62.5082323551178,1.654926e-10
62.60315799713135,1.656774e-10
62.69736337661743,1.656351e-10
62.790945291519165,1.65423e-10
62.88499331474304,1.653003e-10
62.979719161987305,1.652593e-10
63.07357478141785,1.653387e-10
63.167935848236084,1.653066e-10
63.26218557357788,1.656996e-10
63.356292963027954,1.659166e-10
63.4504714012146,1.658883e-10
63.5441997051239,1.658286e-10
63.63857102394104,1.657221e-10
63.73259687423706,1.655956e-10
63.82639288902283,1.651504e-10
63.919809341430664,1.652085e-10
64.018474817276,1.652011e-10
64.11198353767395,1.633928e-10
64.20661854743958,1.613638e-10
64.30066394805908,1.604472e-10
64.39550018310547,1.60363e-10
64.48995757102966,1.599151e-10
64.58557295799255,1.59372e-10
64.67983841896057,1.590669e-10
64.77398633956909,1.596585e-10
64.86805129051208,1.609185e-10
64.96388840675354,1.618835e-10
65.05738544464111,1.628137e-10
65.15154242515564,1.637153e-10
65.24503922462463,1.647546e-10
65.33924293518066,1.652e-10
65.43259787559509,1.655818e-10
65.52676916122437,1.659861e-10
65.62016534805298,1.664798e-10
65.71441173553467,1.668989e-10
65.80867099761963,1.671557e-10
65.90247106552124,1.675378e-10
65.99641752243042,1.67818e-10
66.09157347679138,1.680833e-10
66.18563532829285,1.682099e-10
66.27955746650696,1.684468e-10
66.3736960887909,1.68577e-10
66.46855640411377,1.687419e-10
66.56297826766968,1.688821e-10
66.65869474411011,1.68835e-10
66.75299978256226,1.688288e-10
66.84694314002991,1.688065e-10
66.94136500358582,1.688537e-10
67.0363597869873,1.689615e-10
67.13100171089172,1.690717e-10
67.22523617744446,1.689391e-10
67.31915664672852,1.687656e-10
67.41406559944153,1.685202e-10
67.50831508636475,1.680971e-10
67.6042594909668,1.67725e-10
67.69857811927795,1.672947e-10
67.7934672832489,1.66997e-10
67.88735508918762,1.667068e-10
67.98232650756836,1.665716e-10
68.0765688419342,1.66564e-10
68.1712863445282,1.677052e-10
68.26571226119995,1.686427e-10
68.35992383956909,1.677075e-10
68.45363450050354,1.669262e-10
68.56000781059265,1.668405e-10
68.65372014045715,1.66104e-10
68.74755311012268,1.657219e-10
68.84126687049866,1.656997e-10
68.9362862110138,1.658348e-10
69.02994775772095,1.657791e-10
69.12516808509827,1.656166e-10
69.22072267532349,1.660383e-10
69.31553602218628,1.662948e-10
69.41025876998901,1.662589e-10
69.50412154197693,1.661509e-10
69.59804511070251,1.661114e-10
69.69319820404053,1.660816e-10
69.78697395324707,1.660047e-10
69.88154768943787,1.659289e-10
69.97562503814697,1.658421e-10
70.06986832618713,1.657256e-10
70.16418790817261,1.65567e-10
70.25816941261292,1.654927e-10
70.3523817062378,1.654603e-10
70.44674348831177,1.653153e-10
70.54053521156311,1.652296e-10
70.63563179969788,1.652071e-10
70.729562997818,1.651628e-10
70.82447218894958,1.650746e-10
70.91899251937866,1.649815e-10
71.01266312599182,1.649231e-10
71.10605645179749,1.648326e-10
71.19984149932861,1.647448e-10
71.2937262058258,1.646913e-10
71.38843774795532,1.646207e-10
71.48291087150574,1.645214e-10
71.57725739479065,1.644742e-10
71.67269134521484,1.644397e-10
71.76682925224304,1.643639e-10
71.8617479801178,1.643057e-10
71.95564293861389,1.642449e-10
72.050048828125,1.642112e-10
72.14477062225342,1.641383e-10
72.23847007751465,1.640899e-10
72.3343391418457,1.640339e-10
72.42912459373474,1.639979e-10
72.52348971366882,1.63941e-10
72.61759638786316,1.639075e-10
72.71955561637878,1.63869e-10
72.81294107437134,1.637972e-10
72.9078414440155,1.63755e-10
73.00213360786438,1.637202e-10
73.09665393829346,1.636745e-10
73.19117307662964,1.636693e-10
73.28573822975159,1.636421e-10
73.37999820709229,1.635875e-10
73.47494268417358,1.635317e-10
73.56914830207825,1.634746e-10
73.6633312702179,1.634388e-10
73.75784134864807,1.634064e-10
73.85214591026306,1.633184e-10
73.94609570503235,1.632389e-10
74.04000115394592,1.631448e-10
74.13383769989014,1.630729e-10
74.22788619995117,1.630319e-10
74.32194423675537,1.630356e-10
74.41566467285156,1.629798e-10
74.50968194007874,1.629104e-10
74.60413837432861,1.628731e-10
74.69968891143799,1.628261e-10
74.7937650680542,1.627912e-10
74.88854384422302,1.627317e-10
74.98292374610901,1.626895e-10
75.07705283164978,1.626114e-10
75.17126441001892,1.625334e-10
75.26553869247437,1.623919e-10
75.36054730415344,1.621799e-10
75.45653891563416,1.619925e-10
75.55049228668213,1.618289e-10
75.64487481117249,1.617111e-10
75.73903131484985,1.616354e-10
75.83277797698975,1.615895e-10
75.92731738090515,1.615622e-10
76.02234745025635,1.615436e-10
76.1159975528717,1.614966e-10
76.20986366271973,1.614594e-10
76.30446434020996,1.61432e-10
76.39885234832764,1.613997e-10
76.49315977096558,1.613576e-10
76.58774471282959,1.613228e-10
76.68219470977783,1.612844e-10
76.77598667144775,1.61231e-10
76.8704617023468,1.61174e-10
76.96458292007446,1.611392e-10
77.0596854686737,1.610612e-10
77.15281414985657,1.610351e-10
77.246835231781,1.609841e-10
77.34076452255249,1.609148e-10
77.43797874450684,1.608614e-10
77.53204464912415,1.608541e-10
77.62723517417908,1.60864e-10
77.72156476974487,1.608454e-10
77.81576037406921,1.608095e-10
77.90947413444519,1.607796e-10
78.00408458709717,1.607647e-10
78.09861063957214,1.607077e-10
78.19343852996826,1.606494e-10
78.28773283958435,1.606332e-10
78.3823230266571,1.605924e-10
78.47726368904114,1.605365e-10
78.5714123249054,1.604856e-10
78.66571927070618,1.604385e-10
78.76038002967834,1.604262e-10
78.85453391075134,1.604012e-10
78.94873690605164,1.603753e-10
79.0425283908844,1.602971e-10
79.13638210296631,1.602476e-10
79.230055809021,1.601794e-10
79.32400918006897,1.601905e-10
79.41727375984192,1.601904e-10
79.51131987571716,1.60188e-10
79.60486674308777,1.601818e-10
79.69919347763062,1.601397e-10
79.79355216026306,1.601173e-10
79.88671231269836,1.600789e-10
79.98063397407532,1.600329e-10
80.07517385482788,1.599932e-10
80.17023587226868,1.599673e-10
80.26380896568298,1.599437e-10
80.35823822021484,1.598941e-10
80.45225238800049,1.598184e-10
80.54702925682068,1.597949e-10
80.64133596420288,1.598123e-10
80.73541307449341,1.597799e-10
80.8294689655304,1.59682e-10
80.92502474784851,1.596882e-10
81.0190634727478,1.596309e-10
81.11260390281677,1.59641e-10
81.20608878135681,1.596794e-10
81.30060839653015,1.597018e-10
81.3947401046753,1.596412e-10
81.48904156684875,1.595778e-10
81.58304524421692,1.595256e-10
81.67773771286011,1.598097e-10
81.77201747894287,1.598903e-10
81.86672401428223,1.597899e-10
81.96093964576721,1.599485e-10
82.05474925041199,1.602078e-10
82.14924335479736,1.601372e-10
82.24415826797485,1.599475e-10
82.33822727203369,1.598544e-10
82.4324722290039,1.597526e-10
82.52699398994446,1.59681e-10
82.62167549133301,1.597836e-10
82.7161967754364,1.599375e-10
82.81091594696045,1.602153e-10
82.90458536148071,1.60012e-10
82.99901533126831,1.597551e-10
83.09398579597473,1.596039e-10
83.18863725662231,1.594961e-10
83.2825984954834,1.595046e-10
83.37689232826233,1.598097e-10
83.47200679779053,1.600738e-10
83.5666127204895,1.598308e-10
83.6613917350769,1.596237e-10
83.75516963005066,1.595517e-10
83.8495123386383,1.594128e-10
83.94410228729248,1.592579e-10
84.03900027275085,1.59192e-10
84.1328547000885,1.59114e-10
84.2265841960907,1.590531e-10
84.3203957080841,1.589849e-10
84.41457009315491,1.589502e-10
84.5084822177887,1.588735e-10
84.60232162475586,1.588523e-10
84.69959449768066,1.588608e-10
84.79251098632812,1.588461e-10
84.8864517211914,1.588696e-10
84.9803638458252,1.587953e-10
85.07495141029358,1.587493e-10
85.16982626914978,1.587146e-10
85.26406621932983,1.586848e-10
85.35855746269226,1.587084e-10
85.45267057418823,1.588499e-10
85.54714441299438,1.590049e-10
85.64595651626587,1.59052e-10
85.73979663848877,1.598853e-10
85.83412885665894,1.599796e-10
85.92796850204468,1.597999e-10
86.02230548858643,1.594686e-10
86.11629891395569,1.594476e-10
86.2100841999054,1.594252e-10
86.30420184135437,1.606681e-10
86.39866471290588,1.613476e-10
86.49246644973755,1.606853e-10
86.58608031272888,1.604075e-10
86.6812572479248,1.601842e-10
86.77582478523254,1.602129e-10
86.87048530578613,1.60281e-10
86.96477818489075,1.600651e-10
87.05927467346191,1.598283e-10
87.15316581726074,1.596859e-10
87.24743485450745,1.595666e-10
87.34201979637146,1.593621e-10
87.43686556816101,1.59233e-10
87.53127765655518,1.591909e-10
87.62528610229492,1.591897e-10
87.73088932037354,1.592467e-10
87.82515573501587,1.588994e-10
87.9201147556305,1.590184e-10
88.01424908638,1.594191e-10
88.10825204849243,1.592714e-10
88.2033462524414,1.592131e-10
88.29700303077698,1.590818e-10
88.39170050621033,1.589229e-10
88.48581027984619,1.587606e-10
88.57989168167114,1.587606e-10
88.67381596565247,1.588263e-10
88.76788568496704,1.587517e-10
88.86134505271912,1.586242e-10
88.95636463165283,1.584654e-10
89.05042695999146,1.583674e-10
89.14481997489929,1.582843e-10
89.23927712440491,1.582457e-10
89.3336136341095,1.582372e-10
89.43359541893005,1.582408e-10
89.52732467651367,1.581985e-10
89.62158036231995,1.58128e-10
89.71530342102051,1.581156e-10
89.80940890312195,1.581044e-10
89.90306210517883,1.580326e-10
89.99766564369202,1.580164e-10
90.09164834022522,1.579754e-10
90.1854727268219,1.579394e-10
90.27971029281616,1.578961e-10
90.37360048294067,1.578576e-10
90.4676456451416,1.578142e-10
90.56218934059143,1.577981e-10
90.65638947486877,1.577534e-10
90.75028109550476,1.577596e-10
90.8454179763794,1.577385e-10
90.93943524360657,1.576877e-10
91.03447604179382,1.576282e-10
91.12816667556763,1.575997e-10
91.2234411239624,1.575947e-10
91.31779932975769,1.575735e-10
91.41209363937378,1.575439e-10
91.50648975372314,1.575166e-10
91.6007091999054,1.574917e-10
91.69493746757507,1.574557e-10
91.78924465179443,1.574409e-10
91.88338327407837,1.573975e-10
91.97791600227356,1.573739e-10
92.07247972488403,1.573602e-10
92.16736054420471,1.573515e-10
92.26408767700195,1.573082e-10
92.3590247631073,1.572747e-10
92.45309710502625,1.572623e-10
92.55109763145447,1.572399e-10
92.64445877075195,1.572015e-10
92.7385470867157,1.571767e-10
92.83392453193665,1.571495e-10
92.92808175086975,1.571344e-10
93.02245330810547,1.570925e-10
93.11662292480469,1.570799e-10
93.21157622337341,1.57059e-10
93.30586624145508,1.570366e-10
93.40002369880676,1.570057e-10
93.49508738517761,1.569745e-10
93.58908557891846,1.569622e-10
93.68315696716309,1.569337e-10
93.77735900878906,1.569125e-10
93.87174677848816,1.568951e-10
93.96598291397095,1.568494e-10
94.06056904792786,1.568467e-10
94.15452694892883,1.568294e-10
94.24862694740295,1.567923e-10
94.3431134223938,1.567909e-10
94.43761372566223,1.567848e-10
94.54271817207336,1.567625e-10
94.63679075241089,1.567661e-10
94.73090195655823,1.56734e-10
94.82474541664124,1.566459e-10
94.91843724250793,1.566334e-10
95.01220488548279,1.566781e-10
95.10604333877563,1.567624e-10
95.19975781440735,1.567177e-10
95.29330968856812,1.567017e-10
95.38682341575623,1.566025e-10
95.48106694221497,1.568293e-10
95.57578563690186,1.574893e-10
95.66932225227356,1.579122e-10
95.76419496536255,1.581069e-10
95.85799956321716,1.577311e-10
95.95236086845398,1.574173e-10
96.04658699035645,1.578887e-10
96.14108085632324,1.58195e-10
96.2349624633789,1.581986e-10
96.32896828651428,1.57875e-10
96.42341160774231,1.578576e-10
96.51782774925232,1.580151e-10
96.6114149093628,1.579332e-10
96.70577836036682,1.573156e-10
96.79967188835144,1.570961e-10
96.89482831954956,1.568965e-10
96.98935794830322,1.567662e-10
97.08493876457214,1.566334e-10
97.17893433570862,1.564957e-10
97.27364373207092,1.563879e-10
97.36797261238098,1.562924e-10
97.46315240859985,1.56202e-10
97.55666470527649,1.561746e-10
97.65044236183167,1.561448e-10
97.74484205245972,1.561137e-10
97.83899998664856,1.560791e-10
97.93301486968994,1.560407e-10
98.0269889831543,1.560233e-10
98.12048554420471,1.55986e-10
98.21448540687561,1.559539e-10
98.308846950531,1.559315e-10
98.4033055305481,1.559017e-10
98.49715781211853,1.558694e-10
98.59185671806335,1.558248e-10
98.68656992912292,1.557429e-10
98.78116345405579,1.557281e-10
98.87520623207092,1.557057e-10
98.96924901008606,1.556599e-10
99.06424283981323,1.556114e-10
99.15894341468811,1.555582e-10
99.25362825393677,1.555246e-10
99.34866690635681,1.555271e-10
99.44285988807678,1.555099e-10
99.53677177429199,1.554937e-10
99.63121056556702,1.554849e-10
99.7257354259491,1.55459e-10
99.82005143165588,1.554577e-10
99.91412878036499,1.554342e-10
100.0088198184967,1.553858e-10
100.10302400588989,1.553671e-10
100.19708108901978,1.553362e-10
100.29111814498901,1.553065e-10
100.38528203964233,1.552865e-10
100.47935843467712,1.552728e-10
100.57287073135376,1.552148e-10
100.66684818267822,1.55196e-10
100.76079678535461,1.551563e-10
100.8546257019043,1.551178e-10
100.94810342788696,1.550708e-10
101.04192662239075,1.549692e-10
101.13639664649963,1.548649e-10
101.23062825202942,1.547533e-10
101.32547521591187,1.546367e-10
101.4230604171753,1.545908e-10
101.5174207687378,1.545585e-10
101.61130785942078,1.545672e-10
101.70530009269714,1.545498e-10
101.80112385749817,1.545301e-10
101.89599967002869,1.545016e-10
101.99055457115173,1.54375e-10
102.08389806747437,1.543204e-10
102.17933702468872,1.543328e-10
102.2739679813385,1.543378e-10
102.36808013916016,1.542212e-10
102.46262717247009,1.54272e-10
102.55682444572449,1.543006e-10
102.65065050125122,1.542623e-10
102.74407982826233,1.542312e-10
102.8383150100708,1.541964e-10
102.93265151977539,1.541951e-10
103.0267882347107,1.541356e-10
103.12026190757751,1.540674e-10
103.21463680267334,1.540649e-10
103.3086245059967,1.540625e-10
103.40273094177246,1.540227e-10
103.50164437294006,1.540438e-10
103.59523320198059,1.539397e-10
103.68983435630798,1.538231e-10
103.78334403038025,1.538565e-10
103.87800741195679,1.538517e-10
103.97288823127747,1.53869e-10
104.06756329536438,1.539768e-10
104.16165447235107,1.539557e-10
104.25593304634094,1.539421e-10
104.3501546382904,1.539746e-10
104.4450089931488,1.5406e-10
104.53944277763367,1.539894e-10
104.63324308395386,1.538826e-10
104.72720313072205,1.538106e-10
104.82119727134705,1.537462e-10
104.91537499427795,1.537226e-10
105.00985646247864,1.537262e-10
105.10391116142273,1.53678e-10
105.1980607509613,1.536494e-10
105.29304051399231,1.536197e-10
105.38756799697876,1.535961e-10
105.48193717002869,1.53565e-10
105.57563614845276,1.535204e-10
105.66904425621033,1.534337e-10
105.7625961303711,1.533728e-10
105.85625314712524,1.533159e-10
105.94996547698975,1.532824e-10
106.04462170600891,1.532575e-10
106.14091920852661,1.532167e-10
106.2341935634613,1.531683e-10
106.32991361618042,1.531719e-10
106.42441844940186,1.531225e-10
106.51934123039246,1.5311e-10
106.61516213417053,1.530864e-10
106.70848178863525,1.530653e-10
106.8107979297638,1.530318e-10
106.90580010414124,1.530083e-10
107.00015258789062,1.529982e-10
107.09467816352844,1.529672e-10
107.18928527832031,1.529412e-10
107.28290057182312,1.529351e-10
107.3781008720398,1.529114e-10
107.47206544876099,1.528817e-10
107.5665831565857,1.528496e-10
107.66126990318298,1.528358e-10
107.7556209564209,1.527999e-10
107.84942173957825,1.527713e-10
107.94397068023682,1.527219e-10
108.0387225151062,1.527218e-10
108.13301229476929,1.527018e-10
108.22677516937256,1.526537e-10
108.32134580612183,1.526387e-10
108.41552400588989,1.525977e-10
108.5097382068634,1.525951e-10
108.60420107841492,1.525519e-10
108.72199606895447,1.525296e-10
108.81550455093384,1.525208e-10
108.91032314300537,1.525082e-10
109.00444722175598,1.524749e-10
109.09873723983765,1.524762e-10
109.19364285469055,1.524415e-10
109.28800678253174,1.52403e-10
109.38231110572815,1.523929e-10
109.47718930244446,1.523533e-10
109.57162356376648,1.52346e-10
109.66604137420654,1.523347e-10
109.76088690757751,1.5231e-10
109.8550329208374,1.522801e-10
109.94998836517334,1.522443e-10
110.04403138160706,1.522442e-10
110.13873052597046,1.522789e-10
110.23364591598511,1.523336e-10
110.32694959640503,1.523212e-10
110.42108201980591,1.522852e-10
110.51651334762573,1.522282e-10
110.61110305786133,1.521526e-10
110.70634365081787,1.519926e-10
110.80043649673462,1.518809e-10
110.8965961933136,1.519304e-10
110.98985981941223,1.519094e-10
111.08354115486145,1.520756e-10
111.17751407623291,1.519415e-10
111.27107119560242,1.518288e-10
111.36516952514648,1.517767e-10
111.4596779346466,1.51701e-10
111.56180357933044,1.516327e-10
111.65632343292236,1.516029e-10
111.75029373168945,1.515782e-10
111.84384870529175,1.515349e-10
111.93775629997253,1.515138e-10
112.03258156776428,1.5152e-10
112.12701916694641,1.515137e-10
112.22120308876038,1.515037e-10
112.31612730026245,1.515025e-10
112.41049146652222,1.514741e-10
112.50473475456238,1.51458e-10
112.59887552261353,1.514466e-10
112.69323658943176,1.51396e-10
112.7872359752655,1.513861e-10
112.88210701942444,1.513488e-10
112.97603130340576,1.513303e-10
113.08850765228271,1.513214e-10
113.1826024055481,1.512991e-10
113.2763180732727,1.512619e-10
113.37063884735107,1.512409e-10
113.46533179283142,1.512235e-10
113.55986738204956,1.512037e-10
113.65382242202759,1.511715e-10
113.74853920936584,1.51159e-10
113.84269881248474,1.511182e-10
113.93645095825195,1.510945e-10
114.03015971183777,1.510871e-10
114.13100695610046,1.510586e-10
114.22424244880676,1.510462e-10
114.31895208358765,1.510077e-10
114.41228342056274,1.509978e-10
114.5099458694458,1.509073e-10
114.60366797447205,1.509061e-10
114.69829773902893,1.508873e-10
114.79159903526306,1.508775e-10
114.88596653938293,1.509148e-10
114.98049449920654,1.508701e-10
115.07482933998108,1.508576e-10
115.16847205162048,1.508316e-10
115.26398372650146,1.508129e-10
115.35839223861694,1.508167e-10
115.45266151428223,1.508775e-10
115.5474123954773,1.507647e-10
115.64153909683228,1.507448e-10
115.73559427261353,1.507546e-10
115.83100891113281,1.507573e-10
115.92463946342468,1.5072e-10
116.01974940299988,1.50689e-10
116.11436033248901,1.50669e-10
116.21461749076843,1.506642e-10
116.30789542198181,1.506493e-10
116.40135645866394,1.506096e-10
116.49579119682312,1.505699e-10
116.59028625488281,1.505475e-10
116.68436527252197,1.504931e-10
116.7786591053009,1.505253e-10
116.87292957305908,1.505203e-10
116.96749424934387,1.506592e-10
117.06163501739502,1.507671e-10
117.15576553344727,1.507783e-10
117.25093674659729,1.507597e-10
117.34483599662781,1.507783e-10
117.43938946723938,1.508514e-10
117.53410005569458,1.509246e-10
117.62940239906311,1.50968e-10
117.7243103981018,1.509382e-10
117.8180456161499,1.509296e-10
117.91228008270264,1.509407e-10
118.0071222782135,1.512061e-10
118.10083794593811,1.516378e-10
118.19499158859253,1.521921e-10
118.28916001319885,1.528148e-10
118.38305997848511,1.532624e-10
118.47669529914856,1.536272e-10
118.57015752792358,1.539384e-10
118.66456079483032,1.539829e-10
118.75873279571533,1.538888e-10
118.85351777076721,1.53817e-10
118.94837737083435,1.537449e-10
119.04283738136292,1.537138e-10
119.13991951942444,1.536929e-10
119.23475289344788,1.535019e-10
119.32872176170349,1.533183e-10
119.42218852043152,1.523088e-10
119.51594829559326,1.518622e-10
119.6101610660553,1.528146e-10
119.70391201972961,1.534472e-10
119.79959845542908,1.548078e-10
119.89358425140381,1.545163e-10
119.98723220825195,1.542522e-10
120.0806794166565,1.535526e-10
120.17478847503662,1.533678e-10
120.26877641677856,1.533567e-10
120.36264109611511,1.530877e-10
120.45612859725952,1.526783e-10
120.55766272544861,1.523173e-10
120.65124821662903,1.521574e-10
120.74528551101685,1.519863e-10
120.83997368812561,1.518374e-10
120.93482875823975,1.516787e-10
121.02939915657043,1.515299e-10
121.12385201454163,1.512979e-10
121.21769523620605,1.510647e-10
121.31191372871399,1.506171e-10
121.40519452095032,1.502288e-10
121.499427318573,1.500279e-10
121.59298348426819,1.496657e-10
121.68762421607971,1.491673e-10
121.78169965744019,1.488361e-10
121.87598919868469,1.488646e-10
121.96979713439941,1.48939e-10
122.06406998634338,1.491113e-10
122.15910959243774,1.493991e-10
122.25294303894043,1.500961e-10
122.3485198020935,1.5087e-10
122.4426383972168,1.512978e-10
122.5368504524231,1.508476e-10
122.6315016746521,1.505216e-10
122.72632765769958,1.49972e-10
122.81991076469421,1.490321e-10
122.91467571258545,1.47339e-10
123.00926780700684,1.471332e-10
123.1032931804657,1.470997e-10
123.19835352897644,1.471259e-10
123.2929744720459,1.464424e-10
123.38709855079651,1.458819e-10
123.48191261291504,1.45604e-10
123.57577252388,1.455866e-10
123.66964721679688,1.442869e-10
123.76453924179077,1.428543e-10
123.85934114456177,1.419402e-10
123.95295667648315,1.416006e-10
124.04665517807007,1.418671e-10
124.14042162895203,1.419017e-10
124.24639081954956,1.418969e-10
124.34065747261047,1.417791e-10
124.43443584442139,1.413934e-10
124.52863907814026,1.407993e-10
124.62236332893372,1.402858e-10
124.71719717979431,1.401606e-10
124.81161594390869,1.404992e-10
124.90503764152527,1.367958e-10
124.9997148513794,1.301805e-10
125.09429478645325,1.204668e-10
125.18920493125916,1.056697e-10
125.2831346988678,8.760801e-11
125.37725901603699,6.912231e-11
125.47172951698303,4.915945e-11
125.56689548492432,3.639003e-11
125.6615583896637,2.93157e-11
125.7559871673584,3.11153e-11
125.85132622718811,3.25676e-11
125.94595122337341,3.503195e-11
126.0404417514801,4.013801e-11
126.1349892616272,4.708953e-11
126.23025894165039,5.187432e-11
126.32457995414734,5.40745e-11
126.41883277893066,5.525281e-11
126.51283574104309,5.612467e-11
126.60718560218811,5.689734e-11
126.7013111114502,5.746662e-11
126.79630923271179,5.795776e-11
126.89041328430176,5.875395e-11
126.98533701896667,5.972999e-11
127.07926273345947,6.065648e-11
127.17290163040161,6.116998e-11
127.26628494262695,6.128777e-11
127.35957503318787,6.158413e-11
127.45317363739014,6.216088e-11
127.54699921607971,6.25677e-11
127.64090180397034,6.290254e-11
127.73486399650574,6.315802e-11
127.82962322235107,6.327094e-11
127.9244031906128,6.316301e-11
128.01837396621704,6.319898e-11
128.11368370056152,6.335275e-11
128.2078559398651,6.364419e-11
128.30327081680298,6.394678e-11
128.39878368377686,6.41304e-11
128.4928719997406,6.426801e-11
128.5870475769043,6.441315e-11
128.68207144737244,6.455825e-11
128.77644729614258,6.473808e-11
128.87045216560364,6.488813e-11
128.9660246372223,6.503573e-11
129.06001734733582,6.517961e-11
129.15478348731995,6.534459e-11
129.24983501434326,6.553807e-11
129.3442041873932,6.56968e-11
129.43951988220215,6.58357e-11
129.5339217185974,6.605273e-11
129.6292223930359,6.62611e-11
129.72411918640137,6.665055e-11
129.81941723823547,6.804088e-11
129.91404914855957,6.808051e-11
130.00903606414795,6.777421e-11
130.10386562347412,6.828511e-11
130.19907069206238,6.859152e-11
130.29381942749023,6.863985e-11
130.3891065120697,6.860764e-11
130.4838194847107,6.823061e-11
130.57804203033447,6.877506e-11
130.67281317710876,6.935429e-11
130.76813006401062,6.931831e-11
130.8652606010437,6.892143e-11
130.95932483673096,6.891894e-11
131.0542254447937,6.900825e-11
131.1484522819519,6.898714e-11
131.24367308616638,6.887679e-11
131.34719133377075,6.888172e-11
131.44190454483032,6.907769e-11
131.53676462173462,6.953776e-11
131.63049507141113,7.016911e-11
131.72433137893677,7.040597e-11
131.81811928749084,7.034775e-11
131.91233277320862,7.006367e-11
132.00751757621765,6.974865e-11
132.1018304824829,6.906901e-11
132.19696831703186,6.849363e-11
132.29153275489807,6.706231e-11
132.3870620727539,6.458802e-11
132.48146986961365,6.118109e-11
132.57520937919617,5.756704e-11
132.6696879863739,5.614199e-11
132.76481938362122,5.526643e-11
132.8589448928833,5.717012e-11
132.95335912704468,8.745429e-11
133.04935598373413,1.304309e-10
133.14346837997437,1.523892e-10
133.23890042304993,1.630341e-10
133.33406376838684,1.672957e-10
133.42946767807007,1.69342e-10
133.52397441864014,1.703951e-10
133.61793398857117,1.710448e-10
133.71228170394897,1.712396e-10
133.80715227127075,1.712137e-10
133.90151000022888,1.710845e-10
133.9966104030609,1.710312e-10
134.09104442596436,1.711528e-10
134.18617701530457,1.71381e-10
134.27987027168274,1.716377e-10
134.37401485443115,1.71701e-10
134.46864581108093,1.716068e-10
134.56431341171265,1.715446e-10
134.6588933467865,1.714207e-10
134.75370407104492,1.712991e-10
134.8485767841339,1.71273e-10
134.94358134269714,1.711863e-10
135.06738591194153,1.710797e-10
135.16141295433044,1.710004e-10
135.25631952285767,1.70808e-10
135.35093474388123,1.707027e-10
135.44500422477722,1.707212e-10
135.53949451446533,1.704671e-10
135.63436245918274,1.682297e-10
135.72852563858032,1.682879e-10
135.8230459690094,1.682806e-10
135.9183623790741,1.682617e-10
136.01250839233398,1.68293e-10
136.10716032981873,1.682185e-10
136.20165586471558,1.681988e-10
136.29591250419617,1.682855e-10
136.3902871608734,1.68392e-10
136.48596477508545,1.682371e-10
136.58035612106323,1.680422e-10
136.67741513252258,1.677558e-10
136.77190709114075,1.676084e-10
136.86629152297974,1.675909e-10
136.96064400672913,1.6801e-10
137.05531477928162,1.677398e-10
137.14928555488586,1.675412e-10
137.24325156211853,1.674372e-10
137.33663821220398,1.673974e-10
137.43111181259155,1.67416e-10
137.52486038208008,1.672064e-10
137.62006855010986,1.675227e-10
137.7145345211029,1.677645e-10
137.80876898765564,1.690072e-10
137.9033122062683,1.691387e-10
137.99790978431702,1.689068e-10
138.09139156341553,1.689105e-10
138.18549060821533,1.692143e-10
138.27918601036072,1.688349e-10
138.37429118156433,1.684319e-10
138.46880054473877,1.682556e-10
138.56289505958557,1.682346e-10
138.65702652931213,1.683599e-10
138.75134897232056,1.682519e-10
138.84583497047424,1.682334e-10
138.93950700759888,1.682519e-10
139.03460240364075,1.68211e-10
139.1292552947998,1.681664e-10
139.2232015132904,1.682806e-10
139.32143139839172,1.684628e-10
139.41637301445007,1.683721e-10
139.5171959400177,1.680908e-10
139.61062502861023,1.678638e-10
139.7053370475769,1.678315e-10
139.7994623184204,1.677311e-10
139.89363527297974,1.676429e-10
139.98799395561218,1.67535e-10
140.0822353363037,1.676529e-10
140.17579793930054,1.680771e-10
140.27014446258545,1.678241e-10
140.3658356666565,1.676183e-10
140.4601194858551,1.674905e-10
140.55390119552612,1.674606e-10
140.6481523513794,1.673999e-10
140.74236845970154,1.674221e-10
140.83591175079346,1.678041e-10
140.9303059577942,1.677297e-10
141.0240478515625,1.675611e-10
141.1283700466156,1.673527e-10
141.22205352783203,1.671965e-10
141.31721568107605,1.671382e-10
141.4112367630005,1.670861e-10
141.5054829120636,1.670155e-10
141.59959721565247,1.669573e-10
141.69348430633545,1.669298e-10
141.7875247001648,1.668791e-10
141.88159704208374,1.668865e-10
141.97635889053345,1.670042e-10
142.07052302360535,1.669163e-10
142.16546082496643,1.66838e-10
142.25925397872925,1.667351e-10
142.35276460647583,1.667003e-10
142.4466528892517,1.666532e-10
142.54083490371704,1.666247e-10
142.63463139533997,1.665974e-10
142.72957372665405,1.66564e-10
142.82364892959595,1.66549e-10
142.91781163215637,1.665058e-10
143.01238179206848,1.664858e-10
143.10692620277405,1.664586e-10
143.20139980316162,1.664436e-10
143.29603219032288,1.664164e-10
143.38997292518616,1.66383e-10
143.4857542514801,1.663581e-10
143.58072090148926,1.663506e-10
143.6755976676941,1.663135e-10
143.7712299823761,1.662763e-10
143.86535024642944,1.662663e-10
143.95909810066223,1.662464e-10
144.05356621742249,1.662044e-10
144.14786887168884,1.661955e-10
144.24233722686768,1.661671e-10
144.33618879318237,1.661681e-10
144.43095588684082,1.661322e-10
144.52489709854126,1.660952e-10
144.619868516922,1.660667e-10
144.71395659446716,1.660591e-10
144.80839228630066,1.660417e-10
144.9019730091095,1.660072e-10
145.0028612613678,1.659625e-10
145.09650707244873,1.659649e-10
145.1914246082306,1.659352e-10
145.28552961349487,1.659091e-10
145.3797206878662,1.658918e-10
145.4748718738556,1.658731e-10
145.56898522377014,1.658347e-10
145.66344833374023,1.658149e-10
145.75731873512268,1.658024e-10
145.85186553001404,1.657714e-10
145.9463996887207,1.657466e-10
146.04059648513794,1.657157e-10
146.13454294204712,1.657156e-10
146.22854852676392,1.65676e-10
146.33598828315735,1.6565e-10
146.43048357963562,1.656351e-10
146.52523183822632,1.655904e-10
146.6192102432251,1.655829e-10
146.7132625579834,1.65563e-10
146.80676436424255,1.655482e-10
146.9012050628662,1.655246e-10
146.99471354484558,1.655073e-10
147.08886051177979,1.654811e-10
147.1839382648468,1.654602e-10
147.27804708480835,1.654378e-10
147.37206649780273,1.654019e-10
147.4664671421051,1.653844e-10
147.56028175354004,1.653633e-10
147.65479850769043,1.653299e-10
147.74848675727844,1.653151e-10
147.84242391586304,1.653052e-10
147.93596649169922,1.652864e-10
148.0354290008545,1.652442e-10
148.12914752960205,1.652295e-10
148.2229106426239,1.652219e-10
148.31691932678223,1.651886e-10
148.41166591644287,1.65175e-10
148.50612211227417,1.651315e-10
148.60121178627014,1.651142e-10
148.69542813301086,1.651041e-10
148.7904121875763,1.650744e-10
148.88450574874878,1.650595e-10
148.9788954257965,1.650347e-10
149.07370829582214,1.649952e-10
149.1685721874237,1.649852e-10
149.26203656196594,1.649814e-10
149.35611605644226,1.649343e-10
149.45021319389343,1.649392e-10
149.544415473938,1.649045e-10
149.63880825042725,1.648822e-10
149.73237538337708,1.648587e-10
149.82574152946472,1.648451e-10
149.92011547088623,1.648153e-10
150.0147774219513,1.647942e-10
150.1079761981964,1.647755e-10
150.20281100273132,1.647618e-10
150.29687905311584,1.647323e-10
150.3910894393921,1.647172e-10
150.48582077026367,1.646864e-10
150.5801088809967,1.646664e-10
150.67428874969482,1.646527e-10
150.76833128929138,1.646219e-10
150.86306071281433,1.646105e-10
150.95709943771362,1.645783e-10
151.0505714416504,1.645672e-10
151.14488768577576,1.645449e-10
151.23903107643127,1.645251e-10
151.33437991142273,1.645052e-10
151.44831562042236,1.644866e-10
151.54222655296326,1.644531e-10
151.63646602630615,1.644505e-10
151.73151326179504,1.644196e-10
151.82682919502258,1.644095e-10
151.9210615158081,1.643813e-10
152.01543927192688,1.643612e-10
152.10922479629517,1.64334e-10
152.20356249809265,1.643094e-10
152.29788255691528,1.642844e-10
152.39239192008972,1.642633e-10
152.48640179634094,1.642608e-10
152.58160853385925,1.642483e-10
152.6751127243042,1.642064e-10
152.76935124397278,1.641988e-10
152.86361598968506,1.641727e-10
152.95734810829163,1.641517e-10
153.05131769180298,1.641504e-10
153.15068459510803,1.641218e-10
153.24484515190125,1.640898e-10
153.33902740478516,1.640811e-10
153.43403339385986,1.640598e-10
153.52882480621338,1.640277e-10
153.6231451034546,1.640065e-10
153.72525811195374,1.639893e-10
153.81905031204224,1.639779e-10
153.91315722465515,1.639556e-10
154.00734567642212,1.639099e-10
154.10205578804016,1.638887e-10
154.19658732414246,1.638614e-10
154.29038643836975,1.638528e-10
154.38491010665894,1.63844e-10
154.47908782958984,1.63797e-10
154.57384085655212,1.637535e-10
154.6676688194275,1.637038e-10
154.76154327392578,1.636705e-10
154.85612559318542,1.636594e-10
154.95006322860718,1.636617e-10
155.0448293685913,1.636222e-10
155.13889527320862,1.635961e-10
155.2329273223877,1.636207e-10
155.32703375816345,1.635911e-10
155.42047667503357,1.635676e-10
155.51417875289917,1.635739e-10
155.60793018341064,1.636358e-10
155.70168209075928,1.636344e-10
155.79553604125977,1.637537e-10
155.88990235328674,1.640476e-10
155.98420906066895,1.640128e-10
156.0794656276703,1.638465e-10
156.17378878593445,1.636296e-10
156.26787161827087,1.63591e-10
156.36240792274475,1.634794e-10
156.45641922950745,1.638911e-10
156.55127048492432,1.63833e-10
156.64480233192444,1.637039e-10
156.7388346195221,1.637101e-10
156.8335382938385,1.635193e-10
156.92900347709656,1.639633e-10
157.02246809005737,1.639595e-10
157.1194043159485,1.638689e-10
157.21316814422607,1.639061e-10
157.3069248199463,1.63797e-10
157.40071964263916,1.636234e-10
157.49456143379211,1.631868e-10
157.58880233764648,1.631161e-10
157.6832299232483,1.633368e-10
157.77776741981506,1.634794e-10
157.87307834625244,1.633815e-10
157.96696305274963,1.632835e-10
158.0607407093048,1.632165e-10
158.1540334224701,1.631756e-10
158.25068354606628,1.631534e-10
158.3441185951233,1.630924e-10
158.43792176246643,1.630181e-10
158.53146123886108,1.629585e-10
158.6251437664032,1.628806e-10
158.71884489059448,1.628394e-10
158.8135747909546,1.627726e-10
158.9078209400177,1.627042e-10
159.00210785865784,1.626535e-10
159.0961208343506,1.625457e-10
159.19097185134888,1.6246e-10
159.28437685966492,1.630999e-10
159.3783779144287,1.633342e-10
159.47256088256836,1.629784e-10
159.56642389297485,1.626374e-10
159.66063356399536,1.62295e-10
159.75537109375,1.625653e-10
159.84922313690186,1.626609e-10
159.94359827041626,1.622999e-10
160.0379455089569,1.619948e-10
160.13265013694763,1.618013e-10
160.22640895843506,1.616314e-10
160.32075786590576,1.614801e-10
160.41589498519897,1.61546e-10
160.51040816307068,1.614962e-10
160.6040449142456,1.613736e-10
160.69878220558167,1.613536e-10
160.7924726009369,1.613773e-10
160.88730454444885,1.613625e-10
160.98111844062805,1.613029e-10
161.07607316970825,1.612396e-10
161.1703839302063,1.611714e-10
161.26496815681458,1.611392e-10
161.3589379787445,1.611292e-10
161.4535412788391,1.611106e-10
161.54799461364746,1.610351e-10
161.64286160469055,1.609717e-10
161.73682570457458,1.609877e-10
161.83085703849792,1.610101e-10
161.92462301254272,1.609656e-10
162.0193202495575,1.60958e-10
162.11470580101013,1.608836e-10
162.20917344093323,1.608813e-10
162.3044662475586,1.609295e-10
162.39803838729858,1.609183e-10
162.4917984008789,1.607708e-10
162.58619236946106,1.605972e-10
162.69103264808655,1.604681e-10
162.78550910949707,1.604644e-10
162.8799068927765,1.603318e-10
162.9743468761444,1.604583e-10
163.06896448135376,1.604334e-10
163.16255807876587,1.605213e-10
163.25671672821045,1.605934e-10
163.35030460357666,1.60669e-10
163.44457530975342,1.606603e-10
163.53825306892395,1.610387e-10
163.6323103904724,1.613065e-10
163.72624444961548,1.614343e-10
163.82928705215454,1.615632e-10
163.92392754554749,1.614753e-10
164.0182502269745,1.610882e-10
164.11396431922913,1.608749e-10
164.20875024795532,1.608143e-10
164.30299615859985,1.607696e-10
164.39636182785034,1.607609e-10
164.4914846420288,1.606779e-10
164.58617448806763,1.609046e-10
164.6798231601715,1.607559e-10
164.77407598495483,1.607872e-10
164.8683488368988,1.60772e-10
164.9624412059784,1.606964e-10
165.05786204338074,1.607907e-10
165.15214776992798,1.606145e-10
165.2462921142578,1.608264e-10
165.33971405029297,1.605525e-10
165.4336097240448,1.606876e-10
165.5284719467163,1.604967e-10
165.6226761341095,1.605315e-10
165.71643233299255,1.604892e-10
165.81117868423462,1.604159e-10
165.9052336215973,1.604756e-10
165.99963283538818,1.60246e-10
166.0933175086975,1.602771e-10
166.18736577033997,1.606481e-10
166.28095126152039,1.610237e-10
166.37574076652527,1.609842e-10
166.46949362754822,1.606206e-10
166.56410360336304,1.602573e-10
166.65730571746826,1.600911e-10
166.7513928413391,1.601445e-10
166.84555339813232,1.602214e-10
166.94046258926392,1.60261e-10
167.03541898727417,1.603083e-10
167.12970995903015,1.603838e-10
167.22708678245544,1.60421e-10
167.32042932510376,1.604694e-10
167.41479206085205,1.604917e-10
167.50887989997864,1.604235e-10
167.60263586044312,1.604198e-10
167.69661903381348,1.605203e-10
167.79045414924622,1.604905e-10
167.88542652130127,1.603739e-10
167.9798548221588,1.603479e-10
168.0741286277771,1.60245e-10
168.1683313846588,1.602077e-10
168.26268458366394,1.600217e-10
168.3596305847168,1.601432e-10
168.45312809944153,1.602126e-10
168.5475776195526,1.60162e-10
168.6412582397461,1.6008e-10
168.73581552505493,1.600787e-10
168.82996606826782,1.602995e-10
168.92358374595642,1.605053e-10
169.0173270702362,1.606853e-10
169.11105632781982,1.607683e-10
169.20570468902588,1.609469e-10
169.2995047569275,1.61154e-10
169.39426517486572,1.612321e-10
169.48861837387085,1.612309e-10
169.58312010765076,1.612682e-10
169.6774549484253,1.613834e-10
169.77236533164978,1.613946e-10
169.86609435081482,1.613575e-10
169.96051836013794,1.613661e-10
170.05512881278992,1.613463e-10
170.149667263031,1.613995e-10
170.24380731582642,1.615087e-10
170.3373863697052,1.616861e-10
170.4327836036682,1.617431e-10
170.52630305290222,1.616626e-10
170.62069249153137,1.616116e-10
170.71473813056946,1.615694e-10
170.8096742630005,1.615248e-10
170.9047725200653,1.61464e-10
170.99925756454468,1.613859e-10
171.09367060661316,1.613685e-10
171.1885211467743,1.615286e-10
171.28235125541687,1.61655e-10
171.37660813331604,1.61469e-10
171.4724931716919,1.613486e-10
171.56687331199646,1.612594e-10
171.66168904304504,1.613982e-10
171.75574469566345,1.617368e-10
171.85005712509155,1.618323e-10
171.94427967071533,1.615955e-10
172.03845143318176,1.613995e-10
172.13217735290527,1.613328e-10
172.2372443675995,1.612458e-10
172.3321874141693,1.611876e-10
172.4267017841339,1.611006e-10
172.5214581489563,1.610486e-10
172.6148064136505,1.610349e-10
172.70879101753235,1.610213e-10
172.803138256073,1.61004e-10
172.89717435836792,1.609865e-10
172.9919364452362,1.60932e-10
173.08550214767456,1.608813e-10
173.18002367019653,1.608501e-10
173.2778902053833,1.608339e-10
173.37286806106567,1.607882e-10
173.47295999526978,1.607833e-10
173.56674528121948,1.607708e-10
173.6611955165863,1.607559e-10
173.7551236152649,1.607323e-10
173.8489363193512,1.607298e-10
173.9427032470703,1.606964e-10
174.0365822315216,1.606729e-10
174.1386182308197,1.606605e-10
174.23208737373352,1.606306e-10
174.32610201835632,1.60617e-10
174.42032480239868,1.606108e-10
174.5147988796234,1.606008e-10
174.6092610359192,1.605624e-10
174.70367813110352,1.604781e-10
174.7979576587677,1.603094e-10
174.89203810691833,1.602857e-10
174.98672246932983,1.603167e-10
175.08020424842834,1.602711e-10
175.17497372627258,1.602264e-10
175.2697467803955,1.602896e-10
175.36401462554932,1.603517e-10
175.45813584327698,1.603503e-10
175.5525417327881,1.602969e-10
175.64692616462708,1.603926e-10
175.74154210090637,1.602375e-10
175.8358154296875,1.602499e-10
175.92965626716614,1.603454e-10
176.0269901752472,1.603838e-10
176.12116861343384,1.603914e-10
176.21511220932007,1.603863e-10
176.30898785591125,1.604904e-10
176.4026153087616,1.605846e-10
176.496408700943,1.605104e-10
176.5907688140869,1.604508e-10
176.68495297431946,1.603913e-10
176.78044199943542,1.603564e-10
176.8746795654297,1.603181e-10
176.96922254562378,1.602895e-10
177.062828540802,1.602921e-10
177.15742778778076,1.601135e-10
177.25226163864136,1.59941e-10
177.34629583358765,1.599771e-10
177.44026517868042,1.599696e-10
177.53535866737366,1.599708e-10
177.6317958831787,1.599349e-10
177.72618627548218,1.599274e-10
177.82052874565125,1.599001e-10
177.91523575782776,1.598839e-10
178.01001858711243,1.598803e-10
178.1046061515808,1.599139e-10
178.19889330863953,1.600527e-10
178.29287195205688,1.6039e-10
178.38756704330444,1.604062e-10
178.4816334247589,1.603181e-10
178.5757496356964,1.599447e-10
178.66963458061218,1.59951e-10
178.7643599510193,1.599511e-10
178.85876655578613,1.599509e-10
178.95259618759155,1.598655e-10
179.05079913139343,1.598928e-10
179.1465060710907,1.60039e-10
179.23963522911072,1.599275e-10
179.33445072174072,1.598072e-10
179.4281041622162,1.597303e-10
179.5227074623108,1.597873e-10
179.61721777915955,1.597414e-10
179.71195793151855,1.599646e-10
179.8171546459198,1.620494e-10
179.91346669197083,1.624773e-10
180.00806593894958,1.622244e-10
180.10210061073303,1.617854e-10
180.19717288017273,1.624339e-10
180.29185128211975,1.626956e-10
180.3856782913208,1.627824e-10
180.48060488700867,1.623931e-10
180.57503414154053,1.623967e-10
180.66881322860718,1.617505e-10
180.76315450668335,1.621052e-10
180.85771417617798,1.617368e-10
180.9528706073761,1.611825e-10
181.04650473594666,1.607323e-10
181.14133262634277,1.605525e-10
181.2357304096222,1.604309e-10
181.33077001571655,1.602599e-10
181.4243426322937,1.60225e-10
181.51911544799805,1.601706e-10
181.61246824264526,1.601891e-10
181.7066740989685,1.601544e-10
181.800785779953,1.600849e-10
181.89663124084473,1.599658e-10
181.99160981178284,1.598889e-10
182.08578658103943,1.598753e-10
182.18054389953613,1.597228e-10
182.2751865386963,1.596372e-10
182.3692226409912,1.582207e-10
182.4643039703369,1.582952e-10
182.55965089797974,1.58278e-10
182.6550736427307,1.586735e-10
182.74894547462463,1.591076e-10
182.84377574920654,1.591771e-10
182.93844389915466,1.592056e-10
183.03199076652527,1.591709e-10
183.1260302066803,1.591485e-10
183.22158551216125,1.591325e-10
183.3153715133667,1.593346e-10
183.40997838974,1.596558e-10
183.50670194625854,1.596222e-10
183.62842845916748,1.595453e-10
183.7219033241272,1.594772e-10
183.81684160232544,1.595715e-10
183.9121322631836,1.592949e-10
184.00556182861328,1.590098e-10
184.09995484352112,1.588026e-10
184.19450187683105,1.588112e-10
184.28889298439026,1.593929e-10
184.38271760940552,1.589451e-10
184.47670674324036,1.584069e-10
184.5714750289917,1.578302e-10
184.6653823852539,1.571517e-10
184.75989246368408,1.563482e-10
184.85363149642944,1.555172e-10
184.94767427444458,1.550532e-10
185.04148030281067,1.549231e-10
185.13653111457825,1.548983e-10
185.23068284988403,1.548622e-10
185.32561206817627,1.54763e-10
185.42039561271667,1.546615e-10
185.51530838012695,1.545857e-10
185.60997247695923,1.544184e-10
185.70503687858582,1.537237e-10
185.7988522052765,1.522801e-10
185.89323782920837,1.496186e-10
185.98793983459473,1.462946e-10
186.08195233345032,1.422963e-10
186.17585229873657,1.363468e-10
186.2701895236969,1.292502e-10
186.37097597122192,1.19363e-10
186.46456289291382,1.06637e-10
186.5589816570282,9.575502e-11
186.65305995941162,8.67485e-11
186.74713969230652,7.743559e-11
186.84117245674133,6.795521e-11
186.93537640571594,5.982545e-11
187.02913856506348,5.692332e-11
187.1228392124176,5.5218e-11
187.21663212776184,5.240145e-11
187.31130456924438,4.760053e-11
187.40549898147583,4.66864e-11
187.49975061416626,4.705231e-11
187.59499311447144,4.698037e-11
187.69247817993164,4.405341e-11
187.78759145736694,3.854178e-11
187.88211393356323,2.917678e-11
187.9767882823944,1.376437e-11
188.0716414451599,-3.400494e-12
188.16667246818542,-1.28114e-11
188.26030278205872,-1.600501e-11
188.35473561286926,-1.827713e-11
188.44956827163696,-1.847432e-11
188.54395413398743,-1.600997e-11
188.63897824287415,-1.481191e-11
188.73323035240173,-1.420792e-11
188.82772707939148,-1.330749e-11
188.92196226119995,-1.234879e-11
189.0169563293457,-1.06782e-11
189.11098957061768,-7.532959e-12
189.20556569099426,-2.744404e-12
189.29929280281067,2.349238e-12
189.39333820343018,6.50403e-12
189.48788285255432,8.92126e-12
189.58200192451477,1.052363e-11
189.67674112319946,1.169441e-11
189.77174997329712,1.242864e-11
189.86614894866943,1.30004e-11
189.95964741706848,1.352005e-11
190.05366468429565,1.39566e-11
190.14801955223083,1.446509e-11
190.242693901062,1.502693e-11
190.33722591400146,1.57537e-11
190.43157243728638,1.632173e-11
190.52640748023987,1.679799e-11
190.62089371681213,1.750615e-11
190.7157130241394,1.796753e-11
190.8108205795288,1.878237e-11
190.90533590316772,1.932312e-11
191.00139164924622,1.964308e-11
191.09623765945435,1.942977e-11
191.19046592712402,1.935907e-11
191.28526210784912,1.945953e-11
191.37974095344543,1.965922e-11
191.47390794754028,1.991098e-11
191.56795024871826,2.015903e-11
191.66127514839172,2.041326e-11
191.75499773025513,2.064768e-11
191.84851813316345,2.089821e-11
191.9426634311676,2.11847e-11
192.03626799583435,2.143276e-11
192.130309343338,2.171055e-11
192.2241861820221,2.200821e-11
192.319650888443,2.225379e-11
192.4138207435608,2.246836e-11
192.50783896446228,2.266926e-11
192.6018750667572,2.288384e-11
192.69571709632874,2.313684e-11
192.79014015197754,2.353123e-11
192.88393473625183,2.374578e-11
192.97817993164062,2.377183e-11
193.07195019721985,2.384004e-11
193.1669328212738,2.40323e-11
193.2615315914154,2.420965e-11
193.35590744018555,2.417616e-11
193.45084428787231,2.446265e-11
193.54502201080322,2.492277e-11
193.6402575969696,2.520803e-11
193.73447132110596,2.535189e-11
193.82912707328796,2.548583e-11
193.92357349395752,2.566442e-11
194.0184018611908,2.583185e-11
194.11259484291077,2.598192e-11
194.2072217464447,2.6132e-11
194.30176329612732,2.632548e-11
194.3962471485138,2.651522e-11
194.49066472053528,2.665289e-11
194.58590817451477,2.685013e-11
194.67990708351135,2.708449e-11
194.77390003204346,2.724325e-11
194.87151455879211,2.73896e-11
194.9652178287506,2.755827e-11
195.05898213386536,2.765503e-11
195.15252590179443,2.779267e-11
195.24609923362732,2.792041e-11
195.3395733833313,2.806679e-11
195.4335057735443,2.809526e-11
195.53101229667664,2.868564e-11
195.62591338157654,2.905895e-11
195.7205605506897,2.928841e-11
195.8161792755127,2.938512e-11
195.91102194786072,2.947692e-11
196.00561451911926,2.961582e-11
196.10053634643555,2.968527e-11
196.19477319717407,2.976092e-11
196.289555311203,2.97944e-11
196.3846583366394,2.981303e-11
196.47868871688843,2.982417e-11
196.573246717453,2.996308e-11
196.66769671440125,3.009579e-11
196.7751259803772,3.016523e-11
196.8703532218933,3.032026e-11
196.96550631523132,3.033764e-11
197.0592658519745,3.03364e-11
197.15340638160706,3.041453e-11
197.2474400997162,3.051251e-11
197.3417944908142,3.066257e-11
197.43630933761597,3.095032e-11
197.53067660331726,3.117854e-11
197.62570810317993,3.146131e-11
197.71963143348694,3.169321e-11
197.81462454795837,3.193755e-11
197.907865524292,3.212483e-11
198.00173330307007,3.224513e-11
198.09555387496948,3.234061e-11
198.19007325172424,3.239891e-11
198.28462719917297,3.239518e-11
198.3800504207611,3.256512e-11
198.4743206501007,3.274248e-11
198.56886053085327,3.29074e-11
198.66250777244568,3.30612e-11
198.75659489631653,3.321126e-11
198.85117077827454,3.324476e-11
198.94483399391174,3.329314e-11
199.03838634490967,3.338241e-11
199.13175678253174,3.346924e-11
199.2258656024933,3.356223e-11
199.31962299346924,3.36255e-11
199.41393518447876,3.371106e-11
199.50812554359436,3.380039e-11
199.60159516334534,3.378798e-11
199.69548988342285,3.390953e-11
199.78931832313538,3.405337e-11
199.88359999656677,3.427912e-11
199.9774296283722,3.42295e-11
200.07127904891968,3.423695e-11
200.16535091400146,3.427164e-11
200.25871348381042,3.438455e-11
200.35253810882568,3.445523e-11
200.4458930492401,3.44974e-11
200.53988242149353,3.455938e-11
200.63409781455994,3.456436e-11
200.72849535942078,3.441306e-11
200.8231599330902,3.451477e-11
200.91678190231323,3.461147e-11
201.01108717918396,3.470579e-11
201.10586643218994,3.491039e-11
201.20023012161255,3.48484e-11
201.2943811416626,3.511999e-11
201.38928651809692,3.525765e-11
201.48350405693054,3.546725e-11
201.57814025878906,3.561234e-11
201.67266416549683,3.65723e-11
201.76724576950073,3.649169e-11
201.86272954940796,3.652766e-11
201.95654726028442,3.693816e-11
202.05167317390442,3.79775e-11
202.14650011062622,3.777656e-11
202.2413911819458,3.776538e-11
202.33593916893005,3.760047e-11
202.43033385276794,3.736358e-11
202.52516841888428,3.727674e-11
202.62165904045105,3.817595e-11
202.71605038642883,3.890519e-11
202.81075835227966,3.913341e-11
202.90511751174927,3.890518e-11
202.9998540878296,3.845869e-11
203.09385538101196,3.844007e-11
203.18839716911316,3.810278e-11
203.28268384933472,3.628581e-11
203.37730240821838,3.459661e-11
203.47124481201172,3.511255e-11
203.5653200149536,3.604148e-11
203.65948963165283,3.619781e-11
203.7538685798645,3.620272e-11
203.84752655029297,3.613202e-11
203.94109416007996,3.620521e-11
204.0354814529419,3.633168e-11
204.13033866882324,3.64818e-11
204.22440123558044,3.655247e-11
204.3185954093933,3.665168e-11
204.41307187080383,3.67075e-11
204.5077588558197,3.678936e-11
204.60307836532593,3.686007e-11
204.69714832305908,3.692824e-11
204.79139232635498,3.696547e-11
204.88533759117126,3.698903e-11
204.97989439964294,3.703489e-11
205.0744071006775,3.70473e-11
205.1692988872528,3.703121e-11
205.2640106678009,3.705227e-11
205.35858607292175,3.710065e-11
205.45345091819763,3.717627e-11
205.54733395576477,3.725566e-11
205.64251518249512,3.733629e-11
205.73688125610352,3.738097e-11
205.8317494392395,3.744047e-11
205.92526173591614,3.749875e-11
206.01990151405334,3.757564e-11
206.11430501937866,3.763394e-11
206.20989418029785,3.769102e-11
206.30689001083374,3.776914e-11
206.40076637268066,3.77964e-11
206.49555158615112,3.783361e-11
206.58915400505066,3.789314e-11
206.68308568000793,3.79688e-11
206.77691984176636,3.798862e-11
206.871013879776,3.793532e-11
206.96413588523865,3.782865e-11
207.05812525749207,3.726187e-11
207.15196824073792,3.74541e-11
207.24596762657166,3.771581e-11
207.33967089653015,3.789066e-11
207.43297052383423,3.686495e-11
207.5264551639557,3.685511e-11
207.6200613975525,3.702004e-11
207.71354031562805,3.652269e-11
207.80744099617004,3.610603e-11
207.9008550643921,3.65847e-11
207.9942057132721,3.766495e-11
208.08811569213867,3.772199e-11
208.182293176651,3.719242e-11
208.27629017829895,3.671123e-11
208.36993074417114,3.676576e-11
208.4637472629547,3.74479e-11
208.55728816986084,3.743305e-11
208.6508059501648,3.634409e-11
208.74447393417358,3.650284e-11
208.83789706230164,3.706094e-11
208.93168544769287,3.709198e-11
209.02541160583496,3.756201e-11
209.1188886165619,3.654997e-11
209.21236968040466,3.589634e-11
209.3058409690857,3.685507e-11
209.39945125579834,3.790555e-11
209.49387621879578,3.804695e-11
209.58762741088867,3.820076e-11
209.68293595314026,3.834338e-11
209.77638387680054,3.844504e-11
209.87001967430115,3.851824e-11
209.96365475654602,3.869931e-11
210.05783343315125,3.889896e-11
210.15698504447937,3.935787e-11
210.2508237361908,3.950047e-11
210.34420251846313,3.947071e-11
210.43766260147095,3.947198e-11
210.53101229667664,3.951412e-11
210.62488722801208,3.948811e-11
210.71850037574768,3.950671e-11
210.81246042251587,3.968279e-11
210.90607690811157,4.022602e-11
210.99942231178284,4.078163e-11
211.09320187568665,4.079033e-11
211.1866753101349,4.056834e-11
211.2804455757141,4.046663e-11
211.3744354248047,4.032772e-11
211.4676275253296,4.016899e-11
211.56083798408508,4.033269e-11
211.65424275398254,4.078537e-11
211.74815964698792,4.055471e-11
211.84163427352905,4.039596e-11
211.93518829345703,4.029052e-11
212.02843046188354,4.012804e-11
212.1219780445099,4.009336e-11
212.2156159877777,4.012802e-11
212.30887651443481,4.013298e-11
212.402663230896,4.013052e-11
212.49619603157043,4.007226e-11
212.5897352695465,4.011318e-11
212.68320894241333,4.009706e-11
212.776700258255,4.001643e-11
212.8696482181549,4.014294e-11
212.9633526802063,4.016152e-11
213.0569236278534,4.019131e-11
213.15036749839783,4.020988e-11
213.243878364563,4.023594e-11
213.33777952194214,4.024586e-11
213.43135738372803,4.029672e-11
213.52499961853027,4.032898e-11
213.61854934692383,4.033765e-11
213.71210741996765,4.036122e-11
213.80618357658386,4.039841e-11
213.89915537834167,4.041826e-11
213.9928412437439,4.044304e-11
214.0862021446228,4.044063e-11
214.1793520450592,4.046414e-11
214.27303957939148,4.049268e-11
214.36656737327576,4.050633e-11
214.4602131843567,4.051009e-11
214.55357027053833,4.054847e-11
214.64692211151123,4.055599e-11
214.74137377738953,4.056714e-11
214.83472061157227,4.060679e-11
214.92800641059875,4.061797e-11
215.0211226940155,4.062416e-11
215.11461901664734,4.067497e-11
215.20845079421997,4.069233e-11
215.30200791358948,4.070478e-11
215.3954963684082,4.071221e-11
215.4890260696411,4.072337e-11
215.58249974250793,4.073455e-11
215.67637085914612,4.074078e-11
215.76996207237244,4.078042e-11
215.8633348941803,4.080023e-11
215.9564061164856,4.081639e-11
216.05009198188782,4.083621e-11
216.14380502700806,4.084613e-11
216.23709535598755,4.086228e-11
216.3309450149536,4.088089e-11
216.42437744140625,4.089328e-11
216.5178873538971,4.090321e-11
216.6119921207428,4.092428e-11
216.70542931556702,4.09404e-11
216.7987139225006,4.096768e-11
216.89217519760132,4.0964e-11
216.9858672618866,4.099249e-11
217.0792932510376,4.098382e-11
217.17294001579285,4.102845e-11
217.26663494110107,4.103838e-11
217.36050724983215,4.103841e-11
217.45438027381897,4.107803e-11
217.5479552745819,4.107308e-11
217.64166116714478,4.107931e-11
217.73538422584534,4.110166e-11
217.82897305488586,4.109423e-11
217.92211890220642,4.111652e-11
218.01598381996155,4.113637e-11
218.11021542549133,4.114753e-11
218.20388412475586,4.115995e-11
218.29720330238342,4.117481e-11
218.3906490802765,4.119586e-11
218.48406076431274,4.120331e-11
218.58521461486816,4.122315e-11
218.67857575416565,4.122816e-11
218.77218317985535,4.123065e-11
218.86617612838745,4.126655e-11
218.96014165878296,4.126412e-11
219.05386352539062,4.126536e-11
219.14775681495667,4.129885e-11
219.24180603027344,4.129388e-11
219.33548212051392,4.131989e-11
219.42902064323425,4.13162e-11
219.52274131774902,4.133355e-11
219.61675834655762,4.134845e-11
219.71020197868347,4.136454e-11
219.80403876304626,4.135839e-11
219.89783883094788,4.138317e-11
219.99155616760254,4.138687e-11
220.08549332618713,4.14092e-11
220.1792025566101,4.140797e-11
220.27284383773804,4.141171e-11
220.36638808250427,4.144146e-11
220.46013402938843,4.144148e-11
220.55352139472961,4.144643e-11
220.64692425727844,4.145882e-11
220.74313354492188,4.147496e-11
220.83653807640076,4.147124e-11
220.93036484718323,4.151215e-11
221.0242359638214,4.149726e-11
221.11814332008362,4.152207e-11
221.21196055412292,4.151466e-11
221.3149275779724,4.15258e-11
221.40840029716492,4.153573e-11
221.5026559829712,4.155185e-11
221.59623789787292,4.155189e-11
221.69083642959595,4.157294e-11
221.78466773033142,4.159151e-11
221.8788115978241,4.158411e-11
221.97197031974792,4.160516e-11
222.06633853912354,4.160021e-11
222.16111397743225,4.162624e-11
222.25748300552368,4.162377e-11
222.3528871536255,4.164112e-11
222.44699430465698,4.163991e-11
222.54245853424072,4.164611e-11
222.6371397972107,4.166473e-11
222.7320728302002,4.166471e-11
222.8266942501068,4.168704e-11
222.92098951339722,4.168334e-11
223.01609683036804,4.169943e-11
223.11087894439697,4.168206e-11
223.205708026886,4.171183e-11
223.3007218837738,4.172421e-11
223.39551830291748,4.171311e-11
223.4907786846161,4.172795e-11
223.58562779426575,4.175647e-11
223.67964720726013,4.17552e-11
223.7735631465912,4.175771e-11
223.86786580085754,4.176393e-11
223.96256852149963,4.175896e-11
224.05692529678345,4.178874e-11
224.15184092521667,4.179491e-11
224.2613399028778,4.178998e-11
224.35541677474976,4.181354e-11
224.4497528076172,4.180734e-11
224.5439419746399,4.181724e-11
224.63812494277954,4.183708e-11
224.73296523094177,4.18408e-11
224.82754850387573,4.184702e-11
224.92133688926697,4.183957e-11
225.01622343063354,4.184951e-11
225.11100459098816,4.186686e-11
225.20547604560852,4.187924e-11
225.3002791404724,4.186686e-11
225.4007215499878,4.188051e-11
225.49550223350525,4.189042e-11
225.58994150161743,4.189536e-11
225.68471312522888,4.191028e-11
225.7791781425476,4.191768e-11
225.8738729953766,4.19115e-11
225.96834421157837,4.192142e-11
226.06310629844666,4.193258e-11
226.1578299999237,4.192639e-11
226.25212025642395,4.194992e-11
226.35355281829834,4.193879e-11
226.44711899757385,4.194872e-11
226.5417537689209,4.197474e-11
226.6362578868866,4.194629e-11
226.7303385734558,4.19859e-11
226.82447290420532,4.197224e-11
226.91811728477478,4.196981e-11
227.01420736312866,4.199583e-11
227.10949873924255,4.197851e-11
227.20451521873474,4.198841e-11
227.29925537109375,4.199708e-11
227.39358687400818,4.199956e-11
227.48814296722412,4.202063e-11
227.58280301094055,4.202312e-11
227.6768341064453,4.202932e-11
227.77113556861877,4.203182e-11
227.86613488197327,4.203431e-11
227.95949625968933,4.204794e-11
228.05390524864197,4.203927e-11
228.14866709709167,4.204425e-11
228.24300384521484,4.206155e-11
228.33923745155334,4.205415e-11
228.43327951431274,4.207277e-11
228.5276117324829,4.207766e-11
228.62184834480286,4.207893e-11
228.71720790863037,4.207766e-11
228.81201362609863,4.207028e-11
228.9064164161682,4.208885e-11
229.00289344787598,4.209754e-11
229.0975649356842,4.209505e-11
229.19189381599426,4.210252e-11
229.2865469455719,4.210126e-11
229.38121366500854,4.210126e-11
229.48396110534668,4.211986e-11
229.57870364189148,4.213101e-11
229.67349672317505,4.211741e-11
229.76807832717896,4.214219e-11
229.8624496459961,4.212857e-11
229.95922541618347,4.213972e-11
230.0525462627411,4.216075e-11
230.14698934555054,4.213847e-11
230.2422423362732,4.214343e-11
230.33666515350342,4.21645e-11
230.43162202835083,4.21608e-11
230.5265109539032,4.216699e-11
230.62077403068542,4.21645e-11
230.7156205177307,4.216826e-11
230.8105206489563,4.216454e-11
230.90476846694946,4.2167e-11
230.99905610084534,4.218932e-11
231.0937957763672,4.218558e-11
231.18933749198914,4.220665e-11
231.28307938575745,4.220417e-11
231.3767659664154,4.22042e-11
231.47098922729492,4.221163e-11
231.56580567359924,4.22129e-11
231.6609447002411,4.220299e-11
231.75492763519287,4.222156e-11
231.84929943084717,4.220793e-11
231.94300150871277,4.222157e-11
232.0376009941101,4.221661e-11
232.1318120956421,4.222156e-11
232.2263948917389,4.224138e-11
232.3211407661438,4.222158e-11
232.41525030136108,4.223148e-11
232.51038885116577,4.223147e-11
232.60443210601807,4.224266e-11
232.69899106025696,4.224512e-11
232.7930130958557,4.225012e-11
232.88730478286743,4.223646e-11
232.98157620429993,4.22687e-11
233.07596635818481,4.224889e-11
233.1703143119812,4.226745e-11
233.26509761810303,4.227241e-11
233.3588490486145,4.226745e-11
233.45366764068604,4.225753e-11
233.548033952713,4.228231e-11
233.6438570022583,4.226623e-11
233.7388937473297,4.22836e-11
233.83269000053406,4.229226e-11
233.92629480361938,4.230343e-11
234.02081823349,4.229476e-11
234.11641359329224,4.227365e-11
234.21028757095337,4.228112e-11
234.30429220199585,4.22389e-11
234.39893627166748,4.219306e-11
234.49283909797668,4.220791e-11
234.58734345436096,4.22191e-11
234.68081331253052,4.223022e-11
234.7764642238617,4.220295e-11
234.87069582939148,4.217441e-11
234.96410417556763,4.220048e-11
235.05757761001587,4.220543e-11
235.151020526886,4.22005e-11
235.25381016731262,4.218192e-11
235.34785342216492,4.220171e-11
235.44191694259644,4.220545e-11
235.5355978012085,4.225383e-11
235.62923169136047,4.222528e-11
235.72301149368286,4.196728e-11
235.81687927246094,4.180484e-11
235.91092205047607,4.184951e-11
236.0049786567688,4.185447e-11
236.09993481636047,4.189783e-11
236.19403624534607,4.185568e-11
236.28907251358032,4.187806e-11
236.38332104682922,4.199337e-11
236.47812581062317,4.194127e-11
236.57340502738953,4.197352e-11
236.66829085350037,4.203305e-11
236.76393747329712,4.208759e-11
236.85856461524963,4.21211e-11
236.9532392024994,4.209504e-11
237.06246399879456,4.267552e-11
237.15741276741028,4.281689e-11
237.25149965286255,4.303265e-11
237.34607529640198,4.389092e-11
237.44074773788452,4.397275e-11
237.53528928756714,4.421219e-11
237.6292827129364,4.441556e-11
237.72353172302246,4.405717e-11
237.8188455104828,4.358456e-11
237.91337370872498,4.333036e-11
238.0075123310089,4.33229e-11
238.1005983352661,4.349156e-11
238.19525694847107,4.391699e-11
238.2894515991211,4.430019e-11
238.38365530967712,4.422457e-11
238.47840428352356,4.390452e-11
238.57357096672058,4.353621e-11
238.667813539505,4.304633e-11
238.76327657699585,4.311823e-11
238.85965085029602,4.33626e-11
238.9535129070282,4.33576e-11
239.04819059371948,4.32745e-11
239.14351224899292,4.327701e-11
239.23799228668213,4.333031e-11
239.33424592018127,4.302765e-11
239.42887496948242,4.303887e-11
239.52413868904114,4.306865e-11
239.61867904663086,4.320629e-11
239.71364784240723,4.299299e-11
239.80847001075745,4.285654e-11
239.90205311775208,4.278587e-11
239.99644947052002,4.340719e-11
240.09105038642883,4.369743e-11
240.18605518341064,4.342711e-11
240.2803933620453,4.31406e-11
240.37460684776306,4.288135e-11
240.46885871887207,4.265814e-11
240.56318640708923,4.242124e-11
240.6578335762024,4.142904e-11
240.75230956077576,4.138564e-11
240.8467252254486,4.154317e-11
240.941570520401,4.187425e-11
241.03601932525635,4.171926e-11
241.13045859336853,4.142781e-11
241.22574615478516,4.168081e-11
241.31979393959045,4.282801e-11
241.41493821144104,4.359824e-11
241.5089774131775,4.426672e-11
241.60332441329956,4.455199e-11
241.69736981391907,4.467848e-11
241.79287934303284,4.476899e-11
241.88777685165405,4.486203e-11
241.98275184631348,4.487444e-11
242.07627511024475,4.489676e-11
242.17065978050232,4.492654e-11
242.2684190273285,4.493144e-11
242.36305499076843,4.491906e-11
242.46374797821045,4.488557e-11
242.55823683738708,4.487071e-11
242.65280151367188,4.487443e-11
242.7469084262848,4.487693e-11
242.841655254364,4.489058e-11
242.93576169013977,4.488309e-11
243.02989101409912,4.489925e-11
243.12393164634705,4.492404e-11
243.2180631160736,4.500587e-11
243.31247663497925,4.501955e-11
243.4073781967163,4.504806e-11
243.50200057029724,4.505301e-11
243.5959231853485,4.503691e-11
243.69114875793457,4.503936e-11
243.7863254547119,4.504058e-11
243.88098740577698,4.504189e-11
243.97629475593567,4.50344e-11
244.07089185714722,4.501707e-11
244.16533064842224,4.52018e-11
244.25983142852783,4.540525e-11
244.3537049293518,4.551315e-11
244.44848918914795,4.55578e-11
244.54294681549072,4.554536e-11
244.63806438446045,4.563839e-11
244.7315993309021,4.557639e-11
244.825749874115,4.533826e-11
244.91946029663086,4.521176e-11
245.01418161392212,4.51547e-11
245.1088514328003,4.513238e-11
245.20429801940918,4.511502e-11
245.30155897140503,4.510634e-11
245.39604210853577,4.511256e-11
245.49037051200867,4.51014e-11
245.58622002601624,4.510013e-11
245.68028283119202,4.512495e-11
245.77519607543945,4.512992e-11
245.8699176311493,4.514852e-11
245.96417784690857,4.518452e-11
246.05843567848206,4.526883e-11
246.1526472568512,4.527379e-11
246.2472596168518,4.526135e-11
246.3415505886078,4.543628e-11
246.43606209754944,4.550694e-11
246.5312180519104,4.552801e-11
246.62574243545532,4.536058e-11
246.72067832946777,4.508031e-11
246.8156316280365,4.541638e-11
246.9195854663849,4.528245e-11
247.02123165130615,4.570164e-11
247.11567521095276,4.558385e-11
247.21662616729736,4.546479e-11
247.31028938293457,4.549457e-11
247.40532851219177,4.539654e-11
247.5009355545044,4.531224e-11
247.5959758758545,4.528121e-11
247.69014501571655,4.516837e-11
247.78424954414368,4.504555e-11
247.87834572792053,4.499229e-11
247.972829580307,4.495756e-11
248.06848883628845,4.494512e-11
248.16300296783447,4.495503e-11
248.25746083259583,4.492648e-11
248.35280108451843,4.485459e-11
248.44677805900574,4.480124e-11
248.54111790657043,4.47814e-11
248.63649725914001,4.471442e-11
248.7316279411316,4.464994e-11
248.82637643814087,4.457056e-11
248.92036366462708,4.444407e-11
249.01441621780396,4.430642e-11
249.1091194152832,4.417863e-11
249.2044734954834,4.411787e-11
249.29914832115173,4.406951e-11
249.39402890205383,4.403602e-11
249.48856139183044,4.39703e-11
249.58334708213806,4.389713e-11
249.6776316165924,4.390706e-11
249.77291655540466,4.392067e-11
249.8672730922699,4.392314e-11
249.96245002746582,4.388721e-11
250.05671167373657,4.382026e-11
250.15185403823853,4.356225e-11
250.2465305328369,4.350397e-11
250.3410131931305,4.336632e-11
250.43489909172058,4.315549e-11
250.52870345115662,4.308351e-11
250.62358450889587,4.292603e-11
250.71839952468872,4.280819e-11
250.81279230117798,4.26296e-11
250.90730786323547,4.238655e-11
251.0022749900818,4.237413e-11
251.09655499458313,4.231337e-11
251.19102549552917,4.220669e-11
251.3002781867981,4.202438e-11
251.39478158950806,4.208635e-11
251.48921370506287,4.210374e-11
251.58366918563843,4.191775e-11
251.67882418632507,4.165973e-11
251.7730586528778,4.172673e-11
251.86646485328674,4.210993e-11
251.96071457862854,4.20814e-11
252.05485677719116,4.218561e-11
252.1504044532776,4.249315e-11
252.24489974975586,4.268168e-11
252.33883452415466,4.29037e-11
252.43301033973694,4.313682e-11
252.5267367362976,4.297437e-11
252.62103962898254,4.238652e-11
252.7151620388031,4.155927e-11
252.8096580505371,4.062786e-11
252.9034788608551,3.968401e-11
252.99752140045166,3.839542e-11
253.09328269958496,3.692822e-11
253.1875855922699,3.551684e-11
253.28164219856262,3.393431e-11
253.37660384178162,3.236294e-11
253.47080945968628,3.211611e-11
253.56522393226624,3.136577e-11
253.65914463996887,3.007096e-11
253.753986120224,3.501334e-11
253.8485734462738,3.5817e-11
253.94305896759033,3.376071e-11
254.03752493858337,3.266927e-11
254.13237690925598,3.745036e-11
254.22687673568726,3.711426e-11
254.32208776474,3.534199e-11
254.41633820533752,3.408559e-11
254.511155128479,3.399135e-11
254.60576105117798,3.270524e-11
254.6997983455658,3.15617e-11
254.7943263053894,3.188294e-11
254.88947868347168,3.225008e-11
254.98390769958496,3.234431e-11
255.07808589935303,3.068242e-11
255.17193865776062,2.844874e-11
255.26612854003906,2.685877e-11
255.36101961135864,2.554038e-11
255.4561562538147,2.418233e-11
255.55045342445374,2.408932e-11
255.64512419700623,2.357709e-11
255.73957705497742,2.391074e-11
255.83411049842834,2.391446e-11
255.928373336792,2.304504e-11
256.0231363773346,2.129756e-11
256.117559671402,1.954386e-11
256.2119266986847,1.765375e-11
256.3068790435791,1.715517e-11
256.40065455436707,1.659458e-11
256.4961485862732,1.604887e-11
256.5910658836365,1.568921e-11
256.6855664253235,1.539279e-11
256.7793824672699,1.513359e-11
256.87384605407715,1.526753e-11
256.96845388412476,1.542877e-11
257.063339471817,1.599182e-11
257.1580455303192,1.613693e-11
257.2525155544281,1.571154e-11
257.3471074104309,1.551062e-11
257.4414904117584,1.541139e-11
257.5362958908081,1.53159e-11
257.6307454109192,1.446509e-11
257.72514939308167,1.319757e-11
257.8187401294708,1.232816e-11
257.9129571914673,1.18234e-11
258.00748777389526,1.166091e-11
258.1116223335266,1.193006e-11
258.2054355144501,1.219174e-11
258.29929208755493,1.211856e-11
258.43651843070984,1.23939e-11
258.5300188064575,1.246584e-11
258.6249461174011,1.250925e-11
258.7194027900696,1.229221e-11
258.81347370147705,1.217687e-11
258.90819001197815,1.161876e-11
259.00207567214966,1.110034e-11
259.09611797332764,9.862587e-12
259.19071197509766,9.226344e-12
259.28592443466187,8.999383e-12
259.3803663253784,8.88404e-12
259.48221731185913,8.484679e-12
259.57683062553406,8.071689e-12
259.67202043533325,7.692167e-12
259.76698637008667,7.549543e-12
259.8779447078705,7.336225e-12
259.9720742702484,7.570625e-12
260.06683015823364,8.360659e-12
260.1618514060974,1.056704e-11
260.25612592697144,1.190401e-11
260.3505401611328,1.223019e-11
260.4449257850647,1.185937e-11
260.5388870239258,1.271886e-11
260.6336419582367,1.394669e-11
260.72826385498047,1.480864e-11
260.8282401561737,1.615678e-11
260.92358446121216,1.701005e-11
261.0175142288208,1.659829e-11
261.1125934123993,1.63862e-11
261.2072825431824,1.593973e-11
261.30147910118103,1.535063e-11
261.3962745666504,1.426665e-11
261.49118661880493,1.550317e-11
261.5855941772461,1.593973e-11
261.68038868904114,1.525885e-11
261.774955034256,1.572269e-11
261.8695056438446,1.190029e-11
261.964124917984,1.03686e-11
262.0585331916809,1.122933e-11
262.15400075912476,9.881188e-12
262.24915194511414,8.937364e-12
262.34437322616577,8.704201e-12
262.44004797935486,8.416469e-12
262.53457498550415,8.645916e-12
262.6296343803406,9.690195e-12
262.723845243454,8.31973e-12
262.81818866729736,6.894699e-12
262.91266798973083,6.522627e-12
263.00759720802307,5.438666e-12
263.1020333766937,4.946293e-12
263.1959710121155,4.054562e-12
263.29005694389343,3.964026e-12
263.38451504707336,4.188504e-12
263.4789369106293,4.388184e-12
263.5761857032776,3.754427e-12
263.6696274280548,3.079737e-12
263.7641077041626,2.780841e-12
263.85913848876953,2.150801e-12
263.95280408859253,5.384955e-13
264.0470550060272,4.566399e-13
264.14316511154175,1.184658e-12
264.2382206916809,1.533164e-12
264.33238410949707,6.129096e-13
264.4264004230499,1.986709e-13
264.52158856391907,2.792865e-13
264.61603593826294,1.767569e-12
264.70986819267273,4.999623e-12
264.80380511283875,6.37256e-12
264.89796113967896,7.831077e-12
264.9925036430359,1.058936e-11
265.0868310928345,7.73061e-12
265.181622505188,7.491251e-12
265.27592253685,9.484317e-12
265.37049412727356,1.051123e-11
265.4653100967407,1.074811e-11
265.55940079689026,1.334143e-11
265.65422654151917,1.695424e-11
265.7578582763672,1.777157e-11
265.8511188030243,1.824284e-11
265.94487142562866,1.835448e-11
266.0399315357208,1.667519e-11
266.1345725059509,1.719857e-11
266.2298080921173,1.727919e-11
266.3245437145233,1.722834e-11
266.4195535182953,1.698649e-11
266.5141444206238,1.6509e-11
266.608594417572,1.636885e-11
266.7031993865967,1.636142e-11
266.7983310222626,1.746771e-11
266.8935625553131,1.737592e-11
266.98799085617065,1.765251e-11
267.08264684677124,1.746152e-11
267.1771333217621,1.762396e-11
267.27180194854736,1.79452e-11
267.3668909072876,1.858763e-11
267.4606273174286,1.89808e-11
267.55474972724915,1.921394e-11
267.6607050895691,1.943843e-11
267.75558590888977,1.963315e-11
267.8506145477295,1.962941e-11
267.9461336135864,1.951286e-11
268.04017305374146,1.963441e-11
268.13420033454895,1.966043e-11
268.2289135456085,1.978943e-11
268.32369232177734,1.987252e-11
268.41771054267883,1.969641e-11
268.5114758014679,1.948309e-11
268.6060440540314,1.929705e-11
268.69985938072205,1.931938e-11
268.7948262691498,1.954758e-11
268.88980174064636,1.969395e-11
268.98458337783813,1.963689e-11
269.0799832344055,1.97708e-11
269.1745216846466,1.977332e-11
269.2687177658081,1.975222e-11
269.3626868724823,1.976709e-11
269.4574294090271,2.005856e-11
269.552800655365,1.998538e-11
269.64761900901794,2.021853e-11
269.7472004890442,2.023094e-11
269.84069061279297,2.01739e-11
269.9355118274689,2.019374e-11
270.0297303199768,2.008211e-11
270.12432527542114,2.02843e-11
270.23173904418945,2.008956e-11
270.32527923583984,2.017391e-11
270.42031741142273,2.022847e-11
270.51493740081787,2.021854e-11
270.60867404937744,2.021234e-11
270.7022759914398,2.027064e-11
270.7966673374176,2.025327e-11
270.8917303085327,2.022971e-11
270.98540782928467,2.032769e-11
271.0804092884064,2.027063e-11
271.17496395111084,2.021731e-11
271.2706184387207,2.027436e-11
271.3656485080719,2.032149e-11
271.4593529701233,1.993702e-11
271.55355739593506,2.008708e-11
271.6481876373291,2.024582e-11
271.7482900619507,2.001639e-11
271.8418297767639,2.008709e-11
271.93907260894775,2.023343e-11
272.03335905075073,2.013917e-11
272.12777829170227,2.025452e-11
272.22242546081543,2.028179e-11
272.31659507751465,2.025947e-11
272.4110517501831,2.02545e-11
272.50546288490295,2.04542e-11
272.5991225242615,2.066131e-11
272.693311214447,2.067746e-11
272.7876305580139,2.075184e-11
272.882150888443,2.079899e-11
272.97645449638367,2.090562e-11
273.07143211364746,2.092547e-11
273.16520833969116,2.10061e-11
273.26062297821045,2.101229e-11
273.3551299571991,2.098625e-11
273.4503707885742,2.103214e-11
273.5450088977814,2.102967e-11
273.6392662525177,2.100236e-11
273.73378825187683,2.094535e-11
273.82781744003296,2.096021e-11
273.92226934432983,2.095648e-11
274.0162453651428,2.094037e-11
274.1100866794586,2.097137e-11
274.20402455329895,2.099368e-11
274.2978482246399,2.102222e-11
274.3927276134491,2.106562e-11
274.48744654655457,2.107431e-11
274.58176374435425,2.105571e-11
274.6759715080261,2.109167e-11
274.7697949409485,2.111152e-11
274.86950039863586,2.114252e-11
274.96470165252686,2.117601e-11
275.06014037132263,2.122189e-11
275.1544563770294,2.123431e-11
275.250937461853,2.125043e-11
275.34446358680725,2.128142e-11
275.43853783607483,2.128639e-11
275.5329313278198,2.131615e-11
275.6273396015167,2.132607e-11
275.7214889526367,2.13298e-11
275.81527280807495,2.134468e-11
275.90995144844055,2.138185e-11
276.00446486473083,2.137569e-11
276.0984127521515,2.137322e-11
276.19279885292053,2.139305e-11
276.28722953796387,2.139429e-11
276.3816878795624,2.140297e-11
276.47584676742554,2.140173e-11
276.57175612449646,2.139058e-11
276.6653492450714,2.142035e-11
276.7597403526306,2.143646e-11
276.85370230674744,2.14563e-11
276.9475464820862,2.146746e-11
277.0413303375244,2.147243e-11
277.13583874702454,2.147985e-11
277.23022747039795,2.146996e-11
277.3246076107025,2.148607e-11
277.4185035228729,2.149227e-11
277.5130202770233,2.147863e-11
277.6070747375488,2.148482e-11
277.70205307006836,2.149723e-11
277.79630517959595,2.150094e-11
277.89111971855164,2.151583e-11
277.98482632637024,2.151212e-11
278.0799329280853,2.153195e-11
278.1737012863159,2.153074e-11
278.2685170173645,2.15456e-11
278.36301016807556,2.155676e-11
278.4585213661194,2.156295e-11
278.56129574775696,2.156421e-11
278.65592765808105,2.157412e-11
278.74998140335083,2.156916e-11
278.84432196617126,2.161258e-11
278.9383955001831,2.163985e-11
279.0321891307831,2.158158e-11
279.1266393661499,2.162993e-11
279.22067070007324,2.162127e-11
279.31544256210327,2.163366e-11
279.40981888771057,2.165721e-11
279.5056240558624,2.166716e-11
279.6002550125122,2.167584e-11
279.6945290565491,2.168203e-11
279.7881033420563,2.17093e-11
279.8826916217804,2.173782e-11
279.9774658679962,2.173785e-11
280.0717124938965,2.176016e-11
280.1665427684784,2.177628e-11
280.2602880001068,2.177878e-11
280.35577607154846,2.179241e-11
280.45028710365295,2.179367e-11
280.5442941188812,2.181597e-11
280.63843536376953,2.179863e-11
280.74222207069397,2.180606e-11
280.83682775497437,2.18048e-11
280.93129324913025,2.175769e-11
281.02550077438354,2.175893e-11
281.11957120895386,2.179364e-11
281.21352458000183,2.179239e-11
281.30865693092346,2.178993e-11
281.40537452697754,2.178126e-11
281.49951171875,2.178496e-11
281.59412002563477,2.18631e-11
281.68876814842224,2.209627e-11
281.78323245048523,2.204169e-11
281.87709760665894,2.194619e-11
281.9717152118683,2.204169e-11
282.06599855422974,2.221407e-11
282.1608712673187,2.214091e-11
282.25619077682495,2.205534e-11
282.35054302215576,2.20169e-11
282.44499826431274,2.20082e-11
282.5398280620575,2.196727e-11
282.6344690322876,2.193627e-11
282.7281765937805,2.191891e-11
282.82280707359314,2.186931e-11
282.91680908203125,2.186557e-11
283.01126646995544,2.183831e-11
283.1059226989746,2.182712e-11
283.2008469104767,2.161382e-11
283.2955918312073,2.162993e-11
283.39011240005493,2.162496e-11
283.48441767692566,2.160265e-11
283.5793790817261,2.160512e-11
283.67392921447754,2.160885e-11
283.7692894935608,2.162994e-11
283.86272954940796,2.181597e-11
283.95764780044556,2.17118e-11
284.05190563201904,2.171303e-11
284.1464931964874,2.174777e-11
284.2402470111847,2.169194e-11
284.3347656726837,2.173907e-11
284.4290144443512,2.169566e-11
284.5228581428528,2.162125e-11
284.61657190322876,2.166341e-11
284.7110457420349,2.175891e-11
284.8056356906891,2.17899e-11
284.8999044895172,2.175768e-11
284.99390935897827,2.170063e-11
285.08809518814087,2.155429e-11
285.1826322078705,2.147366e-11
285.27764344215393,2.141043e-11
285.3797001838684,2.146002e-11
285.47348284721375,2.149349e-11
285.56836700439453,2.290488e-11
285.66274094581604,2.309464e-11
285.7571368217468,2.321742e-11
285.8513836860657,2.331044e-11
285.9453926086426,2.337494e-11
286.04054403305054,2.33737e-11
286.13479137420654,2.340596e-11
286.22940969467163,2.342579e-11
286.3232116699219,2.345183e-11
286.4180226325989,2.343323e-11
286.51209139823914,2.339356e-11
286.6058750152588,2.3303e-11
286.69993925094604,2.326332e-11
286.79394149780273,2.349399e-11
286.88826727867126,2.340843e-11
286.9824025630951,2.338859e-11
287.07710361480713,2.348037e-11
287.1718649864197,2.347788e-11
287.2657232284546,2.335387e-11
287.3607041835785,2.349402e-11
287.4552445411682,2.346796e-11
287.5488817691803,2.360439e-11
287.6436040401459,2.35895e-11
287.7377667427063,2.350765e-11
287.8319835662842,2.349525e-11
287.92549204826355,2.345182e-11
288.0201749801636,2.353989e-11
288.1141996383667,2.356594e-11
288.2080590724945,2.358701e-11
288.3028962612152,2.336752e-11
288.39729142189026,2.363664e-11
288.4916880130768,2.384004e-11
288.58643770217896,2.374329e-11
288.68209314346313,2.376313e-11
288.7765369415283,2.378421e-11
288.87109899520874,2.376064e-11
288.9667499065399,2.380281e-11
289.0609815120697,2.426419e-11
289.15484261512756,2.39901e-11
289.2492575645447,2.391197e-11
289.34304094314575,2.517328e-11
289.43712639808655,2.534691e-11
289.53104519844055,2.509886e-11
289.62506556510925,2.464246e-11
289.7191879749298,2.437706e-11
289.8136820793152,2.417863e-11
289.90748739242554,2.39157e-11
290.0016074180603,2.371476e-11
290.09609270095825,2.358206e-11
290.1915740966797,2.304753e-11
290.2862765789032,2.33948e-11
290.38470101356506,2.327324e-11
290.4791991710663,2.316907e-11
290.5737314224243,2.302891e-11
290.6681613922119,2.301775e-11
290.76233530044556,2.302148e-11
290.857136964798,2.312688e-11
290.9517002105713,2.309466e-11
291.04543375968933,2.309961e-11
291.14033341407776,2.302272e-11
291.23440742492676,2.267421e-11
291.32842326164246,2.286024e-11
291.4222114086151,2.380778e-11
291.5164108276367,2.455814e-11
291.61477732658386,2.436836e-11
291.70872044563293,2.429767e-11
291.8028004169464,2.394298e-11
291.89767146110535,2.416744e-11
291.99278593063354,2.45296e-11
292.0870945453644,2.540893e-11
292.181259393692,2.584922e-11
292.2755606174469,2.581821e-11
292.37000799179077,2.550941e-11
292.4649293422699,2.617663e-11
292.5589234828949,2.739208e-11
292.65415024757385,2.746896e-11
292.7486398220062,2.752602e-11
292.84351563453674,2.703732e-11
292.9380478858948,2.596209e-11
293.0323398113251,2.549946e-11
293.12673711776733,2.531839e-11
293.22152972221375,2.888531e-11
293.3177762031555,2.528365e-11
293.4121015071869,2.360316e-11
293.50611996650696,2.35833e-11
293.5999982357025,2.359075e-11
293.6942148208618,2.36416e-11
293.7898519039154,2.359322e-11
293.88481307029724,2.341588e-11
293.9793064594269,2.342951e-11
294.07390236854553,2.337493e-11
294.16731309890747,2.332781e-11
294.26183676719666,2.330672e-11
294.3556945323944,2.326953e-11
294.4504292011261,2.322984e-11
294.54466223716736,2.319263e-11
294.63944935798645,2.314053e-11
294.73408222198486,2.222649e-11
294.82797384262085,2.224013e-11
294.9216294288635,2.223517e-11
295.0155203342438,2.204914e-11
295.1099672317505,2.184944e-11
295.20386242866516,2.18445e-11
295.30133509635925,2.202557e-11
295.39519786834717,2.208263e-11
295.4891164302826,2.213346e-11
295.5839378833771,2.215332e-11
295.6784565448761,2.213596e-11
295.77295446395874,2.211115e-11
295.867050409317,2.209377e-11
295.9604821205139,2.208509e-11
296.0544340610504,2.202184e-11
296.148140668869,2.198589e-11
296.24205899238586,2.193504e-11
296.33678126335144,1.989609e-11
296.43136715888977,1.869553e-11
296.5247452259064,2.011685e-11
296.6189796924591,1.993081e-11
296.7139022350311,1.984771e-11
296.80871200561523,1.973981e-11
296.9034767150879,1.819696e-11
296.99794125556946,1.522783e-11
297.09338903427124,1.529356e-11
297.18743109703064,1.531466e-11
297.2822263240814,1.543248e-11
297.3768672943115,1.547589e-11
297.4715964794159,1.524768e-11
297.5660274028778,1.521791e-11
297.66046357154846,1.48012e-11
297.75560092926025,1.49277e-11
297.85012316703796,1.505047e-11
297.9439878463745,1.513978e-11
298.0383412837982,1.524273e-11
298.1325640678406,1.520924e-11
298.2271316051483,1.514349e-11
298.3217191696167,1.518071e-11
298.4166750907898,1.520179e-11
298.51105260849,1.523404e-11
298.60549783706665,1.531342e-11
298.7033407688141,1.54089e-11
298.7987241744995,1.554535e-11
298.89415526390076,1.563959e-11
298.988835811615,1.573262e-11
299.0835130214691,1.582066e-11
299.17798137664795,1.58802e-11
299.2726106643677,1.591368e-11
299.37172746658325,1.60253e-11
299.46531200408936,1.608608e-11
299.5600860118866,1.624109e-11
299.65582609176636,1.640482e-11
299.7498333454132,1.635397e-11
299.8442795276642,1.63676e-11
299.93911242485046,1.639489e-11
300.0342354774475,1.639242e-11
300.12790155410767,1.636886e-11
300.22235441207886,1.638994e-11
300.3163061141968,1.636761e-11
300.41021490097046,1.630683e-11
300.50393629074097,1.654001e-11
300.59910440444946,1.660821e-11
300.6932077407837,1.669256e-11
300.78719091415405,1.668264e-11
300.88211464881897,1.673348e-11
300.9758322238922,1.680047e-11
301.07057905197144,1.677068e-11
301.16446185112,1.678681e-11
301.2586946487427,1.710059e-11
301.3532118797302,1.727423e-11
301.44802021980286,1.708694e-11
301.5425009727478,1.692324e-11
301.6368079185486,1.654124e-11
301.7358343601227,1.664169e-11
301.8305027484894,1.683147e-11
301.924813747406,1.674836e-11
302.01973152160645,1.683517e-11
302.115065574646,1.804441e-11
302.20987582206726,1.845616e-11
302.3042073249817,1.827386e-11
302.39924454689026,1.804069e-11
302.49417781829834,1.79514e-11
302.5891761779785,1.801091e-11
302.68371391296387,1.808161e-11
302.77772974967957,1.798984e-11
302.87245059013367,1.795637e-11
302.9669134616852,1.792413e-11
303.06228518486023,1.793527e-11
303.1566162109375,1.792411e-11
303.2515296936035,1.789064e-11
303.3465087413788,1.755204e-11
303.4418613910675,1.560114e-11
303.5370228290558,1.44378e-11
303.6399624347687,1.539032e-11
303.73536562919617,1.552301e-11
303.8292534351349,1.573508e-11
303.9234495162964,1.60898e-11
304.01772832870483,1.620886e-11
304.1120488643646,1.644326e-11
304.2067217826843,1.67e-11
304.30059456825256,1.697533e-11
304.395361661911,1.708571e-11
304.48991417884827,1.71068e-11
304.58457231521606,1.705842e-11
304.6788308620453,1.699889e-11
304.7729094028473,1.70609e-11
304.8674132823944,1.705717e-11
304.9615902900696,1.70671e-11
305.05609917640686,1.71167e-11
305.1503326892853,1.71378e-11
305.24409341812134,1.709565e-11
305.3396100997925,1.706959e-11
305.43379378318787,1.717253e-11
305.52827739715576,1.727423e-11
305.6220808029175,1.743173e-11
305.7161726951599,1.744289e-11
305.82422614097595,1.741933e-11
305.9188416004181,1.742305e-11
306.01294708251953,1.741808e-11
306.1076238155365,1.722461e-11
306.2018332481384,1.718246e-11
306.29577350616455,1.726926e-11
306.3900647163391,1.738212e-11
306.48422741889954,1.752104e-11
306.5789284706116,1.752349e-11
306.6738166809082,1.7526e-11
306.76781582832336,1.740942e-11
306.8628056049347,1.735485e-11
306.9572443962097,1.739204e-11
307.05189061164856,1.635522e-11
307.1466100215912,1.636761e-11
307.2405059337616,1.640731e-11
307.33431339263916,1.636142e-11
307.4284870624542,1.640358e-11
307.52386689186096,1.642343e-11
307.6185681819916,1.637629e-11
307.71273612976074,1.628079e-11
307.80808305740356,1.538285e-11
307.90225768089294,1.406698e-11
307.9967625141144,1.655365e-11
308.091814994812,1.704478e-11
308.19160866737366,1.706836e-11
308.28572511672974,1.712292e-11
308.3807260990143,1.715268e-11
308.475293636322,1.715641e-11
308.5697023868561,1.693068e-11
308.66698956489563,1.642094e-11
308.7614645957947,1.523404e-11
308.8555886745453,1.581943e-11
308.9502332210541,1.621382e-11
309.0447084903717,1.630684e-11
309.139258146286,1.638498e-11
309.2327253818512,1.645442e-11
309.3269910812378,1.648543e-11
309.42133617401123,1.642837e-11
309.51594948768616,1.636017e-11
309.61056423187256,1.632421e-11
309.7041165828705,1.624732e-11
309.79878211021423,1.624731e-11
309.89271235466003,1.63366e-11
309.98669838905334,1.632421e-11
310.0816099643707,1.62101e-11
310.1761312484741,1.606002e-11
310.27045607566833,1.589385e-11
310.364244222641,1.604888e-11
310.45836544036865,1.626591e-11
310.55159997940063,1.699269e-11
310.6453938484192,1.704973e-11
310.7395279407501,1.708819e-11
310.8332507610321,1.794767e-11
310.9271078109741,2.252785e-11
311.0207531452179,2.620517e-11
311.11469531059265,2.297807e-11
311.2100303173065,1.990228e-11
311.30385184288025,1.823417e-11
311.39925241470337,1.81771e-11
311.4933865070343,1.794518e-11
311.588627576828,1.79365e-11
311.6823499202728,1.779264e-11
311.7773790359497,1.766614e-11
311.87143635749817,1.743668e-11
311.96554374694824,1.63676e-11
312.0619971752167,1.668263e-11
312.15561985969543,1.678557e-11
312.2498126029968,1.678186e-11
312.3437659740448,1.675829e-11
312.43798780441284,1.678309e-11
312.53308939933777,1.67893e-11
312.62760615348816,1.680912e-11
312.72355580329895,1.682897e-11
312.81756067276,1.684634e-11
312.9113607406616,1.686866e-11
313.0054543018341,1.684758e-11
313.1002814769745,1.682775e-11
313.19415378570557,1.683518e-11
313.2879276275635,1.681162e-11
313.38268303871155,1.680789e-11
